Div,date,Time,home_team,away_team,home_goals,away_goals,result,ht_home_goals,ht_away_goals,ht_result,Referee,home_shots,away_shots,home_shots_target,away_shots_target,home_fouls,away_fouls,home_corners,away_corners,home_yellows,away_yellows,home_reds,away_reds,bet365_home,bet365_draw,bet365_away,BWH,BWD,BWA,IWH,IWD,IWA,pinnacle_home,pinnacle_draw,pinnacle_away,WHH,WHD,WHA,VCH,VCD,VCA,max_home,max_draw,max_away,avg_home,avg_draw,avg_away,B365>2.5,B365<2.5,P>2.5,P<2.5,Max>2.5,Max<2.5,Avg>2.5,Avg<2.5,AHh,B365AHH,B365AHA,PAHH,PAHA,MaxAHH,MaxAHA,AvgAHH,AvgAHA,B365CH,B365CD,B365CA,BWCH,BWCD,BWCA,IWCH,IWCD,IWCA,pinnacle_closing_home,pinnacle_closing_draw,pinnacle_closing_away,WHCH,WHCD,WHCA,VCCH,VCCD,VCCA,MaxCH,MaxCD,MaxCA,AvgCH,AvgCD,AvgCA,B365C>2.5,B365C<2.5,PC>2.5,PC<2.5,MaxC>2.5,MaxC<2.5,AvgC>2.5,AvgC<2.5,AHCh,B365CAHH,B365CAHA,PCAHH,PCAHA,MaxCAHH,MaxCAHA,AvgCAHH,AvgCAHA,total_goals,goal_diff,over_2.5,over_3.5,btts,implied_home_prob,implied_draw_prob,implied_away_prob,margin,fair_home_prob,fair_draw_prob,fair_away_prob,source,scraped_at
E0,2023-08-11,20:00,Burnley,Man City,0,3,A,0,2,A,C Pawson,6,17,1,8,11,8,6,5,0,0,1,0,8.0,5.5,1.33,8.75,5.25,1.34,8.0,5.5,1.35,8.58,5.51,1.37,8.0,5.0,1.25,9.5,5.25,1.33,9.5,5.68,1.39,9.02,5.35,1.35,1.67,2.2,1.68,2.29,1.71,2.4,1.65,2.27,1.5,1.86,2.07,1.86,2.07,1.93,2.09,1.85,2.03,9.0,5.25,1.33,8.75,5.25,1.33,8.5,5.25,1.35,9.62,5.81,1.33,7.5,4.6,1.29,10.5,5.25,1.3,10.5,5.81,1.36,9.27,5.45,1.33,1.67,2.2,1.65,2.35,1.73,2.45,1.64,2.28,1.5,1.95,1.98,1.95,1.97,,,1.92,1.95,3,-3,1,0,0,0.11655011655011654,0.18148820326678766,0.7299270072992701,0.027965327116174166,0.11337942387325753,0.17655089960663334,0.7100696765201092,football-data.co.uk,2026-08-10T00:34:19.480312
E0,2023-08-12,12:30,Arsenal,Nott'm Forest,2,1,H,2,0,H,M Oliver,15,6,7,2,12,12,8,3,2,2,0,0,1.18,7.0,15.0,1.17,7.5,15.5,1.2,7.25,14.0,1.18,7.86,15.67,1.12,6.5,12.0,1.14,7.5,17.0,1.21,8.5,17.5,1.18,7.64,15.67,1.44,2.75,1.42,2.93,1.45,2.98,1.42,2.85,-2.0,1.88,2.02,1.88,2.01,1.91,2.06,1.87,1.99,1.18,7.0,15.0,1.18,7.0,14.5,1.2,7.0,14.0,1.19,8.0,16.0,1.12,6.5,12.0,1.22,7.0,13.0,1.22,8.4,19.0,1.19,7.43,15.98,1.5,2.63,1.49,2.65,1.52,2.79,1.49,2.63,-2.0,1.95,1.98,1.93,1.97,2.01,2.09,1.95,1.92,3,1,1,0,1,0.8474576271186441,0.1272264631043257,0.06381620931716656,0.03850029954013645,0.8160398485141613,0.12250979914080284,0.06145035234503575,football-data.co.uk,2026-08-10T00:34:19.480312
E0,2023-08-12,15:00,Bournemouth,West Ham,1,1,D,0,0,D,P Bankes,14,16,5,3,9,14,10,4,1,4,0,0,2.7,3.4,2.55,2.65,3.4,2.55,2.7,3.45,2.6,2.7,3.47,2.71,2.62,3.2,2.3,2.63,3.3,2.63,2.8,3.62,2.75,2.69,3.44,2.64,1.9,2.0,1.9,1.99,1.95,2.03,1.88,1.94,0.0,1.95,1.95,1.95,1.95,1.98,1.99,1.94,1.92,2.63,3.5,2.6,2.65,3.5,2.5,2.6,3.5,2.6,2.75,3.6,2.63,2.5,3.2,2.45,2.63,3.5,2.6,2.88,3.67,2.7,2.7,3.53,2.59,1.73,2.1,1.76,2.18,1.83,2.23,1.74,2.12,0.0,2.02,1.91,2.01,1.92,2.06,1.96,1.96,1.91,2,0,0,0,1,0.37037037037037035,0.2881844380403458,0.36900369003690037,0.027558498447616486,0.36043726068141835,0.2804555054293457,0.359107233889236,football-data.co.uk,2026-08-10T00:34:19.480312
E0,2023-08-12,15:00,Brighton,Luton,4,1,H,1,0,H,D Coote,27,9,12,3,11,12,6,7,2,2,0,0,1.33,5.5,9.0,1.32,5.5,9.0,1.35,5.25,8.5,1.33,5.65,9.61,1.25,4.6,8.5,1.29,5.25,10.0,1.36,6.0,10.5,1.33,5.52,9.61,1.62,2.3,1.62,2.4,1.65,2.45,1.61,2.34,-1.5,1.95,1.95,1.95,1.95,1.98,2.0,1.93,1.93,1.25,6.5,11.0,1.26,6.0,11.0,1.3,5.5,9.5,1.27,6.36,11.36,1.22,5.5,9.0,1.25,5.75,13.0,1.34,6.59,13.0,1.28,5.99,10.91,1.53,2.5,1.56,2.54,1.62,2.66,1.55,2.48,-1.75,2.01,1.92,2.0,1.91,2.14,1.93,2.0,1.86,5,3,1,1,1,0.7518796992481203,0.17699115044247787,0.10405827263267431,0.03292912232327261,0.7279102534712026,0.1713487853303893,0.10074096119840788,football-data.co.uk,2026-08-10T00:34:19.480312
E0,2023-08-12,15:00,Everton,Fulham,0,1,A,0,0,D,S Attwell,19,9,9,2,12,6,10,4,0,2,0,0,2.2,3.4,3.3,2.2,3.4,3.25,2.25,3.4,3.25,2.27,3.45,3.35,2.1,3.2,3.0,2.2,3.3,3.25,2.3,3.57,3.45,2.24,3.43,3.3,2.01,1.89,2.0,1.89,2.04,1.92,1.97,1.86,-0.25,1.93,1.97,1.95,1.95,1.97,2.0,1.92,1.93,2.3,3.2,3.2,2.35,3.2,3.1,2.35,3.25,3.15,2.39,3.32,3.3,2.1,3.2,3.0,2.38,3.2,3.2,2.42,3.42,3.56,2.32,3.28,3.27,2.1,1.73,2.23,1.72,2.26,1.81,2.17,1.71,-0.25,2.06,1.87,2.04,1.88,2.08,1.99,1.98,1.88,1,-1,0,0,0,0.44052863436123346,0.2898550724637681,0.29850746268656714,0.02889116951156878,0.4281586307814844,0.28171596865912163,0.2901254005593939,football-data.co.uk,2026-08-10T00:34:19.480312
E0,2023-08-12,15:00,Sheffield United,Crystal Palace,0,1,A,0,0,D,J Brooks,8,24,1,8,18,11,5,5,3,0,0,0,3.0,3.3,2.38,3.0,3.25,2.4,3.0,3.25,2.4,3.28,3.22,2.43,2.75,3.1,2.3,3.1,3.1,2.38,3.31,3.42,2.48,3.12,3.24,2.41,2.2,1.67,2.26,1.69,2.28,1.74,2.21,1.68,0.25,1.84,2.06,1.85,2.06,1.86,2.11,1.81,2.05,3.6,3.2,2.15,3.75,3.1,2.15,3.7,3.15,2.15,3.98,3.22,2.17,3.5,2.88,2.05,3.9,3.1,2.1,4.0,3.28,2.23,3.81,3.16,2.16,2.5,1.53,2.59,1.56,2.65,1.57,2.54,1.53,0.25,2.1,1.83,2.1,1.84,2.12,1.86,2.05,1.83,1,-1,0,0,0,0.3048780487804878,0.3105590062111801,0.4115226337448559,0.026959688736523768,0.2968744071693618,0.30240622842096476,0.4007193644096735,football-data.co.uk,2026-08-10T00:34:19.480312
E0,2023-08-12,17:30,Newcastle,Aston Villa,5,1,H,2,1,H,A Madley,17,16,13,6,12,17,6,5,4,4,0,0,1.75,3.75,4.6,1.73,3.9,4.4,1.75,3.85,4.5,1.77,3.92,4.77,1.67,3.5,4.2,1.73,3.7,4.6,1.8,4.1,4.9,1.76,3.88,4.61,1.73,2.1,1.79,2.11,1.82,2.15,1.76,2.09,-0.75,2.01,1.89,1.99,1.92,2.02,1.94,1.97,1.89,1.62,4.0,5.25,1.65,4.0,5.0,1.63,4.1,5.25,1.68,4.2,5.29,1.55,3.8,4.6,1.6,4.1,5.5,1.71,4.3,5.64,1.65,4.14,5.17,1.67,2.2,1.72,2.23,1.73,2.34,1.68,2.22,-0.75,1.84,2.09,1.85,2.09,1.87,2.13,1.82,2.06,6,4,1,1,1,0.5649717514124294,0.25510204081632654,0.20964360587002098,0.029717398098777048,0.5486668016443806,0.24773985686493716,0.20359334149068212,football-data.co.uk,2026-08-10T00:34:19.480312
E0,2023-08-13,14:00,Brentford,Tottenham,2,2,D,2,2,D,R Jones,11,18,6,6,12,13,3,6,1,4,0,0,2.75,3.4,2.45,2.7,3.6,2.45,2.85,3.6,2.35,2.76,3.65,2.55,2.5,3.4,2.3,2.7,3.5,2.45,2.85,3.83,2.6,2.73,3.63,2.5,1.73,2.1,1.71,2.23,1.76,2.25,1.7,2.18,0.0,2.03,1.87,2.03,1.88,2.05,1.92,2.01,1.86,2.5,3.6,2.63,2.5,3.4,2.7,2.55,3.5,2.7,2.62,3.54,2.8,2.4,3.25,2.5,2.55,3.5,2.7,2.81,3.7,2.8,2.6,3.52,2.7,1.73,2.1,1.77,2.16,1.78,2.29,1.72,2.15,0.0,1.88,2.02,1.89,2.03,1.95,2.05,1.89,1.98,4,0,1,1,1,0.3623188405797102,0.273972602739726,0.3921568627450981,0.02844830606453419,0.35229659910293537,0.26639414069153466,0.3813092602055301,football-data.co.uk,2026-08-10T00:34:19.480312
E0,2023-08-13,16:30,Chelsea,Liverpool,1,1,D,1,1,D,A Taylor,10,13,4,1,5,12,4,4,3,3,0,0,2.9,3.4,2.38,2.8,3.6,2.35,2.75,3.65,2.4,2.97,3.64,2.4,2.75,3.25,2.2,2.88,3.5,2.3,3.05,3.82,2.48,2.87,3.64,2.39,1.67,2.2,1.68,2.28,1.73,2.36,1.67,2.24,0.25,1.81,2.09,1.83,2.08,1.89,2.12,1.81,2.04,3.1,3.6,2.15,3.0,3.75,2.2,2.95,3.5,2.35,3.21,3.89,2.2,2.8,3.4,2.1,3.0,3.75,2.2,3.45,3.94,2.4,3.04,3.75,2.26,1.53,2.5,1.53,2.66,1.58,2.66,1.54,2.52,0.25,1.98,1.92,2.0,1.93,2.03,2.08,1.91,1.96,2,0,0,0,1,0.33670033670033667,0.2747252747252747,0.4166666666666667,0.0280922780922781,0.32750011246569793,0.26721849835800077,0.40528138917630124,football-data.co.uk,2026-08-10T00:34:19.480312
E0,2023-08-14,20:00,Man United,Wolves,1,0,H,0,0,D,S Hooper,15,23,3,6,14,10,8,7,2,3,0,0,1.33,5.5,9.0,1.3,5.75,9.5,1.33,5.5,9.0,1.32,5.79,9.66,1.22,4.8,9.0,1.29,5.25,10.5,1.34,6.0,11.0,1.31,5.65,9.85,1.62,2.3,1.6,2.44,1.64,2.47,1.6,2.38,-1.5,1.99,1.91,1.92,1.99,1.99,2.08,1.89,1.97,1.25,6.0,10.0,1.26,6.0,11.0,1.3,5.75,10.0,1.27,6.3,12.25,1.2,5.5,9.5,1.25,6.0,12.0,1.33,8.67,13.0,1.27,6.12,10.96,1.62,2.3,1.63,2.38,1.68,2.47,1.6,2.37,-1.5,1.8,2.0,1.82,2.08,1.88,2.14,1.82,2.05,1,1,0,0,0,0.7575757575757576,0.17271157167530224,0.10351966873706003,0.033806997988119925,0.732801924392142,0.16706365115675775,0.10013442445110014,football-data.co.uk,2026-08-10T00:34:19.480312
E0,2023-08-18,19:45,Nott'm Forest,Sheffield United,2,1,H,1,0,H,P Bankes,16,7,4,3,5,9,6,7,2,3,0,0,1.95,3.4,4.0,1.93,3.4,4.1,1.95,3.4,4.1,1.97,3.48,4.37,1.8,3.2,3.9,1.93,3.3,4.33,2.0,3.6,4.5,1.95,3.43,4.25,2.2,1.67,2.28,1.69,2.33,1.73,2.24,1.67,-0.5,1.98,1.95,1.97,1.95,2.01,1.96,1.96,1.91,1.91,3.4,4.2,1.93,3.4,4.1,1.95,3.4,4.2,1.94,3.51,4.48,1.8,3.2,3.9,1.93,3.3,4.4,2.0,3.55,4.78,1.93,3.44,4.33,2.2,1.67,2.27,1.7,2.31,1.75,2.23,1.67,-0.5,1.94,1.99,1.94,1.98,2.01,2.0,1.93,1.94,3,1,1,0,1,0.5076142131979695,0.28735632183908044,0.22883295194508008,0.023803486982129973,0.4958121550203605,0.2806752716638248,0.2235125733158147,football-data.co.uk,2026-08-10T00:34:19.480312
E0,2023-08-19,15:00,Fulham,Brentford,0,3,A,0,1,A,D Bond,10,17,2,8,13,12,5,5,2,2,1,0,2.7,3.3,2.63,2.65,3.4,2.6,2.7,3.4,2.6,2.76,3.43,2.67,2.5,3.2,2.45,2.63,3.3,2.6,2.8,3.58,2.73,2.72,3.4,2.63,1.96,1.94,1.95,1.93,2.01,1.97,1.93,1.9,0.0,1.98,1.92,1.98,1.93,2.01,1.95,1.96,1.9,2.8,3.2,2.63,2.87,3.1,2.6,2.8,3.15,2.7,2.87,3.22,2.75,2.62,3.0,2.45,2.8,3.2,2.63,2.95,3.35,2.83,2.82,3.19,2.69,2.1,1.73,2.19,1.75,2.21,1.81,2.14,1.73,0.0,2.01,1.92,2.0,1.92,2.02,1.98,1.97,1.9,3,-3,1,0,0,0.3623188405797102,0.29154518950437314,0.37453183520599254,0.02839586529007576,0.3523145636894527,0.28349510081133794,0.3641903354992095,football-data.co.uk,2026-08-10T00:34:19.480312
E0,2023-08-19,15:00,Liverpool,Bournemouth,3,1,H,2,1,H,T Bramall,26,13,10,5,11,13,10,2,1,3,1,0,1.2,7.0,13.0,1.23,6.5,13.0,1.25,6.75,11.0,1.23,7.14,11.46,1.17,6.0,10.0,1.2,6.5,13.0,1.26,7.5,13.0,1.23,6.86,11.82,1.33,3.4,1.34,3.33,1.37,3.4,1.35,3.21,-2.0,2.04,1.86,2.03,1.86,2.07,1.89,2.02,1.85,1.2,7.5,12.0,1.2,7.5,12.0,1.22,7.25,11.0,1.2,8.25,13.0,1.17,6.0,10.0,1.2,7.5,12.0,1.23,8.6,14.5,1.2,7.69,12.7,1.25,4.0,1.33,3.48,1.32,4.0,1.28,3.77,-2.0,1.86,2.07,1.85,2.08,1.91,2.11,1.84,2.03,4,2,1,1,1,0.8130081300813008,0.1400560224089636,0.08726003490401396,0.040324187394278344,0.7814949800577637,0.13462728648053912,0.08387773346169715,football-data.co.uk,2026-08-10T00:34:19.480312
E0,2023-08-19,15:00,Wolves,Brighton,1,4,A,0,1,A,A Madley,16,16,5,8,14,11,5,3,3,6,1,0,4.0,3.8,1.85,3.75,3.75,1.9,3.9,3.8,1.9,4.12,3.92,1.88,3.5,3.4,1.83,4.1,3.6,1.83,4.25,4.0,1.97,4.0,3.81,1.89,1.73,2.1,1.75,2.17,1.8,2.18,1.74,2.12,0.5,2.03,1.87,2.03,1.88,2.05,1.91,1.99,1.87,4.2,4.0,1.8,4.0,4.0,1.8,4.1,4.0,1.8,4.11,4.21,1.83,3.8,3.5,1.73,4.4,4.0,1.75,4.4,4.21,1.88,4.17,4.06,1.81,1.53,2.5,1.55,2.6,1.61,2.6,1.56,2.46,0.75,1.88,2.05,1.87,2.06,1.91,2.08,1.85,2.01,5,-3,1,1,1,0.24271844660194175,0.25510204081632654,0.5319148936170213,0.02973538103528961,0.23570953380072668,0.24773553042321272,0.5165549357760606,football-data.co.uk,2026-08-10T00:34:19.480312
E0,2023-08-19,17:30,Tottenham,Man United,2,0,H,0,0,D,M Oliver,17,22,6,6,9,8,5,6,1,3,0,0,2.8,3.6,2.38,2.8,3.6,2.3,2.8,3.65,2.35,2.85,3.82,2.41,2.62,3.5,2.15,2.88,3.6,2.3,2.95,3.96,2.46,2.84,3.75,2.37,1.57,2.38,1.58,2.48,1.64,2.55,1.57,2.44,0.25,1.82,2.08,1.82,2.1,1.85,2.13,1.81,2.05,3.0,3.75,2.2,2.95,3.75,2.2,3.05,3.5,2.3,3.07,3.87,2.28,2.62,3.5,2.15,3.0,3.75,2.2,3.38,3.96,2.33,3.01,3.78,2.25,1.53,2.5,1.54,2.61,1.55,2.65,1.51,2.54,0.25,1.94,1.99,1.93,2.0,2.02,2.0,1.89,1.96,2,2,0,0,0,0.3508771929824561,0.2617801047120419,0.41493775933609955,0.027595057030597392,0.3414547302284352,0.2547502568458221,0.4037950129257429,football-data.co.uk,2026-08-10T00:34:19.480312
E0,2023-08-19,20:00,Man City,Newcastle,1,0,H,1,0,H,R Jones,14,7,4,1,12,11,3,0,1,5,0,0,1.67,4.0,5.0,1.68,4.0,4.75,1.7,4.0,4.7,1.73,4.1,4.8,1.57,3.7,4.6,1.65,3.9,5.0,1.75,4.3,5.2,1.7,4.07,4.83,1.73,2.1,1.75,2.17,1.76,2.26,1.72,2.15,-0.75,1.92,1.98,1.93,1.97,1.94,2.03,1.88,1.97,1.83,3.75,4.33,1.83,3.6,4.2,1.8,3.75,4.3,1.87,3.84,4.37,1.7,3.4,4.2,1.87,3.7,4.1,1.91,4.05,4.76,1.84,3.78,4.32,1.85,2.05,1.86,2.05,1.89,2.2,1.8,2.04,-0.5,1.87,2.06,1.87,2.06,1.89,2.09,1.85,2.03,1,1,0,0,0,0.5780346820809249,0.24390243902439027,0.20833333333333334,0.03027045443864851,0.5610514012030675,0.23673632294666022,0.20221227585027224,football-data.co.uk,2026-08-10T00:34:19.480312
E0,2023-08-20,14:00,Aston Villa,Everton,4,0,H,2,0,H,A Taylor,13,9,7,2,8,12,7,6,3,4,0,0,1.7,4.0,4.5,1.66,3.9,5.0,1.7,3.95,4.7,1.72,3.99,5.06,1.6,3.5,4.75,1.67,3.75,5.0,1.76,4.1,5.4,1.7,3.91,5.0,1.92,1.98,1.91,1.98,1.96,2.02,1.89,1.94,-0.75,1.91,1.99,1.93,1.98,1.95,2.01,1.89,1.96,1.8,3.8,4.2,1.82,3.75,4.1,1.83,3.8,4.1,1.85,3.92,4.38,1.75,3.5,3.75,1.8,3.8,4.4,1.91,3.92,4.68,1.84,3.82,4.24,1.73,2.1,1.78,2.14,1.82,2.23,1.76,2.09,-0.75,2.03,1.78,2.09,1.83,2.15,1.87,2.07,1.8,4,4,1,1,0,0.5813953488372093,0.2506265664160401,0.19762845849802374,0.029650373751273218,0.5646531712692349,0.24340938711355484,0.19193744161721027,football-data.co.uk,2026-08-10T00:34:19.480312
E0,2023-08-20,16:30,West Ham,Chelsea,3,1,H,1,1,D,J Brooks,12,17,6,4,12,9,3,9,2,3,1,0,3.75,3.5,2.0,3.75,3.6,1.95,3.55,3.5,2.05,3.68,3.57,2.1,3.6,3.3,1.85,3.7,3.4,2.0,3.86,3.75,2.12,3.66,3.57,2.04,1.96,1.94,1.95,1.93,1.98,2.0,1.92,1.91,0.5,1.82,2.08,1.83,2.1,1.85,2.11,1.82,2.06,3.1,3.6,2.15,3.2,3.5,2.15,3.2,3.55,2.2,3.25,3.65,2.27,3.1,3.2,2.05,3.5,3.5,2.1,3.6,3.75,2.3,3.27,3.59,2.18,1.73,2.1,1.75,2.19,1.93,2.26,1.77,2.09,0.25,1.96,1.97,1.95,1.97,2.06,1.99,1.97,1.89,4,2,1,1,1,0.2717391304347826,0.2801120448179272,0.47619047619047616,0.028041651443186044,0.2643269657929809,0.2724714941507478,0.46320154005627123,football-data.co.uk,2026-08-10T00:34:19.480312
E0,2023-08-21,20:00,Crystal Palace,Arsenal,0,1,A,0,0,D,D Coote,14,14,2,3,14,10,1,8,2,1,0,1,5.5,4.0,1.6,5.75,4.1,1.57,5.75,4.1,1.6,5.73,4.12,1.63,5.5,3.9,1.44,6.0,3.9,1.55,6.0,4.33,1.68,5.79,4.06,1.6,1.94,1.96,1.95,1.93,2.0,1.97,1.92,1.9,1.0,1.84,2.06,1.81,2.11,1.88,2.16,1.82,2.05,4.2,3.4,1.91,4.1,3.5,1.88,4.2,3.5,1.9,4.51,3.53,1.93,4.0,3.4,1.73,4.5,3.6,1.83,4.95,3.9,1.98,4.42,3.55,1.89,2.0,1.8,2.12,1.79,2.14,1.93,2.05,1.8,0.5,2.0,1.93,2.0,1.93,2.19,1.96,2.01,1.87,1,-1,0,0,0,0.17452006980802792,0.24271844660194175,0.6134969325153374,0.030735448925307107,0.16931606455370357,0.23548083735260228,0.5952030980936941,football-data.co.uk,2026-08-10T00:34:19.480312
E0,2023-08-25,20:00,Chelsea,Luton,3,0,H,1,0,H,R Jones,19,11,8,1,15,12,6,4,2,3,0,0,1.29,5.5,11.0,1.31,5.5,9.5,1.3,5.75,10.0,1.3,6.08,10.68,1.2,5.5,9.0,1.25,6.0,11.0,1.33,6.5,13.0,1.29,5.86,10.78,1.67,2.2,1.68,2.3,1.71,2.42,1.66,2.27,-1.5,1.95,1.98,1.93,1.99,1.97,2.09,1.89,1.98,1.25,6.0,11.0,,,,1.27,5.75,11.0,1.27,6.25,12.5,1.18,5.5,10.0,1.25,6.0,12.0,1.3,6.6,14.0,1.26,6.12,12.06,1.62,2.3,1.63,2.4,1.67,2.45,1.63,2.33,-1.75,2.05,1.75,2.1,1.81,2.13,1.94,2.01,1.84,3,3,1,0,0,0.7692307692307692,0.16447368421052633,0.09363295880149813,0.027337412242793624,0.7487615656393273,0.1600970452847246,0.0911413890759481,football-data.co.uk,2026-08-10T00:34:19.480312
E0,2023-08-26,12:30,Bournemouth,Tottenham,0,2,A,0,1,A,T Robinson,11,17,3,6,18,11,6,2,1,3,0,0,3.8,3.75,1.91,3.5,3.9,1.93,3.6,3.9,1.95,3.72,4.04,1.95,3.4,3.5,1.83,3.5,3.75,1.95,3.95,4.1,2.05,3.67,3.94,1.95,1.53,2.5,1.56,2.56,1.59,2.6,1.55,2.47,0.5,1.96,1.94,1.95,1.95,1.99,1.99,1.93,1.94,3.5,3.8,2.0,,,,3.45,3.85,2.0,3.47,3.89,2.09,3.4,3.5,1.83,3.4,3.8,2.05,3.91,4.0,2.1,3.47,3.86,2.03,1.57,2.38,1.56,2.54,1.61,2.63,1.55,2.5,0.5,1.84,2.09,1.85,2.09,1.89,2.09,1.84,2.04,2,-2,0,0,0,0.26881720430107525,0.24752475247524752,0.5128205128205129,0.02916246959683555,0.26119996817060553,0.24051086178085462,0.4982891700485399,football-data.co.uk,2026-08-10T00:34:19.480312
E0,2023-08-26,15:00,Arsenal,Fulham,2,2,D,0,1,A,P Tierney,19,8,11,3,6,5,8,3,0,3,0,1,1.2,7.0,13.0,1.22,6.75,12.5,1.22,6.75,12.0,1.24,6.07,15.25,1.15,6.0,11.0,1.2,6.5,12.0,1.27,7.27,15.25,1.23,6.49,13.35,1.44,2.75,1.5,2.63,1.53,2.8,1.48,2.67,-1.75,1.85,2.05,1.85,2.05,1.89,2.09,1.84,2.03,1.3,5.75,10.0,,,,1.27,5.75,11.0,1.29,6.29,10.32,1.17,5.8,11.0,1.25,6.0,11.0,1.31,6.5,13.5,1.27,5.98,10.95,1.5,2.63,1.53,2.64,1.54,2.68,1.51,2.58,-1.75,2.04,1.89,2.08,1.85,2.09,1.99,1.98,1.88,4,0,1,1,1,0.8064516129032259,0.16474464579901152,0.06557377049180328,0.03677002919404071,0.7778500440740377,0.15890182119469629,0.06324813473126602,football-data.co.uk,2026-08-10T00:34:19.480312
E0,2023-08-26,15:00,Brentford,Crystal Palace,1,1,D,1,0,H,P Bankes,12,15,1,5,9,15,8,6,0,0,0,0,2.15,3.4,3.5,2.1,3.4,3.6,2.15,3.35,3.4,2.17,3.43,3.62,1.95,3.2,3.4,2.1,3.2,3.6,2.2,3.54,3.75,2.14,3.41,3.57,2.1,1.73,2.2,1.72,2.21,1.78,2.13,1.74,-0.25,1.87,2.03,1.87,2.05,1.88,2.09,1.84,2.02,2.15,3.4,3.5,,,,2.15,3.3,3.55,2.16,3.37,3.81,1.95,3.2,3.4,2.1,3.25,3.75,2.2,3.45,3.86,2.15,3.33,3.67,2.2,1.67,2.33,1.67,2.34,1.74,2.25,1.67,-0.25,1.85,2.08,1.85,2.09,1.88,2.09,1.83,2.04,2,0,0,0,1,0.4608294930875576,0.29154518950437314,0.27624309392265195,0.02861777651458275,0.44800848634859697,0.28343394034298985,0.2685575733084131,football-data.co.uk,2026-08-10T00:34:19.480312
E0,2023-08-26,15:00,Everton,Wolves,0,1,A,0,0,D,C Pawson,15,11,7,2,10,14,7,0,3,4,0,0,2.3,3.3,3.2,2.3,3.3,3.1,2.3,3.3,3.15,2.34,3.32,3.34,2.2,3.0,3.0,2.25,3.3,3.13,2.42,3.48,3.4,2.32,3.31,3.24,2.1,1.73,2.15,1.76,2.2,1.8,2.12,1.74,-0.25,2.02,1.88,2.0,1.91,2.05,1.94,1.98,1.87,2.4,3.3,2.9,,,,2.4,3.35,2.95,2.45,3.38,3.14,2.25,3.1,2.8,2.38,3.4,3.0,2.5,3.46,3.21,2.43,3.36,3.02,1.99,1.91,2.01,1.9,2.12,1.95,1.97,1.88,-0.25,2.11,1.82,2.1,1.84,2.2,1.85,2.08,1.81,1,-1,0,0,0,0.4273504273504274,0.30120481927710846,0.29940119760479045,0.027956444232326128,0.4157281466040821,0.29301321176311806,0.2912586416328,football-data.co.uk,2026-08-10T00:34:19.480312
E0,2023-08-26,15:00,Man United,Nott'm Forest,3,2,H,1,2,A,S Attwell,18,9,9,4,13,11,11,3,4,4,0,1,1.3,6.0,8.0,1.31,5.75,8.75,1.33,5.75,8.75,1.32,5.98,9.11,1.25,5.0,8.0,1.29,5.5,10.0,1.34,6.2,10.0,1.31,5.79,9.23,1.5,2.63,1.53,2.61,1.55,2.63,1.52,2.56,-1.5,1.89,2.01,1.9,2.01,1.94,2.04,1.88,1.98,1.36,5.0,8.0,,,,1.37,5.25,8.25,1.38,5.3,8.51,1.25,5.0,8.0,1.33,5.5,8.0,1.41,5.75,8.83,1.36,5.26,8.13,1.57,2.38,1.59,2.48,1.68,2.55,1.55,2.45,-1.5,2.06,1.87,2.06,1.88,2.09,1.93,2.01,1.85,5,1,1,1,1,0.7575757575757576,0.16722408026755853,0.10976948408342481,0.03456932192674089,0.7322619582077675,0.16163641886860422,0.10610162292362824,football-data.co.uk,2026-08-10T00:34:19.480312
E0,2023-08-26,17:30,Brighton,West Ham,1,3,A,0,1,A,A Taylor,25,12,10,3,10,9,17,4,1,3,0,0,1.53,4.75,5.25,1.52,4.6,5.5,1.53,4.7,5.5,1.54,4.74,5.81,1.4,4.2,5.8,1.5,4.5,5.75,1.58,4.9,6.0,1.53,4.67,5.73,1.5,2.63,1.49,2.72,1.52,2.73,1.49,2.63,-1.0,1.86,2.04,1.88,2.03,1.9,2.09,1.85,2.01,1.5,4.75,5.5,,,,1.55,4.6,5.5,1.5,4.95,6.25,1.4,4.2,5.8,1.5,4.6,6.0,1.57,5.1,6.7,1.51,4.78,5.91,1.44,2.75,1.49,2.73,1.51,2.89,1.48,2.69,-1.25,2.08,1.85,2.1,1.87,2.15,1.91,2.06,1.82,4,-2,1,1,1,0.6493506493506493,0.21097046413502107,0.17211703958691912,0.03243815307258946,0.6289487146693951,0.20434198746642793,0.16670929786417704,football-data.co.uk,2026-08-10T00:34:19.480312
E0,2023-08-27,14:00,Burnley,Aston Villa,1,3,A,0,2,A,M Salisbury,9,16,2,6,12,11,4,6,2,0,0,0,3.4,3.4,2.15,3.3,3.5,2.15,3.25,3.5,2.2,3.39,3.65,2.18,3.2,3.25,2.0,3.4,3.4,2.1,3.46,3.7,2.22,3.36,3.55,2.16,1.86,2.04,1.86,2.03,1.92,2.06,1.85,1.99,0.25,2.02,1.88,2.02,1.88,2.05,1.91,1.99,1.85,3.2,3.4,2.25,,,,3.1,3.5,2.25,3.24,3.6,2.29,2.8,3.3,2.15,3.3,3.5,2.15,3.66,3.7,2.32,3.21,3.54,2.24,1.8,2.0,1.81,2.09,1.84,2.13,1.8,2.06,0.25,1.93,2.0,1.94,1.98,2.04,2.02,1.92,1.94,4,-2,1,1,1,0.2949852507374631,0.273972602739726,0.4587155963302752,0.027673449807464223,0.2870418135184177,0.266594999404777,0.44636318707680545,football-data.co.uk,2026-08-10T00:34:19.480312
E0,2023-08-27,14:00,Sheffield United,Man City,1,2,A,0,0,D,J Gillett,6,30,2,9,11,2,1,12,3,0,0,0,13.0,8.0,1.17,16.0,7.0,1.19,16.0,7.25,1.17,16.72,7.73,1.18,13.0,6.5,1.12,18.0,7.0,1.15,19.5,8.6,1.21,16.67,7.51,1.18,1.57,2.38,1.59,2.44,1.62,2.5,1.57,2.41,2.0,1.94,1.96,1.92,1.97,2.0,2.01,1.92,1.94,12.0,7.0,1.2,,,,13.0,6.75,1.22,16.0,7.4,1.2,13.0,6.5,1.12,17.0,7.0,1.18,17.0,7.6,1.23,14.68,6.99,1.2,1.57,2.38,1.61,2.41,1.66,2.45,1.61,2.36,1.75,2.08,1.85,2.08,1.84,2.12,1.87,2.03,1.83,3,-1,1,0,1,0.059808612440191394,0.129366106080207,0.8474576271186441,0.036632345639042496,0.05769510539758604,0.12479458761288983,0.8175103069895242,football-data.co.uk,2026-08-10T00:34:19.480312
E0,2023-08-27,16:30,Newcastle,Liverpool,1,2,A,1,0,H,J Brooks,23,9,8,4,16,10,5,9,1,2,0,1,2.2,3.75,3.0,2.2,3.9,2.95,2.25,3.65,3.05,2.2,3.95,3.13,2.05,3.6,2.75,2.15,3.75,3.0,2.3,4.1,3.18,2.2,3.9,3.03,1.5,2.63,1.51,2.65,1.53,2.8,1.49,2.64,-0.25,1.94,1.96,1.93,1.98,1.97,2.0,1.92,1.94,2.2,3.75,3.1,,,,2.25,3.7,2.95,2.24,3.93,3.11,2.05,3.6,2.75,2.15,3.8,3.1,2.4,4.1,3.2,2.22,3.84,3.02,1.53,2.5,1.57,2.54,1.57,2.82,1.51,2.6,-0.25,1.95,1.98,1.96,1.96,2.04,1.99,1.92,1.93,3,-1,1,0,1,0.45454545454545453,0.2531645569620253,0.3194888178913738,0.027198829398853652,0.44250970847724547,0.24646110345568098,0.31102918806707347,football-data.co.uk,2026-08-10T00:34:19.480312
E0,2023-09-01,20:00,Luton,West Ham,1,2,A,0,1,A,P Tierney,16,9,1,3,8,13,9,6,1,1,0,0,4.75,3.8,1.73,4.5,3.8,1.75,4.7,3.8,1.73,4.82,4.04,1.75,3.75,3.5,1.75,5.0,3.8,1.7,5.0,4.2,1.78,4.7,3.94,1.74,1.87,2.03,1.83,2.07,1.87,2.1,1.82,2.03,0.75,1.94,1.99,1.96,1.96,2.0,2.0,1.92,1.93,4.5,4.0,1.73,4.4,3.9,1.73,4.6,3.9,1.73,4.67,4.09,1.76,4.33,3.6,1.62,4.8,3.9,1.7,4.99,4.35,1.78,4.67,4.02,1.73,1.73,2.1,1.76,2.17,1.77,2.29,1.73,2.16,0.75,1.93,2.0,1.94,1.98,2.01,2.0,1.93,1.93,3,-1,1,0,1,0.20746887966804978,0.24752475247524752,0.5714285714285714,0.02642220357186864,0.20212820703417597,0.24115295987740798,0.5567188330884161,football-data.co.uk,2026-08-10T00:34:19.480312
E0,2023-09-02,12:30,Sheffield United,Everton,2,2,D,2,1,H,A Madley,13,16,8,6,11,13,4,6,1,2,0,0,2.9,3.25,2.5,3.0,3.1,2.45,2.95,3.2,2.5,3.06,3.27,2.53,2.9,3.1,2.2,3.0,3.13,2.5,3.15,3.36,2.59,3.01,3.23,2.5,2.2,1.67,2.26,1.69,2.36,1.72,2.26,1.66,0.0,2.13,1.81,2.16,1.78,2.16,1.81,2.11,1.78,3.1,3.4,2.38,3.0,3.25,2.37,3.05,3.35,2.35,3.21,3.42,2.39,2.9,3.1,2.2,3.2,3.3,2.3,3.36,3.5,2.42,3.12,3.36,2.35,2.04,1.86,2.05,1.87,2.13,1.9,2.03,1.82,0.25,1.89,2.04,1.88,2.05,1.94,2.07,1.85,2.01,4,0,1,1,1,0.32679738562091504,0.3058103975535168,0.3952569169960475,0.027864700170479484,0.31793813482135647,0.29752008946585645,0.3845417757127869,football-data.co.uk,2026-08-10T00:34:19.480312
E0,2023-09-02,15:00,Brentford,Bournemouth,2,2,D,1,1,D,R Madley,21,12,7,5,6,13,5,2,1,2,0,0,1.73,3.8,4.75,1.66,4.1,4.75,1.73,3.95,4.6,1.75,4.14,4.62,1.55,3.75,4.75,1.7,3.8,4.75,1.77,4.3,4.94,1.72,4.06,4.67,1.73,2.1,1.78,2.13,1.81,2.18,1.74,2.12,-0.75,1.95,1.98,1.95,1.95,1.96,2.01,1.91,1.95,1.73,4.0,4.5,1.71,3.9,4.6,1.75,3.85,4.6,1.75,4.01,4.86,1.62,3.7,4.33,1.73,3.8,4.8,1.76,4.1,5.0,1.73,3.98,4.75,1.8,2.0,1.83,2.07,1.85,2.13,1.8,2.06,-0.75,1.97,1.96,1.96,1.96,1.99,2.0,1.92,1.94,4,0,1,1,1,0.5714285714285714,0.24154589371980678,0.21645021645021645,0.02942468159859457,0.5550950755728913,0.234641638225256,0.21026328620185278,football-data.co.uk,2026-08-10T00:34:19.480312
E0,2023-09-02,15:00,Burnley,Tottenham,2,5,A,1,2,A,D England,16,20,4,10,15,9,7,4,4,3,0,0,3.6,4.0,1.85,3.8,3.9,1.85,3.75,3.95,1.9,3.97,4.04,1.88,3.4,3.4,1.85,3.9,3.75,1.85,3.99,4.2,1.93,3.83,3.99,1.88,1.62,2.3,1.64,2.36,1.68,2.4,1.64,2.31,0.5,2.03,1.9,2.02,1.88,2.04,1.92,1.98,1.88,3.5,3.8,1.95,3.6,3.7,1.95,3.5,3.75,2.0,3.71,3.79,2.04,3.5,3.4,1.83,3.6,3.7,2.0,3.95,3.91,2.06,3.64,3.79,1.99,1.67,2.2,1.69,2.28,1.73,2.29,1.68,2.23,0.5,1.88,2.05,1.88,2.04,1.94,2.06,1.88,2.0,7,-3,1,1,1,0.2518891687657431,0.24752475247524752,0.5319148936170213,0.03132881485801198,0.24423749742745418,0.24000565960074086,0.5157568429718048,football-data.co.uk,2026-08-10T00:34:19.480312
E0,2023-09-02,15:00,Chelsea,Nott'm Forest,0,1,A,0,0,D,T Robinson,21,7,2,3,10,9,8,0,3,4,0,0,1.4,4.5,8.5,1.37,5.0,7.75,1.4,5.0,7.75,1.39,5.1,8.62,1.3,4.33,7.5,1.36,4.8,8.5,1.43,5.35,9.0,1.38,5.03,8.27,1.62,2.3,1.65,2.32,1.7,2.38,1.64,2.3,-1.25,1.86,2.07,1.85,2.07,1.89,2.09,1.84,2.03,1.4,4.75,7.5,1.41,4.6,7.75,1.43,4.7,7.5,1.41,5.01,8.45,1.3,4.33,7.5,1.4,4.75,8.5,1.44,5.2,8.5,1.4,4.84,8.03,1.73,2.1,1.78,2.12,1.8,2.28,1.73,2.15,-1.25,1.92,2.01,1.93,2.0,1.96,2.05,1.91,1.96,1,-1,0,0,0,0.7194244604316548,0.19607843137254904,0.1160092807424594,0.031512172546663164,0.6974464088538032,0.19008833496211497,0.11246525618408194,football-data.co.uk,2026-08-10T00:34:19.480312
E0,2023-09-02,15:00,Man City,Fulham,5,1,H,2,1,H,M Oliver,7,6,5,4,12,12,4,5,2,4,0,0,1.17,8.0,15.0,1.16,8.5,16.5,1.15,8.0,16.0,1.15,8.93,18.11,1.08,7.5,15.0,1.13,8.0,20.0,1.18,9.7,22.0,1.15,8.46,17.91,1.4,3.0,1.4,3.0,1.43,3.07,1.4,2.95,-2.25,2.03,1.9,2.01,1.88,2.04,1.92,1.98,1.87,1.18,8.0,13.0,1.19,7.5,14.0,1.2,7.0,14.0,1.19,7.65,16.0,1.08,7.5,15.0,1.17,7.5,17.0,1.22,8.4,19.0,1.18,7.68,15.7,1.44,2.75,1.41,2.99,1.47,3.26,1.42,2.89,-2.0,1.88,2.05,1.87,2.04,1.92,2.07,1.87,2.0,6,4,1,1,1,0.8695652173913044,0.11198208286674133,0.05521811154058531,0.03676541179863113,0.8387290003075434,0.10801101347745519,0.05325998621500137,football-data.co.uk,2026-08-10T00:34:19.480312
E0,2023-09-02,17:30,Brighton,Newcastle,3,1,H,1,0,H,S Attwell,15,9,6,2,14,17,5,3,4,4,0,0,2.5,3.8,2.55,2.6,3.75,2.45,2.55,3.8,2.5,2.59,3.94,2.58,2.25,3.4,2.6,2.5,3.7,2.55,2.62,4.1,2.61,2.55,3.87,2.55,1.5,2.63,1.5,2.68,1.52,2.72,1.49,2.65,0.0,1.94,1.99,1.95,1.95,1.98,2.0,1.92,1.93,2.5,3.8,2.5,2.55,3.7,2.5,2.55,3.55,2.6,2.64,3.87,2.59,2.3,3.4,2.5,2.6,3.75,2.5,2.83,3.97,2.78,2.55,3.81,2.58,1.5,2.63,1.51,2.69,1.57,2.9,1.48,2.7,0.0,1.99,1.94,1.98,1.94,2.04,2.07,1.92,1.95,4,2,1,1,1,0.3861003861003861,0.25380710659898476,0.38759689922480617,0.027504391924177085,0.3757651929617034,0.24701315984030753,0.377221647197989,football-data.co.uk,2026-08-10T00:34:19.480312
E0,2023-09-03,14:00,Crystal Palace,Wolves,3,2,H,0,0,D,R Jones,16,12,11,4,12,12,4,2,1,3,0,0,1.91,3.3,4.33,1.9,3.4,4.2,1.95,3.4,4.1,1.97,3.5,4.25,1.85,3.2,3.6,1.91,3.3,4.2,2.01,3.62,4.5,1.95,3.45,4.15,2.2,1.67,2.26,1.69,2.3,1.74,2.23,1.68,-0.5,1.98,1.95,1.97,1.93,2.05,1.96,1.95,1.91,1.85,3.4,4.5,1.9,3.4,4.2,1.95,3.45,4.2,1.9,3.61,4.54,1.85,3.1,3.8,1.87,3.5,4.33,1.95,3.7,4.8,1.9,3.54,4.32,2.1,1.73,2.08,1.84,2.16,1.88,2.09,1.78,-0.5,1.89,2.04,1.9,2.03,1.98,2.05,1.9,1.98,5,1,1,1,1,0.5076142131979695,0.2857142857142857,0.23529411764705882,0.028622616559313974,0.49348925935141413,0.27776395454922453,0.2287467860993614,football-data.co.uk,2026-08-10T00:34:19.480312
E0,2023-09-03,14:00,Liverpool,Aston Villa,3,0,H,2,0,H,S Hooper,17,9,4,3,12,7,7,3,0,1,0,0,1.65,4.5,4.5,1.66,4.4,4.4,1.67,4.3,4.5,1.68,4.61,4.6,1.5,4.2,4.6,1.62,4.33,4.6,1.71,4.7,4.9,1.66,4.49,4.57,1.4,3.0,1.41,3.02,1.44,3.07,1.41,2.94,-1.0,2.05,1.75,2.09,1.82,2.12,1.86,2.07,1.8,1.6,4.75,4.75,1.6,4.5,4.8,1.6,4.4,4.9,1.65,4.67,5.02,1.44,4.2,4.8,1.57,4.5,5.25,1.65,4.9,5.25,1.61,4.62,4.94,1.4,3.0,1.42,3.01,1.43,3.12,1.4,2.97,-1.0,2.05,1.88,2.04,1.88,2.06,1.96,1.97,1.9,3,3,1,0,0,0.5952380952380952,0.21691973969631234,0.2173913043478261,0.029549139282233794,0.5781541380852153,0.21069391583148844,0.21115194608329607,football-data.co.uk,2026-08-10T00:34:19.480312
E0,2023-09-03,16:30,Arsenal,Man United,3,1,H,1,1,D,A Taylor,17,10,5,2,8,7,12,3,2,3,0,0,1.75,3.8,4.5,1.75,4.0,4.2,1.8,3.85,4.3,1.77,4.08,4.55,1.67,3.7,3.9,1.73,3.9,4.33,1.83,4.25,4.7,1.77,4.04,4.38,1.57,2.38,1.58,2.49,1.6,2.53,1.55,2.47,-0.75,2.01,1.92,1.98,1.93,2.02,1.94,1.97,1.89,1.75,4.1,4.2,1.73,4.1,4.2,1.77,4.0,4.2,1.76,4.2,4.49,1.67,3.7,3.9,1.73,4.2,4.33,1.86,4.4,4.65,1.77,4.14,4.29,1.44,2.75,1.48,2.81,1.53,2.84,1.47,2.71,-0.75,1.96,1.97,1.96,1.96,2.08,1.99,1.96,1.91,4,2,1,1,1,0.5649717514124294,0.24509803921568626,0.21978021978021978,0.02985001040833546,0.5485961506068424,0.23799391827796837,0.21340993111518922,football-data.co.uk,2026-08-10T00:34:19.480312
E0,2023-09-16,12:30,Wolves,Liverpool,1,3,A,1,0,H,M Oliver,11,16,2,6,10,4,4,4,1,3,0,0,6.0,5.0,1.45,6.25,4.8,1.46,6.25,4.9,1.45,6.66,4.98,1.47,6.0,4.4,1.36,6.5,4.75,1.44,7.5,5.25,1.51,6.64,4.95,1.45,1.44,2.75,1.5,2.69,1.52,2.75,1.48,2.66,1.25,1.92,1.98,1.88,2.03,1.95,2.05,1.9,1.96,4.33,4.33,1.7,4.5,4.2,1.68,4.5,4.3,1.67,4.58,4.46,1.71,4.75,3.9,1.53,4.75,4.33,1.65,5.27,4.6,1.74,4.77,4.35,1.67,1.53,2.5,1.53,2.64,1.57,2.66,1.52,2.56,0.75,2.02,1.91,2.03,1.9,2.12,1.92,2.04,1.83,4,-2,1,1,1,0.15015015015015015,0.2008032128514056,0.6802721088435374,0.031225471845093278,0.14560360876414147,0.19472289846770724,0.6596734927681511,football-data.co.uk,2026-08-10T00:34:19.480312
E0,2023-09-16,15:00,Aston Villa,Crystal Palace,3,1,H,0,0,D,D England,16,6,5,3,13,9,4,2,5,3,0,0,1.91,3.6,4.0,1.9,3.6,3.9,1.9,3.65,3.95,1.93,3.76,4.1,1.8,3.1,4.0,1.87,3.5,4.1,1.96,3.89,4.21,1.9,3.7,4.07,1.89,2.01,1.89,2.0,1.92,2.04,1.87,1.97,-0.5,1.91,1.99,1.93,1.98,1.93,2.03,1.89,1.97,1.95,3.6,4.0,1.95,3.6,3.75,1.95,3.6,3.85,1.98,3.66,4.08,1.83,3.3,3.6,1.93,3.6,4.0,2.0,3.8,4.34,1.94,3.64,4.01,1.93,1.97,1.94,1.96,1.95,2.04,1.89,1.95,-0.5,1.99,1.94,1.98,1.94,2.0,1.98,1.95,1.93,4,2,1,1,1,0.5181347150259068,0.26595744680851063,0.24390243902439027,0.027994600858807672,0.5040247435084255,0.2587148284498035,0.23726042804177103,football-data.co.uk,2026-08-10T00:34:19.480312
E0,2023-09-16,15:00,Fulham,Luton,1,0,H,0,0,D,M Salisbury,13,7,2,2,6,14,6,2,2,2,0,0,1.67,3.75,5.5,1.66,3.9,5.0,1.65,3.85,5.25,1.68,4.03,5.31,1.57,3.5,5.0,1.65,3.75,5.25,1.73,4.2,5.5,1.68,3.96,5.18,1.89,2.01,1.88,2.0,1.93,2.04,1.88,1.96,-0.75,1.87,2.03,1.88,2.03,1.91,2.09,1.85,2.01,1.65,3.6,6.0,1.65,3.75,5.5,1.65,3.7,5.5,1.69,3.82,5.68,1.57,3.5,5.0,1.62,3.75,6.0,1.71,4.0,6.5,1.66,3.79,5.67,2.1,1.73,2.18,1.75,2.19,1.86,2.1,1.77,-0.75,1.89,2.04,1.91,2.02,1.91,2.11,1.85,2.02,1,1,0,0,0,0.5952380952380952,0.24813895781637715,0.18832391713747648,0.03170097019194884,0.5769482751647996,0.2405144174384276,0.1825373073967728,football-data.co.uk,2026-08-10T00:34:19.480312
E0,2023-09-16,15:00,Man United,Brighton,1,3,A,0,1,A,J Gillett,14,10,4,8,8,9,8,1,2,2,0,0,2.15,4.0,2.88,2.15,3.9,2.95,2.2,3.9,2.9,2.25,4.02,2.99,2.0,3.6,2.9,2.15,3.9,2.9,2.28,4.19,3.07,2.21,3.98,2.96,1.44,2.75,1.43,2.95,1.44,3.02,1.42,2.87,-0.25,1.97,1.93,1.98,1.93,2.01,1.97,1.94,1.91,2.0,4.0,3.25,2.0,3.9,3.25,2.05,3.9,3.3,2.07,3.9,3.53,1.85,3.6,3.2,2.0,4.0,3.3,2.08,4.15,3.78,2.0,3.99,3.44,1.44,2.75,1.49,2.75,1.49,3.12,1.43,2.88,-0.5,2.04,1.89,2.07,1.86,2.08,1.96,2.01,1.87,4,-2,1,1,1,0.4444444444444444,0.24875621890547267,0.33444816053511706,0.02764882388503409,0.43248669595535455,0.24206344922874326,0.3254498548159023,football-data.co.uk,2026-08-10T00:34:19.480312
E0,2023-09-16,15:00,Tottenham,Sheffield United,2,1,H,0,0,D,P Bankes,28,7,10,5,13,14,15,2,6,5,0,1,1.29,5.5,11.0,1.28,6.0,9.75,1.27,6.0,11.0,1.29,6.08,10.21,1.22,5.0,9.0,1.25,5.75,11.0,1.31,6.51,12.0,1.28,6.1,10.52,1.5,2.63,1.49,2.71,1.51,2.75,1.48,2.66,-1.75,2.03,1.87,2.05,1.85,2.07,1.94,1.99,1.87,1.29,5.75,10.0,1.28,6.0,9.5,1.27,6.0,10.0,1.3,6.31,9.4,1.22,5.5,8.0,1.29,6.0,9.5,1.32,6.7,11.0,1.29,6.17,9.68,1.4,3.0,1.41,3.02,1.45,3.19,1.41,2.97,-1.75,2.01,1.92,2.0,1.91,2.05,1.93,1.97,1.89,3,1,1,0,1,0.7751937984496123,0.16447368421052633,0.0979431929480901,0.03761067560822884,0.7470950489163073,0.1585119429444139,0.09439300813927878,football-data.co.uk,2026-08-10T00:34:19.480312
E0,2023-09-16,15:00,West Ham,Man City,1,3,A,1,0,H,A Madley,6,29,3,15,7,11,4,11,3,2,0,0,7.0,4.5,1.45,6.25,4.6,1.49,6.5,4.7,1.47,6.58,4.7,1.5,5.8,4.2,1.4,6.5,4.5,1.45,7.5,4.95,1.53,6.57,4.67,1.48,1.62,2.3,1.65,2.34,1.7,2.43,1.62,2.34,1.25,1.83,2.07,1.82,2.11,1.86,2.11,1.82,2.05,5.25,4.2,1.6,5.25,4.1,1.61,6.0,4.2,1.55,5.49,4.3,1.63,5.0,3.7,1.5,6.0,4.1,1.57,6.13,4.4,1.66,5.6,4.22,1.61,1.73,2.1,1.75,2.17,1.83,2.23,1.75,2.08,1.0,1.83,2.1,1.85,2.08,1.96,2.12,1.86,2.03,4,-2,1,1,1,0.1519756838905775,0.2127659574468085,0.6666666666666666,0.03140830800405259,0.14734774066797643,0.20628683693516703,0.6463654223968566,football-data.co.uk,2026-08-10T00:34:19.480312
E0,2023-09-16,17:30,Newcastle,Brentford,1,0,H,0,0,D,C Pawson,9,11,2,2,8,12,8,3,3,5,0,0,1.53,4.2,6.0,1.55,4.2,5.75,1.53,4.4,5.75,1.54,4.47,6.3,1.44,3.9,5.5,1.5,4.33,6.0,1.58,4.6,6.75,1.53,4.37,6.12,1.67,2.2,1.68,2.29,1.7,2.36,1.67,2.24,-1.0,1.89,2.01,1.9,2.01,1.91,2.05,1.87,1.99,1.6,4.0,5.5,1.63,4.0,5.0,1.63,4.0,5.25,1.66,4.17,5.43,1.5,3.6,5.5,1.62,4.0,5.5,1.69,4.2,6.0,1.64,4.08,5.4,1.73,2.1,1.78,2.13,1.84,2.26,1.77,2.09,-1.0,2.05,1.75,2.11,1.81,2.18,1.83,2.11,1.78,1,1,0,0,0,0.6493506493506493,0.2237136465324385,0.15873015873015872,0.0317944546132467,0.6293410925473999,0.21681997371879105,0.15383893373380886,football-data.co.uk,2026-08-10T00:34:19.480312
E0,2023-09-17,14:00,Bournemouth,Chelsea,0,0,D,0,0,D,D Coote,13,14,4,6,15,20,1,7,1,5,0,0,4.33,3.75,1.8,4.2,4.0,1.75,4.3,3.9,1.77,4.39,4.05,1.8,4.0,3.7,1.65,4.33,3.8,1.75,4.5,4.2,1.84,4.34,3.96,1.79,1.67,2.2,1.66,2.32,1.68,2.38,1.64,2.3,0.75,1.89,2.01,1.88,2.03,1.9,2.06,1.85,1.99,4.2,3.75,1.83,3.9,3.8,1.85,3.9,3.85,1.9,4.34,3.97,1.83,3.7,3.5,1.75,4.1,3.75,1.85,4.34,4.0,1.94,4.06,3.88,1.87,1.73,2.1,1.75,2.19,1.77,2.31,1.71,2.19,0.5,2.08,1.85,2.09,1.83,2.09,1.92,2.01,1.87,0,0,0,0,0,0.22779043280182235,0.2469135802469136,0.5555555555555556,0.030259568604291465,0.22110004094445204,0.23966152586324554,0.5392384331923025,football-data.co.uk,2026-08-10T00:34:19.480312
E0,2023-09-17,16:30,Everton,Arsenal,0,1,A,0,0,D,S Hooper,8,13,1,4,12,10,1,11,1,1,0,0,6.0,4.5,1.5,5.75,4.5,1.52,5.75,4.4,1.55,6.3,4.54,1.53,5.8,4.2,1.4,6.0,4.33,1.5,6.5,4.75,1.57,6.07,4.55,1.52,1.67,2.2,1.67,2.3,1.7,2.36,1.65,2.27,1.0,2.05,1.85,2.03,1.88,2.08,1.89,2.02,1.85,5.5,4.33,1.55,5.5,4.33,1.55,5.5,4.4,1.55,6.0,4.3,1.59,5.8,4.2,1.4,6.0,4.33,1.53,6.68,4.61,1.64,5.74,4.37,1.57,1.73,2.1,1.75,2.17,1.92,2.35,1.68,2.23,1.0,1.94,1.99,1.94,1.98,2.01,2.05,1.92,1.95,1,-1,0,0,0,0.15873015873015872,0.22026431718061673,0.6535947712418301,0.03258924715260547,0.15372052262587635,0.21331261950286806,0.6329668578712556,football-data.co.uk,2026-08-10T00:34:19.480312
E0,2023-09-18,19:45,Nott'm Forest,Burnley,1,1,D,0,1,A,R Jones,14,10,4,3,16,10,5,4,2,3,0,1,2.2,3.5,3.25,2.2,3.5,3.1,2.25,3.45,3.15,2.23,3.58,3.33,2.05,3.2,3.1,2.2,3.4,3.2,2.31,3.65,3.41,2.24,3.51,3.22,1.92,1.98,1.92,1.97,1.98,2.01,1.91,1.92,-0.25,1.9,2.0,1.93,1.98,2.0,2.02,1.93,1.92,2.05,3.5,3.5,2.1,3.4,3.6,2.1,3.45,3.5,2.14,3.51,3.69,2.0,3.0,3.4,2.1,3.4,3.6,2.2,3.6,3.95,2.11,3.45,3.59,2.06,1.84,2.08,1.89,2.1,1.93,1.98,1.87,-0.25,1.84,2.09,1.85,2.09,1.85,2.18,1.82,2.05,2,0,0,0,1,0.4484304932735426,0.27932960893854747,0.3003003003003003,0.028060402512390503,0.43619080374816593,0.27170544479285197,0.292103751458982,football-data.co.uk,2026-08-10T00:34:19.480312
E0,2023-09-23,15:00,Crystal Palace,Fulham,0,0,D,0,0,D,P Tierney,7,10,3,5,10,15,3,2,3,2,0,0,1.91,3.4,4.2,1.88,3.5,4.1,1.95,3.4,4.1,1.99,3.54,4.11,1.8,3.25,3.8,1.93,3.4,4.0,2.01,3.68,4.35,1.95,3.51,4.09,2.0,1.8,2.1,1.79,2.13,1.85,2.05,1.8,-0.5,1.98,1.92,1.99,1.92,2.02,1.98,1.95,1.91,2.05,3.25,3.8,1.88,3.5,4.1,2.1,3.3,3.7,2.1,3.39,3.97,1.91,3.0,3.7,2.05,3.25,3.9,2.13,3.47,4.2,2.08,3.34,3.87,2.2,1.67,2.24,1.72,2.28,1.77,2.2,1.7,-0.5,2.11,1.82,2.1,1.84,2.14,1.84,2.09,1.81,0,0,0,0,0,0.5025125628140703,0.2824858757062147,0.24330900243309,0.028307440953375007,0.48867930231855145,0.2747095513033665,0.2366111463780821,football-data.co.uk,2026-08-10T00:34:19.480312
E0,2023-09-23,15:00,Luton,Wolves,1,1,D,0,0,D,J Smith,20,3,4,3,12,17,10,1,0,2,0,1,3.25,3.4,2.2,3.25,3.4,2.2,3.35,3.35,2.2,3.26,3.47,2.31,3.2,3.1,2.05,3.25,3.3,2.2,3.5,3.58,2.34,3.3,3.43,2.23,2.02,1.88,2.03,1.86,2.06,1.91,1.99,1.85,0.25,1.96,1.94,1.92,1.99,1.98,2.01,1.93,1.91,3.1,3.3,2.38,3.25,3.4,2.2,3.1,3.3,2.35,3.28,3.31,2.41,2.9,3.2,2.15,3.2,3.3,2.3,3.45,3.42,2.46,3.18,3.32,2.37,2.1,1.73,2.18,1.79,2.2,1.83,2.08,1.78,0.25,1.89,2.04,1.88,2.05,1.94,2.1,1.86,2.01,2,0,0,0,1,0.3067484662576687,0.2881844380403458,0.4329004329004329,0.027833337198447383,0.2984418340562578,0.28038051268685893,0.42117765325688333,football-data.co.uk,2026-08-10T00:34:19.480312
E0,2023-09-23,15:00,Man City,Nott'm Forest,2,0,H,2,0,H,A Taylor,7,10,4,3,5,17,6,6,3,7,1,0,1.14,8.5,15.0,1.15,8.25,18.0,1.15,8.0,16.0,1.15,9.04,17.91,1.1,7.0,13.0,1.13,8.0,20.0,1.17,9.8,21.0,1.15,8.55,18.11,1.4,3.0,1.42,2.93,1.46,3.1,1.41,2.94,-2.25,2.02,1.88,2.04,1.86,2.06,1.95,1.98,1.88,1.17,8.0,15.0,1.15,8.25,18.0,1.17,7.25,16.0,1.17,8.5,18.0,1.08,7.0,17.0,1.14,8.0,21.0,1.18,9.0,21.0,1.16,8.11,18.46,1.5,2.63,1.51,2.66,1.55,2.83,1.51,2.61,-2.0,1.9,2.03,1.9,2.01,1.92,2.15,1.86,2.02,2,2,0,0,0,0.8695652173913044,0.11061946902654868,0.05583472920156337,0.03601941561941646,0.8393329355429191,0.10677354821618992,0.05389351624089095,football-data.co.uk,2026-08-10T00:34:19.480312
E0,2023-09-23,17:30,Brentford,Everton,1,3,A,1,1,D,M Oliver,12,18,2,6,9,12,1,4,2,2,0,0,1.8,3.8,4.2,1.77,3.7,4.5,1.8,3.75,4.3,1.81,3.8,4.67,1.65,3.5,4.33,1.75,3.6,4.6,1.84,3.95,4.75,1.8,3.78,4.49,1.95,1.95,1.93,1.95,2.0,2.0,1.92,1.92,-0.75,2.06,1.84,2.06,1.85,2.1,1.9,2.03,1.83,1.91,3.5,4.33,1.93,3.4,4.1,1.95,3.55,4.0,1.95,3.53,4.4,1.73,3.4,4.0,1.9,3.5,4.2,1.98,3.83,4.4,1.93,3.56,4.16,2.1,1.73,2.14,1.78,2.2,1.99,2.03,1.82,-0.5,1.95,1.98,1.95,1.97,1.98,2.0,1.93,1.94,4,-2,1,1,1,0.5524861878453039,0.2631578947368421,0.21413276231263384,0.02977684489477994,0.536510595071455,0.2555484676524562,0.2079409372760886,football-data.co.uk,2026-08-10T00:34:19.480312
E0,2023-09-23,20:00,Burnley,Man United,0,1,A,0,1,A,T Harrington,12,11,4,4,6,12,9,5,1,2,0,0,4.2,4.2,1.73,4.33,4.0,1.73,4.2,4.1,1.77,4.28,4.31,1.77,4.2,3.7,1.62,4.5,3.9,1.7,4.6,4.4,1.8,4.31,4.16,1.75,1.62,2.3,1.62,2.41,1.66,2.43,1.61,2.36,0.75,1.95,1.95,1.93,1.98,2.0,2.01,1.91,1.93,4.0,3.8,1.83,4.0,3.8,1.83,4.1,3.85,1.83,4.32,4.0,1.83,3.9,3.6,1.7,4.4,3.9,1.8,4.62,4.1,1.89,4.15,3.91,1.84,1.73,2.1,1.73,2.21,1.75,2.31,1.7,2.2,0.75,1.78,2.03,1.85,2.09,1.9,2.14,1.8,2.06,1,-1,0,0,0,0.2336448598130841,0.2320185614849188,0.5649717514124294,0.030635172710432368,0.22669987013797466,0.22512191280522775,0.5481782170567975,football-data.co.uk,2026-08-10T00:34:19.480312
E0,2023-09-24,14:00,Arsenal,Tottenham,2,2,D,1,1,D,R Jones,13,13,6,5,12,19,11,4,3,4,0,0,1.67,4.33,4.33,1.72,4.2,4.2,1.7,4.3,4.4,1.68,4.45,4.69,1.65,3.8,3.9,1.65,4.1,4.6,1.76,4.6,4.75,1.7,4.36,4.5,1.5,2.63,1.51,2.66,1.54,2.69,1.51,2.58,-0.75,1.87,2.03,1.86,2.05,1.93,2.06,1.86,1.99,1.62,4.33,4.75,1.62,4.33,4.75,1.65,4.3,4.7,1.65,4.39,5.11,1.5,4.0,4.75,1.62,4.33,5.0,1.71,4.6,5.5,1.64,4.37,5.0,1.53,2.5,1.55,2.6,1.59,2.67,1.52,2.57,-1.0,2.08,1.85,2.08,1.85,2.1,1.9,2.05,1.84,4,0,1,1,1,0.5952380952380952,0.2247191011235955,0.21321961620469082,0.03317681256638161,0.5761241328669977,0.21750304341945081,0.20637282371355142,football-data.co.uk,2026-08-10T00:34:19.480312
E0,2023-09-24,14:00,Brighton,Bournemouth,3,1,H,1,1,D,J Brooks,13,12,4,4,12,17,4,4,3,3,0,0,1.36,5.25,7.5,1.36,5.5,7.25,1.4,5.5,7.0,1.41,5.08,7.9,1.29,5.0,7.0,1.33,5.25,8.0,1.43,5.75,8.3,1.38,5.31,7.58,1.36,3.2,1.39,3.13,1.4,3.3,1.37,3.11,-1.5,2.01,1.89,2.01,1.89,2.05,1.93,1.98,1.88,1.5,4.75,5.5,1.49,4.8,5.75,1.5,4.9,5.5,1.52,4.97,5.9,1.36,4.4,5.8,1.44,5.0,6.5,1.54,5.25,6.5,1.5,4.91,5.97,1.44,2.75,1.46,2.85,1.48,3.0,1.44,2.83,-1.25,2.09,1.84,2.09,1.85,2.1,1.92,2.02,1.85,4,2,1,1,1,0.7092198581560284,0.19685039370078738,0.12658227848101264,0.032652530337828445,0.6867942868682166,0.19062597332365855,0.12257973980812473,football-data.co.uk,2026-08-10T00:34:19.480312
E0,2023-09-24,14:00,Chelsea,Aston Villa,0,1,A,0,0,D,J Gillett,10,15,4,7,9,11,5,11,2,3,0,0,1.91,3.75,3.8,1.88,3.8,3.8,1.9,3.8,3.8,1.93,3.9,3.93,1.75,3.5,3.7,1.87,3.7,3.8,1.96,4.0,4.1,1.91,3.85,3.87,1.73,2.1,1.7,2.24,1.74,2.26,1.7,2.2,-0.5,1.91,1.99,1.93,1.98,1.94,2.02,1.9,1.97,1.85,3.75,4.0,1.87,3.75,3.9,1.83,3.85,4.1,1.91,3.93,4.1,1.75,3.5,3.7,1.85,3.8,4.1,1.93,4.1,4.4,1.86,3.9,4.09,1.73,2.1,1.72,2.21,1.76,2.25,1.71,2.19,-0.5,1.9,2.03,1.91,2.02,1.92,2.12,1.85,2.03,1,-1,0,0,0,0.5181347150259068,0.25641025641025644,0.2544529262086514,0.02899789764481464,0.5035333077082287,0.24918443176330288,0.2472822605284685,football-data.co.uk,2026-08-10T00:34:19.480312
E0,2023-09-24,14:00,Liverpool,West Ham,3,1,H,1,1,D,C Kavanagh,22,11,7,4,12,13,7,4,0,2,0,0,1.4,5.0,7.0,1.39,5.25,6.75,1.4,5.5,6.75,1.4,5.67,7.21,1.33,4.6,6.5,1.36,5.0,7.5,1.45,5.8,7.7,1.39,5.38,7.19,1.4,3.0,1.4,3.06,1.42,3.12,1.4,2.96,-1.5,2.03,1.87,2.05,1.86,2.09,1.89,2.03,1.84,1.36,5.25,7.5,1.38,5.5,7.0,1.37,5.25,7.5,1.39,5.64,7.61,1.3,4.8,7.0,1.33,5.5,8.5,1.4,6.0,8.5,1.37,5.58,7.78,1.4,3.0,1.41,3.08,1.41,3.25,1.38,3.11,-1.5,2.01,1.92,2.01,1.91,2.04,1.96,1.96,1.91,4,2,1,1,1,0.7142857142857143,0.1763668430335097,0.13869625520110956,0.02934881252033361,0.6939199866921734,0.17133826831905513,0.1347417449887715,football-data.co.uk,2026-08-10T00:34:19.480312
E0,2023-09-24,16:30,Sheffield United,Newcastle,0,8,A,0,3,A,S Attwell,9,22,1,15,12,8,2,6,3,0,0,0,7.0,4.75,1.44,6.75,4.6,1.44,6.75,4.7,1.45,7.05,4.98,1.45,6.5,4.2,1.36,7.5,4.6,1.4,7.5,5.1,1.51,7.01,4.78,1.45,1.67,2.2,1.68,2.29,1.71,2.34,1.66,2.25,1.25,1.92,1.98,1.92,1.99,1.95,2.03,1.88,1.97,6.0,4.2,1.53,5.75,4.2,1.55,6.0,4.3,1.53,6.05,4.39,1.57,5.5,4.0,1.44,6.5,4.1,1.45,7.0,4.6,1.57,6.26,4.37,1.53,1.85,2.05,1.85,2.06,1.87,2.2,1.79,2.07,1.0,1.95,1.98,1.94,1.98,2.08,1.99,1.98,1.89,8,-8,1,1,0,0.14184397163120568,0.2008032128514056,0.6896551724137931,0.03230235689640448,0.13740545169116597,0.19451976594833734,0.6680747823604967,football-data.co.uk,2026-08-10T00:34:19.480312
E0,2023-09-30,12:30,Aston Villa,Brighton,6,1,H,3,0,H,A Madley,19,11,9,3,19,21,1,3,4,4,0,0,2.55,3.75,2.55,2.45,3.9,2.55,2.6,3.85,2.45,2.58,3.96,2.58,2.5,3.9,2.45,2.5,3.8,2.5,2.65,4.11,2.65,2.56,3.92,2.55,1.44,2.75,1.45,2.88,1.45,2.98,1.43,2.84,0.0,1.97,1.96,1.95,1.95,1.97,1.99,1.93,1.93,2.45,3.6,2.7,2.45,3.6,2.65,2.5,3.6,2.7,2.49,3.77,2.82,2.45,3.7,2.62,2.45,3.8,2.63,2.7,3.85,2.82,2.5,3.7,2.7,1.5,2.63,1.52,2.65,1.52,2.85,1.49,2.63,0.0,1.86,2.07,1.85,2.09,1.96,2.12,1.85,2.01,7,5,1,1,1,0.38759689922480617,0.25252525252525254,0.38759689922480617,0.027719050974864823,0.37714285714285717,0.24571428571428575,0.37714285714285717,football-data.co.uk,2026-08-10T00:34:19.480312
E0,2023-09-30,15:00,Bournemouth,Arsenal,0,4,A,0,2,A,M Salisbury,8,15,1,8,11,10,6,6,0,1,0,0,5.5,4.5,1.53,5.75,4.6,1.51,5.5,4.6,1.53,5.59,4.77,1.56,5.8,4.5,1.5,6.0,4.33,1.5,6.0,4.9,1.58,5.77,4.68,1.53,1.53,2.5,1.57,2.5,1.58,2.56,1.54,2.49,1.0,2.0,1.93,2.01,1.9,2.06,1.93,2.01,1.85,5.5,4.5,1.53,6.0,4.4,1.52,5.75,4.5,1.53,6.06,4.62,1.55,6.5,4.6,1.44,6.5,4.33,1.5,6.5,4.8,1.59,6.03,4.55,1.53,1.62,2.3,1.62,2.41,1.7,2.42,1.64,2.32,1.0,2.03,1.9,2.04,1.89,2.08,1.93,2.02,1.86,4,-4,1,1,0,0.17889087656529518,0.20964360587002098,0.641025641025641,0.029560123460957044,0.1737546671523541,0.20362444221837725,0.6226208906292687,football-data.co.uk,2026-08-10T00:34:19.480312
E0,2023-09-30,15:00,Everton,Luton,1,2,A,1,2,A,A Taylor,23,9,5,2,8,10,3,6,0,1,0,0,1.57,3.8,6.5,1.6,3.9,5.75,1.6,3.9,6.0,1.62,3.94,6.24,1.6,3.9,5.8,1.57,3.8,6.0,1.68,4.1,6.5,1.61,3.94,6.06,2.05,1.85,2.04,1.85,2.08,1.88,2.02,1.82,-1.0,2.09,1.84,2.11,1.81,2.13,1.84,2.07,1.8,1.67,3.75,5.25,1.62,3.9,5.5,1.63,3.85,5.75,1.67,3.93,5.7,1.6,3.8,5.8,1.62,3.8,6.0,1.68,4.0,6.27,1.65,3.87,5.72,2.03,1.87,2.05,1.87,2.13,1.89,1.99,1.84,-0.75,1.86,2.07,1.87,2.06,1.89,2.14,1.81,2.04,3,-1,1,0,1,0.6172839506172839,0.25380710659898476,0.16025641025641024,0.031347467472679025,0.5985218077181501,0.2460927229704069,0.15538546931144281,football-data.co.uk,2026-08-10T00:34:19.480312
E0,2023-09-30,15:00,Man United,Crystal Palace,0,1,A,0,1,A,C Kavanagh,19,8,4,2,10,8,10,4,3,2,0,0,1.55,4.2,5.75,1.55,4.2,5.75,1.57,4.2,5.75,1.57,4.36,5.96,1.53,4.2,5.8,1.53,4.1,6.0,1.61,4.5,6.1,1.57,4.3,5.89,1.8,2.0,1.79,2.09,1.83,2.14,1.77,2.08,-1.0,2.0,1.93,1.98,1.92,2.03,1.95,1.95,1.91,1.55,4.2,6.0,1.55,4.1,5.75,1.55,4.2,5.75,1.58,4.37,5.96,1.53,4.2,6.0,1.53,4.1,6.5,1.65,4.46,6.5,1.57,4.26,6.05,1.82,2.08,1.8,2.1,1.91,2.13,1.82,2.03,-1.0,1.97,1.96,1.98,1.94,2.05,1.99,1.96,1.91,1,-1,0,0,0,0.6369426751592356,0.2293577981651376,0.16778523489932887,0.03408570822370205,0.6159476628425145,0.22179766758319902,0.16225466957428655,football-data.co.uk,2026-08-10T00:34:19.480312
E0,2023-09-30,15:00,Newcastle,Burnley,2,0,H,1,0,H,T Bramall,20,8,8,2,7,15,5,3,1,3,0,0,1.3,5.75,9.0,1.31,5.5,9.25,1.35,5.5,8.25,1.34,5.67,9.15,1.3,5.5,9.0,1.3,5.25,9.5,1.36,5.9,10.5,1.33,5.62,9.22,1.53,2.5,1.56,2.54,1.57,2.58,1.53,2.52,-1.5,1.96,1.97,1.96,1.94,1.97,1.99,1.92,1.94,1.36,5.0,7.5,1.38,4.8,8.0,1.4,5.0,7.75,1.38,5.24,8.53,1.35,5.0,8.5,1.36,4.8,9.0,1.42,5.5,9.5,1.38,5.13,8.43,1.67,2.2,1.68,2.25,1.78,2.42,1.67,2.24,-1.25,1.85,2.08,1.85,2.09,1.91,2.11,1.83,2.03,2,2,0,0,0,0.7462686567164178,0.1763668430335097,0.1092896174863388,0.03192511723626623,0.7231810179357758,0.17091050512062428,0.10590847694359996,football-data.co.uk,2026-08-10T00:34:19.480312
E0,2023-09-30,15:00,West Ham,Sheffield United,2,0,H,2,0,H,G Scott,20,16,9,2,6,9,7,4,1,1,0,0,1.45,4.5,7.0,1.46,4.6,6.75,1.45,4.7,6.75,1.44,4.94,7.44,1.4,4.75,7.0,1.4,4.6,7.5,1.49,5.1,7.5,1.45,4.79,7.1,1.67,2.2,1.64,2.34,1.7,2.4,1.64,2.29,-1.25,2.02,1.91,1.98,1.93,2.05,1.94,1.98,1.88,1.44,4.5,7.0,1.46,4.5,6.75,1.45,4.7,6.75,1.48,4.79,7.0,1.4,4.75,7.5,1.4,4.75,8.0,1.48,5.1,8.5,1.44,4.79,7.35,1.73,2.1,1.72,2.21,1.82,2.42,1.7,2.2,-1.25,2.04,1.89,2.06,1.87,2.09,1.96,1.97,1.89,2,2,0,0,0,0.6944444444444444,0.20242914979757085,0.13440860215053763,0.03128219639255292,0.6733796499868085,0.19628880485445432,0.13033154515873713,football-data.co.uk,2026-08-10T00:34:19.480312
E0,2023-09-30,15:00,Wolves,Man City,2,1,H,1,0,H,C Pawson,3,23,1,8,18,12,0,6,5,4,0,0,8.0,5.75,1.33,8.75,5.5,1.32,8.25,5.5,1.33,9.61,5.75,1.33,9.5,5.5,1.29,10.0,5.5,1.29,10.0,6.0,1.36,9.2,5.65,1.33,1.53,2.5,1.56,2.54,1.57,2.57,1.53,2.51,1.5,1.97,1.96,1.95,1.95,2.0,2.0,1.94,1.92,7.5,5.0,1.4,7.75,5.0,1.39,7.75,5.0,1.4,8.61,5.19,1.39,8.5,5.0,1.35,8.5,5.0,1.36,9.5,5.59,1.42,8.34,5.12,1.39,1.67,2.2,1.71,2.24,1.75,2.36,1.68,2.23,1.25,2.05,1.88,2.05,1.88,2.11,1.94,2.02,1.85,3,1,1,0,1,0.10405827263267431,0.17391304347826086,0.7518796992481203,0.029851015359055433,0.10104206441588505,0.16887204157159222,0.7300858940125228,football-data.co.uk,2026-08-10T00:34:19.480312
E0,2023-09-30,17:30,Tottenham,Liverpool,2,1,H,1,1,D,S Hooper,24,12,8,4,11,17,12,5,5,4,0,2,2.9,4.0,2.15,2.9,4.0,2.15,3.05,3.75,2.2,2.98,4.12,2.23,2.88,4.0,2.15,2.9,3.9,2.15,3.08,4.2,2.28,2.96,4.03,2.21,1.36,3.2,1.42,3.0,1.42,3.2,1.39,3.02,0.25,1.97,1.96,1.94,1.96,1.97,2.0,1.92,1.93,3.0,3.8,2.2,2.8,3.9,2.25,3.0,3.75,2.25,2.96,4.01,2.3,2.8,3.9,2.25,2.9,4.0,2.2,3.29,4.2,2.32,2.96,3.94,2.25,1.36,3.2,1.38,3.22,1.44,3.22,1.38,3.07,0.25,1.92,2.01,1.9,2.02,1.99,2.02,1.9,1.96,3,1,1,0,1,0.33557046979865773,0.24271844660194175,0.4484304932735426,0.026719409674142103,0.3268375630545061,0.23640192667534665,0.43676051027014723,football-data.co.uk,2026-08-10T00:34:19.480312
E0,2023-10-01,14:00,Nott'm Forest,Brentford,1,1,D,0,0,D,P Tierney,6,18,1,5,6,10,1,11,1,2,1,0,2.75,3.1,2.7,2.75,3.25,2.6,2.75,3.2,2.65,2.84,3.29,2.69,2.75,3.4,2.5,2.75,3.13,2.6,2.89,3.46,2.75,2.81,3.27,2.65,2.1,1.73,2.13,1.78,2.17,1.81,2.09,1.76,0.0,2.01,1.89,2.01,1.9,2.05,1.91,1.98,1.87,2.63,3.0,2.88,2.55,3.2,2.8,2.7,3.15,2.75,2.62,3.27,2.99,2.6,3.25,2.75,2.7,3.2,2.75,2.85,3.34,3.17,2.65,3.21,2.85,2.1,1.73,2.18,1.76,2.46,1.79,2.13,1.73,0.0,1.82,2.08,1.84,2.1,1.93,2.1,1.86,1.99,2,0,0,0,1,0.35211267605633806,0.303951367781155,0.3717472118959108,0.027811255733403817,0.3425849581741396,0.2957268331959138,0.36168820862994666,football-data.co.uk,2026-08-10T00:34:19.480312
E0,2023-10-02,20:00,Fulham,Chelsea,0,2,A,0,2,A,T Robinson,10,11,3,4,15,12,8,1,1,4,0,0,3.6,3.5,2.05,3.5,3.5,2.05,3.65,3.4,2.1,3.93,3.45,2.06,3.6,3.5,2.0,3.7,3.4,2.0,4.0,3.62,2.1,3.73,3.49,2.06,1.98,1.92,1.99,1.9,2.03,1.94,1.93,1.89,0.5,1.85,2.05,1.85,2.06,1.87,2.11,1.82,2.05,3.4,3.4,2.15,3.3,3.4,2.15,3.35,3.4,2.2,3.52,3.49,2.22,3.3,3.4,2.15,3.5,3.4,2.15,3.82,3.57,2.3,3.46,3.43,2.19,2.01,1.89,2.01,1.88,2.08,1.92,1.97,1.87,0.25,2.01,1.89,2.02,1.91,2.12,1.93,2.0,1.86,2,-2,0,0,0,0.2544529262086514,0.2898550724637681,0.4854368932038835,0.029744891876303026,0.24710287782541124,0.28148240865329455,0.4714147135212942,football-data.co.uk,2026-08-10T00:34:19.480312
E0,2023-10-03,19:30,Luton,Burnley,1,2,A,0,1,A,P Bankes,18,14,3,4,14,6,7,6,4,2,0,0,2.9,3.0,2.63,2.85,3.1,2.55,2.9,3.1,2.6,2.94,3.23,2.65,2.88,3.1,2.6,2.88,3.13,2.63,3.0,3.3,2.72,2.92,3.18,2.63,2.2,1.65,2.25,1.7,2.31,1.73,2.24,1.67,0.0,2.08,1.85,2.06,1.85,2.09,1.88,2.03,1.83,2.88,3.1,2.6,2.8,3.1,2.6,2.85,3.15,2.6,2.95,3.22,2.69,2.88,3.1,2.6,2.88,3.13,2.63,3.13,3.3,2.7,2.94,3.16,2.62,2.2,1.65,2.29,1.69,2.35,1.74,2.22,1.66,0.0,2.06,1.87,2.06,1.88,2.14,1.88,2.05,1.82,3,-1,1,0,1,0.3401360544217687,0.30959752321981426,0.37735849056603776,0.027092068207620557,0.33116413313885334,0.3014311304731359,0.3674047363880109,football-data.co.uk,2026-08-10T00:34:19.480312
E0,2023-10-07,12:30,Luton,Tottenham,0,1,A,0,0,D,J Brooks,12,15,2,4,16,7,5,6,2,1,0,1,6.0,4.75,1.45,6.25,4.75,1.47,6.0,4.7,1.5,6.91,4.98,1.46,6.5,4.6,1.44,6.5,4.75,1.45,7.1,5.1,1.54,6.46,4.79,1.48,1.53,2.4,1.55,2.54,1.58,2.57,1.55,2.46,1.25,1.88,2.02,1.92,1.98,1.94,2.07,1.85,2.01,7.0,5.0,1.4,6.5,5.0,1.43,6.25,4.9,1.45,6.8,5.15,1.45,7.5,4.8,1.4,7.5,5.0,1.4,7.8,5.3,1.49,6.8,5.05,1.44,1.48,2.6,1.51,2.68,1.53,2.83,1.49,2.65,1.25,1.91,2.02,1.96,1.96,1.98,2.02,1.93,1.92,1,-1,0,0,0,0.1447178002894356,0.2008032128514056,0.684931506849315,0.03045251999015619,0.14044101739963533,0.19486896189387148,0.6646900207064932,football-data.co.uk,2026-08-10T00:34:19.480312
E0,2023-10-07,15:00,Burnley,Chelsea,1,4,A,1,1,D,S Attwell,10,9,3,5,11,8,7,3,2,4,0,0,4.5,3.8,1.73,4.75,3.9,1.7,4.5,3.9,1.75,4.58,3.98,1.78,4.75,3.8,1.7,4.75,3.75,1.7,4.92,4.1,1.8,4.63,3.92,1.76,1.85,2.05,1.84,2.06,1.87,2.1,1.8,2.04,0.75,1.91,1.99,1.89,2.01,1.94,2.04,1.89,1.94,5.25,4.0,1.67,5.0,3.8,1.68,5.0,3.85,1.7,5.2,4.07,1.69,5.0,4.0,1.65,5.5,3.9,1.65,5.64,4.2,1.83,5.16,3.99,1.68,1.85,2.05,1.88,2.02,1.96,2.1,1.85,1.99,0.75,2.05,1.88,2.03,1.89,2.11,1.91,2.0,1.85,5,-3,1,1,1,0.2183406113537118,0.25125628140703515,0.5617977528089888,0.03139464556973581,0.21169453641394642,0.243608285622079,0.5446971779639745,football-data.co.uk,2026-08-10T00:34:19.480312
E0,2023-10-07,15:00,Everton,Bournemouth,3,0,H,2,0,H,D Coote,25,11,8,4,14,15,8,7,1,2,0,0,1.91,3.6,3.8,1.95,3.6,3.7,1.95,3.65,3.75,1.99,3.71,3.88,1.91,3.7,3.7,1.93,3.5,3.75,2.03,3.85,3.99,1.97,3.7,3.81,1.85,2.05,1.85,2.04,1.87,2.1,1.83,2.01,-0.5,1.98,1.92,1.99,1.92,2.01,1.95,1.96,1.9,1.85,3.75,4.0,1.9,3.6,3.9,1.9,3.65,3.9,1.93,3.78,4.18,1.85,3.8,3.9,1.91,3.7,3.9,1.97,3.85,4.34,1.92,3.72,4.03,1.86,2.04,1.88,2.03,1.9,2.1,1.83,2.02,-0.5,1.91,2.02,1.93,2.0,1.94,2.02,1.91,1.96,3,3,1,0,0,0.5025125628140703,0.2695417789757412,0.2577319587628866,0.029786300552698153,0.48797751780574866,0.2617453532165606,0.2502771289776907,football-data.co.uk,2026-08-10T00:34:19.480312
E0,2023-10-07,15:00,Fulham,Sheffield United,3,1,H,0,0,D,S Barrott,20,5,6,2,8,10,9,4,1,2,0,0,1.62,3.8,6.0,1.63,4.0,5.75,1.63,3.9,5.5,1.64,4.0,5.9,1.6,3.9,5.5,1.6,3.75,5.75,1.68,4.16,6.2,1.64,3.96,5.69,1.96,1.94,1.96,1.93,2.0,1.96,1.93,1.9,-1.0,2.08,1.73,2.12,1.79,2.15,1.82,2.11,1.77,1.45,4.2,7.5,1.5,4.4,6.75,1.5,4.4,6.25,1.52,4.56,6.57,1.5,4.33,6.5,1.5,4.2,7.0,1.57,4.6,7.5,1.52,4.41,6.6,1.73,2.08,1.78,2.13,1.87,2.16,1.78,2.07,-1.0,1.84,2.09,1.85,2.08,1.92,2.12,1.84,2.03,4,2,1,1,1,0.6097560975609756,0.25,0.1694915254237288,0.029247622984704513,0.5924289587307962,0.24289587307962646,0.16467516818957725,football-data.co.uk,2026-08-10T00:34:19.480312
E0,2023-10-07,15:00,Man United,Brentford,2,1,H,0,1,A,A Madley,21,11,8,3,10,17,7,5,0,5,0,0,1.67,4.2,4.75,1.63,4.2,4.8,1.67,4.2,4.6,1.7,4.23,4.87,1.65,4.2,4.6,1.65,3.9,4.8,1.74,4.35,5.0,1.69,4.2,4.78,1.65,2.2,1.68,2.28,1.72,2.32,1.64,2.23,-0.75,1.88,2.02,1.88,2.03,1.91,2.06,1.85,2.0,1.6,4.33,5.0,1.65,4.1,5.0,1.65,4.2,4.8,1.63,4.33,5.41,1.6,4.2,5.0,1.6,4.1,5.5,1.74,4.35,5.5,1.66,4.19,5.12,1.62,2.25,1.67,2.31,1.75,2.36,1.67,2.24,-1.0,2.06,1.87,2.07,1.87,2.2,1.89,2.1,1.79,3,1,1,0,1,0.5882352941176471,0.23640661938534277,0.2053388090349076,0.02998072253789741,0.5711129162381031,0.22952528548576243,0.19936179827613454,football-data.co.uk,2026-08-10T00:34:19.480312
E0,2023-10-07,17:30,Crystal Palace,Nott'm Forest,0,0,D,0,0,D,C Pawson,8,16,2,5,7,12,3,7,0,1,0,0,2.2,3.1,3.6,2.2,3.2,3.4,2.25,3.2,3.45,2.26,3.3,3.54,2.15,3.25,3.5,2.2,3.1,3.5,2.31,3.44,3.65,2.24,3.25,3.49,2.25,1.62,2.31,1.67,2.35,1.71,2.28,1.65,-0.25,1.91,1.99,1.93,1.98,1.95,2.01,1.89,1.95,2.25,3.1,3.4,2.25,3.1,3.5,2.3,3.15,3.35,2.34,3.12,3.64,2.25,3.2,3.3,2.25,3.13,3.5,2.42,3.26,3.8,2.31,3.17,3.46,2.35,1.57,2.51,1.59,2.51,1.68,2.4,1.59,-0.25,1.99,1.94,1.98,1.94,2.03,2.01,1.94,1.91,0,0,0,0,0,0.4424778761061947,0.30303030303030304,0.2824858757062147,0.027994054842712446,0.43042843878498477,0.2947782641375956,0.2747932970774196,football-data.co.uk,2026-08-10T00:34:19.480312
E0,2023-10-08,14:00,Brighton,Liverpool,2,2,D,1,2,A,A Taylor,14,14,3,4,12,20,8,1,1,2,0,0,3.0,3.8,2.2,2.95,4.0,2.15,2.95,3.95,2.2,3.14,4.02,2.17,2.88,4.2,2.1,3.0,4.0,2.1,3.25,4.32,2.21,3.05,4.01,2.17,1.36,3.1,1.38,3.19,1.38,3.39,1.35,3.22,0.25,2.0,1.9,2.0,1.91,2.03,1.93,1.96,1.87,3.2,4.2,2.05,3.2,4.1,2.0,3.25,4.0,2.05,3.26,4.19,2.1,3.2,4.0,2.0,3.13,4.1,2.05,3.5,4.4,2.1,3.25,4.19,2.04,1.3,3.5,1.35,3.4,1.35,3.67,1.31,3.45,0.5,1.83,2.1,1.83,2.09,1.89,2.11,1.83,2.05,4,0,1,1,1,0.3184713375796178,0.24875621890547267,0.4608294930875576,0.028057049572648207,0.30977982954545447,0.24196732954545455,0.44825284090909084,football-data.co.uk,2026-08-10T00:34:19.480312
E0,2023-10-08,14:00,West Ham,Newcastle,2,2,D,1,0,H,P Bankes,5,10,3,3,11,18,4,2,3,3,0,0,3.2,3.75,2.1,3.1,3.6,2.15,3.2,3.7,2.15,3.41,3.79,2.12,3.3,3.7,2.05,3.3,3.5,2.1,3.47,3.84,2.2,3.32,3.72,2.13,1.7,2.1,1.75,2.17,1.79,2.21,1.72,2.15,0.25,2.06,1.84,2.06,1.85,2.11,1.88,2.01,1.83,3.4,3.75,2.0,3.3,3.6,2.1,3.35,3.65,2.1,3.58,3.73,2.11,3.3,3.6,2.1,3.5,3.6,2.05,3.6,3.8,2.23,3.39,3.67,2.13,1.73,2.08,1.79,2.13,1.84,2.14,1.78,2.08,0.25,2.03,1.78,2.1,1.82,2.1,1.93,2.01,1.83,4,0,1,1,1,0.29325513196480935,0.2638522427440633,0.4716981132075471,0.02880548791641968,0.28504429205439213,0.25646465327321305,0.4584910546723949,football-data.co.uk,2026-08-10T00:34:19.480312
E0,2023-10-08,14:00,Wolves,Aston Villa,1,1,D,0,0,D,R Jones,8,18,3,4,19,9,2,10,2,2,1,0,3.5,3.4,2.1,3.4,3.6,2.05,3.35,3.5,2.15,3.39,3.64,2.18,3.3,3.6,2.1,3.3,3.5,2.1,3.5,3.77,2.21,3.4,3.59,2.14,1.75,2.05,1.8,2.09,1.85,2.12,1.8,2.04,0.25,2.04,1.86,2.02,1.89,2.07,1.9,2.0,1.84,3.75,3.4,2.0,3.5,3.5,2.05,3.65,3.35,2.1,3.7,3.68,2.08,3.5,3.6,2.0,3.6,3.5,2.0,3.8,3.78,2.11,3.63,3.61,2.06,1.84,2.06,1.87,2.05,1.88,2.1,1.83,2.03,0.5,1.85,2.08,1.85,2.08,1.88,2.1,1.83,2.05,2,0,0,0,1,0.2949852507374631,0.2747252747252747,0.4587155963302752,0.02842612179301307,0.28683173685161756,0.26713175492499547,0.4460365082233869,football-data.co.uk,2026-08-10T00:34:19.480312
E0,2023-10-08,16:30,Arsenal,Man City,1,0,H,0,0,D,M Oliver,12,4,2,1,8,7,5,4,2,3,0,0,2.9,3.3,2.4,2.85,3.5,2.4,2.85,3.45,2.45,2.99,3.49,2.46,2.75,3.6,2.4,2.88,3.4,2.38,3.05,3.66,2.51,2.92,3.49,2.44,1.75,2.05,1.79,2.1,1.85,2.16,1.78,2.05,0.25,1.79,2.11,1.81,2.12,1.83,2.13,1.79,2.07,2.9,3.3,2.45,2.95,3.2,2.45,2.9,3.25,2.5,3.0,3.39,2.56,2.9,3.25,2.45,3.0,3.25,2.45,3.31,3.41,2.6,3.0,3.3,2.5,2.08,1.82,2.05,1.86,2.13,2.04,2.03,1.82,0.25,1.73,2.08,1.78,2.17,1.85,2.23,1.76,2.11,1,1,0,0,0,0.33444816053511706,0.28653295128939826,0.4065040650406504,0.027485176865165606,0.32550168904189053,0.2788682092364621,0.3956301017216475,football-data.co.uk,2026-08-10T00:34:19.480312
E0,2023-10-21,12:30,Liverpool,Everton,2,0,H,0,0,D,C Pawson,26,6,6,1,9,9,12,4,1,1,0,1,1.33,5.75,7.5,1.36,5.25,7.75,1.37,5.5,7.25,1.37,5.77,7.65,1.33,5.5,8.0,1.33,5.5,8.5,1.4,6.0,8.8,1.36,5.66,8.01,1.4,2.88,1.41,3.01,1.43,3.07,1.41,2.92,-1.5,2.0,1.93,2.0,1.91,2.04,1.96,1.95,1.91,1.4,5.25,7.0,1.38,5.25,7.0,1.4,5.5,6.75,1.4,5.5,7.4,1.35,5.5,7.5,1.36,5.25,8.0,1.42,5.9,8.0,1.39,5.43,7.38,1.4,2.88,1.41,3.07,1.47,3.1,1.41,2.94,-1.5,2.11,1.82,2.09,1.83,2.11,1.93,2.03,1.84,2,2,0,0,0,0.7299270072992701,0.1733102253032929,0.13071895424836602,0.03395618685092905,0.705955452060666,0.16761853887748918,0.12642600906184476,football-data.co.uk,2026-08-10T00:34:19.480312
E0,2023-10-21,15:00,Bournemouth,Wolves,1,2,A,1,0,H,P Tierney,7,20,4,7,15,10,3,12,2,6,1,0,2.38,3.4,3.0,2.37,3.4,2.87,2.4,3.45,2.9,2.45,3.49,3.01,2.38,3.5,2.8,2.38,3.4,2.9,2.48,3.7,3.05,2.41,3.48,2.95,1.85,2.05,1.86,2.03,1.88,2.07,1.82,2.02,-0.25,2.1,1.83,2.11,1.82,2.12,1.85,2.06,1.8,2.25,3.4,3.1,2.25,3.4,3.1,2.35,3.4,3.0,2.31,3.46,3.32,2.3,3.4,3.0,2.38,3.3,3.0,2.49,3.6,3.32,2.35,3.42,3.11,1.96,1.94,1.95,1.95,2.02,2.1,1.91,1.93,-0.25,2.01,1.92,1.99,1.93,2.11,1.94,2.01,1.85,3,-1,1,0,1,0.4081632653061224,0.28653295128939826,0.33222591362126247,0.026922130216783025,0.39746272214423817,0.27902110866859126,0.32351616918717063,football-data.co.uk,2026-08-10T00:34:19.480312
E0,2023-10-21,15:00,Brentford,Burnley,3,0,H,1,0,H,J Smith,23,6,10,1,14,12,5,5,5,2,0,1,1.83,3.75,4.2,1.8,3.6,4.5,1.83,3.65,4.3,1.87,3.77,4.37,1.75,3.8,4.4,1.8,3.6,4.33,1.9,3.86,4.53,1.83,3.74,4.4,1.95,1.95,1.97,1.92,2.01,1.97,1.92,1.92,-0.5,1.86,2.07,1.87,2.04,1.88,2.08,1.84,2.04,1.7,3.8,4.75,1.73,3.7,4.75,1.73,3.8,4.7,1.74,3.9,5.09,1.75,3.7,4.6,1.75,3.75,4.8,1.83,3.99,5.2,1.75,3.81,4.9,1.92,1.98,1.93,1.98,2.0,2.0,1.92,1.92,-0.75,1.96,1.97,1.96,1.96,2.01,2.01,1.95,1.91,3,3,1,0,0,0.53475935828877,0.26525198938992045,0.22883295194508008,0.028844299623770553,0.5197670419949079,0.25781548236882706,0.22241747563626496,football-data.co.uk,2026-08-10T00:34:19.480312
E0,2023-10-21,15:00,Man City,Brighton,2,1,H,2,0,H,R Jones,10,5,6,3,9,11,2,2,2,2,1,0,1.4,5.25,6.5,1.41,5.25,6.5,1.43,5.5,6.5,1.42,5.45,6.93,1.4,5.5,6.5,1.36,5.25,7.0,1.46,5.7,7.3,1.41,5.36,6.83,1.36,3.1,1.39,3.13,1.41,3.2,1.37,3.09,-1.25,1.87,2.06,1.88,2.02,1.9,2.08,1.84,2.02,1.36,6.0,6.5,1.36,5.5,7.0,1.37,5.5,7.25,1.36,5.69,7.74,1.3,5.8,8.5,1.33,5.5,8.5,1.4,6.2,8.5,1.36,5.74,7.8,1.33,3.4,1.38,3.19,1.43,3.4,1.38,3.1,-1.5,2.03,1.9,2.03,1.9,2.04,1.98,1.95,1.92,3,1,1,0,1,0.7042253521126761,0.18348623853211007,0.14430014430014432,0.03201173494493048,0.6823811476816729,0.17779472104733493,0.13982413127099216,football-data.co.uk,2026-08-10T00:34:19.480312
E0,2023-10-21,15:00,Newcastle,Crystal Palace,4,0,H,3,0,H,T Robinson,10,17,7,3,7,12,6,8,2,3,0,0,1.45,4.5,7.0,1.47,4.33,7.0,1.45,4.5,7.0,1.46,4.63,7.7,1.44,4.5,7.5,1.4,4.4,7.5,1.5,4.8,8.0,1.46,4.53,7.44,1.85,2.05,1.85,2.04,1.87,2.1,1.82,2.03,-1.25,2.06,1.87,2.06,1.85,2.07,1.88,2.02,1.83,1.45,4.5,7.0,1.46,4.33,7.25,1.45,4.4,7.5,1.48,4.49,7.68,1.4,4.4,8.5,1.44,4.2,8.5,1.52,4.7,8.5,1.46,4.45,7.75,2.01,1.89,2.04,1.87,2.05,2.03,1.98,1.87,-1.25,2.11,1.82,2.13,1.82,2.18,1.87,2.07,1.8,4,4,1,1,0,0.684931506849315,0.2159827213822894,0.12987012987012986,0.03078435810173441,0.66447603852921,0.20953240091849817,0.12599156055229174,football-data.co.uk,2026-08-10T00:34:19.480312
E0,2023-10-21,15:00,Nott'm Forest,Luton,2,2,D,0,0,D,S Barrott,19,13,8,4,12,11,4,2,3,0,0,0,1.67,3.75,5.5,1.65,3.75,5.5,1.67,3.75,5.25,1.7,3.89,5.43,1.62,3.8,5.5,1.65,3.6,5.5,1.75,3.97,5.75,1.69,3.82,5.33,2.08,1.82,2.11,1.78,2.15,1.84,2.03,1.8,-0.75,1.94,1.99,1.94,1.96,1.94,2.04,1.88,1.96,1.73,3.75,5.25,1.7,3.6,5.0,1.73,3.7,5.0,1.76,3.65,5.39,1.7,3.7,5.0,1.7,3.6,5.5,1.81,3.78,5.98,1.73,3.67,5.27,2.1,1.7,2.18,1.78,2.24,1.81,2.12,1.75,-0.75,1.98,1.95,2.0,1.93,2.01,2.0,1.94,1.92,4,0,1,1,1,0.5882352941176471,0.2570694087403599,0.1841620626151013,0.029466765473108225,0.5713980420216033,0.24971122659041786,0.17889073138797892,football-data.co.uk,2026-08-10T00:34:19.480312
E0,2023-10-21,17:30,Chelsea,Arsenal,2,2,D,1,0,H,C Kavanagh,11,13,5,3,7,14,2,7,3,3,0,0,3.2,3.4,2.25,3.1,3.4,2.2,3.15,3.45,2.25,3.33,3.5,2.26,3.0,3.5,2.25,3.25,3.3,2.2,3.4,3.56,2.36,3.24,3.47,2.26,1.98,1.92,1.99,1.9,2.01,1.98,1.92,1.9,0.25,1.96,1.97,1.96,1.94,2.0,2.01,1.91,1.93,3.3,3.25,2.25,3.2,3.25,2.25,3.25,3.2,2.3,3.35,3.44,2.31,3.25,3.2,2.25,3.25,3.3,2.3,3.5,3.5,2.41,3.3,3.33,2.32,2.05,1.85,2.04,1.88,2.19,1.88,2.07,1.79,0.25,1.94,1.99,1.94,1.98,1.95,2.06,1.89,1.97,4,0,1,1,1,0.3003003003003003,0.2857142857142857,0.4424778761061947,0.028492462120780715,0.29198104153439547,0.2777991052312962,0.43021985323430834,football-data.co.uk,2026-08-10T00:34:19.480312
E0,2023-10-21,20:00,Sheffield United,Man United,1,2,A,1,1,D,M Oliver,12,14,6,5,12,10,5,4,3,1,0,0,6.5,5.25,1.4,7.0,4.75,1.43,7.0,5.0,1.43,7.57,5.24,1.41,7.5,5.0,1.4,7.5,4.8,1.4,7.8,5.4,1.46,7.27,5.07,1.42,1.53,2.4,1.55,2.57,1.59,2.6,1.55,2.47,1.25,2.02,1.91,2.02,1.88,2.02,1.94,1.97,1.88,7.5,5.75,1.36,7.75,5.25,1.36,7.25,5.5,1.37,7.8,5.6,1.38,8.0,5.5,1.33,8.5,5.5,1.33,8.5,5.8,1.41,7.91,5.54,1.37,1.44,2.7,1.47,2.83,1.53,2.83,1.46,2.74,1.5,1.91,2.02,1.9,2.03,1.95,2.05,1.89,1.98,3,-1,1,0,1,0.1321003963011889,0.19083969465648853,0.7092198581560284,0.0321599491137059,0.12798442374616525,0.18489352819818147,0.6871220480556532,football-data.co.uk,2026-08-10T00:34:19.480312
E0,2023-10-22,16:30,Aston Villa,West Ham,4,1,H,1,0,H,D Coote,15,14,7,4,9,15,8,7,0,1,0,0,1.85,3.6,4.0,1.9,3.7,3.75,1.9,3.8,3.85,1.9,3.93,4.01,1.85,3.9,3.75,1.85,3.8,3.8,1.95,4.03,4.1,1.9,3.86,3.88,1.57,2.35,1.59,2.47,1.63,2.5,1.58,2.39,-0.5,1.91,2.02,1.9,2.0,1.93,2.03,1.89,1.97,1.73,3.8,4.5,1.8,3.9,4.1,1.8,3.75,4.4,1.79,4.02,4.54,1.75,3.9,4.33,1.8,3.9,4.2,1.9,4.1,4.54,1.81,3.94,4.31,1.6,2.3,1.67,2.32,1.7,2.45,1.63,2.3,-0.75,2.03,1.9,2.02,1.91,2.1,1.91,2.02,1.85,5,3,1,1,1,0.5263157894736842,0.2544529262086514,0.24937655860349128,0.030145274285826806,0.5109141425111767,0.24700683734637044,0.24207902014245286,football-data.co.uk,2026-08-10T00:34:19.480312
E0,2023-10-23,20:00,Tottenham,Fulham,2,0,H,1,0,H,A Taylor,15,10,5,3,10,14,3,5,2,0,0,0,1.5,4.5,6.0,1.5,4.6,5.75,1.5,4.7,5.75,1.51,4.85,6.06,1.5,4.6,5.8,1.45,4.6,6.0,1.55,5.0,6.4,1.51,4.7,5.99,1.5,2.5,1.52,2.63,1.54,2.66,1.51,2.55,-1.0,1.83,2.1,1.81,2.09,1.83,2.13,1.81,2.07,1.5,4.6,6.0,1.5,4.6,6.0,1.47,4.8,6.25,1.52,4.72,6.13,1.44,4.8,6.0,1.45,4.75,6.0,1.54,4.98,6.65,1.5,4.74,6.22,1.5,2.5,1.52,2.66,1.59,2.79,1.51,2.6,-1.0,1.8,2.0,1.85,2.09,1.85,2.17,1.79,2.1,2,2,0,0,0,0.6622516556291391,0.2061855670103093,0.16501650165016502,0.03345372428961335,0.6408140394330331,0.19951117516368658,0.15967478540328048,football-data.co.uk,2026-08-10T00:34:19.480312
E0,2023-10-27,20:00,Crystal Palace,Tottenham,1,2,A,0,0,D,A Madley,13,10,3,1,19,11,11,2,2,1,0,0,4.5,3.75,1.75,4.5,3.7,1.77,4.5,3.75,1.77,4.7,3.84,1.79,4.6,3.75,1.73,4.8,3.7,1.75,5.0,3.95,1.83,4.64,3.83,1.79,1.94,1.96,1.95,1.95,1.99,2.08,1.89,1.96,0.75,1.89,2.04,1.88,2.04,1.92,2.07,1.86,1.99,4.5,3.8,1.75,4.4,3.7,1.78,4.6,3.8,1.75,4.58,3.85,1.81,4.5,3.75,1.75,4.75,3.75,1.75,5.0,4.17,1.86,4.54,3.84,1.79,1.92,1.98,1.93,1.98,2.0,2.04,1.89,1.96,0.75,1.87,2.06,1.87,2.07,1.92,2.1,1.84,2.02,3,-1,1,0,1,0.2127659574468085,0.2604166666666667,0.5586592178770949,0.03184184199057016,0.20620016439375305,0.2523804095444373,0.5414194260618096,football-data.co.uk,2026-08-10T00:34:19.480312
E0,2023-10-28,12:30,Chelsea,Brentford,0,2,A,0,0,D,S Hooper,17,7,2,5,12,7,10,1,1,4,0,0,1.65,4.0,5.25,1.61,4.1,5.25,1.63,4.1,5.25,1.66,4.15,5.32,1.62,4.0,5.5,1.62,3.9,5.25,1.7,4.22,5.75,1.65,4.1,5.31,1.8,2.0,1.82,2.06,1.86,2.11,1.81,2.04,-0.75,1.86,2.07,1.85,2.07,1.87,2.11,1.82,2.05,1.62,4.0,5.25,1.65,3.9,5.25,1.6,4.2,5.5,1.65,4.05,5.6,1.6,4.0,5.5,1.62,4.0,5.5,1.7,4.32,5.9,1.65,4.07,5.39,1.85,2.05,1.87,2.04,1.87,2.1,1.81,2.04,-0.75,1.83,2.1,1.85,2.09,1.87,2.16,1.8,2.06,2,-2,0,0,0,0.6024096385542169,0.24096385542168672,0.18796992481203006,0.031343418787933786,0.5841018884497146,0.23364075537988577,0.18225735617039962,football-data.co.uk,2026-08-10T00:34:19.480312
E0,2023-10-28,15:00,Arsenal,Sheffield United,5,0,H,1,0,H,T Robinson,13,2,8,0,9,13,6,1,0,3,0,0,1.13,8.5,19.0,1.13,9.25,19.5,1.12,9.5,22.0,1.13,10.16,21.31,1.1,9.0,23.0,1.1,9.0,22.0,1.14,11.0,26.0,1.13,9.61,21.6,1.36,3.1,1.35,3.25,1.39,3.3,1.36,3.13,-2.5,2.03,1.78,2.07,1.81,2.11,1.89,2.05,1.82,1.13,8.5,19.0,1.13,9.5,19.5,1.12,9.5,21.0,1.13,9.5,21.0,1.1,10.0,19.0,1.1,9.5,22.0,1.15,11.0,27.0,1.13,9.57,21.8,1.36,3.1,1.36,3.21,1.4,3.3,1.36,3.18,-2.25,1.86,2.07,1.83,2.07,1.91,2.1,1.83,2.04,5,5,1,1,0,0.8849557522123894,0.09842519685039369,0.04692632566870014,0.030307274731483425,0.8589241034360596,0.09552994457507355,0.04554595198886661,football-data.co.uk,2026-08-10T00:34:19.480312
E0,2023-10-28,15:00,Bournemouth,Burnley,2,1,H,1,1,D,S Barrott,13,6,6,3,9,12,10,5,2,3,0,0,2.15,3.5,3.3,2.1,3.6,3.25,2.15,3.6,3.25,2.1,3.76,3.49,2.1,3.6,3.25,2.1,3.5,3.4,2.19,3.82,3.56,2.13,3.66,3.38,1.75,2.05,1.8,2.09,1.85,2.12,1.8,2.05,-0.25,1.87,2.06,1.83,2.09,1.88,2.09,1.84,2.02,2.15,3.5,3.25,2.15,3.5,3.25,2.2,3.55,3.2,2.13,3.65,3.51,2.15,3.5,3.25,2.15,3.5,3.4,2.24,3.72,3.53,2.17,3.58,3.35,1.87,2.03,1.83,2.07,1.9,2.09,1.83,2.02,-0.25,1.87,2.06,1.88,2.08,1.91,2.08,1.86,2.0,3,1,1,0,1,0.47619047619047616,0.26595744680851063,0.28653295128939826,0.02868087428838506,0.4629137063716602,0.2585422296224698,0.27854406400587,football-data.co.uk,2026-08-10T00:34:19.480312
E0,2023-10-28,17:30,Wolves,Newcastle,2,2,D,1,2,A,A Taylor,11,13,6,5,13,15,8,7,1,4,0,0,4.2,4.0,1.75,4.33,3.9,1.77,4.2,3.9,1.8,4.22,3.99,1.84,4.33,3.9,1.75,4.4,3.75,1.75,4.4,4.1,1.87,4.26,3.94,1.82,1.75,2.05,1.8,2.09,1.83,2.19,1.77,2.1,0.75,1.87,2.06,1.83,2.08,1.87,2.11,1.82,2.03,3.8,3.8,1.91,4.2,3.75,1.82,4.2,3.85,1.8,4.11,3.75,1.93,4.33,3.8,1.8,4.33,3.7,1.83,4.7,4.1,1.93,4.22,3.84,1.85,1.88,2.02,1.91,2.0,1.91,2.16,1.8,2.06,0.5,2.0,1.93,1.99,1.93,2.15,1.93,2.04,1.84,4,0,1,1,1,0.23696682464454977,0.2506265664160401,0.5434782608695652,0.031071651930155042,0.22982575866667504,0.24307386004345077,0.5271003812898742,football-data.co.uk,2026-08-10T00:34:19.480312
E0,2023-10-29,13:00,West Ham,Everton,0,1,A,0,0,D,S Attwell,12,10,2,4,7,11,4,3,4,1,0,0,2.15,3.5,3.3,2.1,3.6,3.25,2.15,3.55,3.25,2.18,3.62,3.41,2.1,3.7,3.2,2.1,3.5,3.3,2.21,3.81,3.47,2.15,3.64,3.32,1.73,2.08,1.77,2.13,1.8,2.19,1.74,2.12,-0.25,1.9,2.03,1.89,2.02,1.91,2.06,1.86,1.99,2.1,3.6,3.4,2.05,3.6,3.4,2.1,3.65,3.4,2.08,3.7,3.62,2.05,3.6,3.4,2.05,3.6,3.5,2.15,3.83,3.8,2.07,3.69,3.5,1.73,2.08,1.77,2.16,1.78,2.23,1.73,2.14,-0.5,2.09,1.84,2.09,1.85,2.1,1.86,2.06,1.82,1,-1,0,0,0,0.4587155963302752,0.27624309392265195,0.29325513196480935,0.028213822217736606,0.4461286032324283,0.26866308150461155,0.28520831526296003,football-data.co.uk,2026-08-10T00:34:19.480312
E0,2023-10-29,14:00,Aston Villa,Luton,3,1,H,1,0,H,J Brooks,17,7,6,1,11,10,6,4,3,2,0,0,1.25,6.5,9.5,1.25,6.25,11.0,1.25,6.25,12.0,1.28,6.23,10.8,1.25,6.0,10.0,1.22,6.0,12.0,1.31,6.5,12.0,1.28,6.19,10.79,1.48,2.6,1.5,2.64,1.54,2.69,1.51,2.59,-1.75,2.0,1.93,1.98,1.91,2.04,1.95,1.97,1.88,1.36,5.5,7.5,1.37,5.5,7.25,1.35,5.5,7.75,1.34,5.85,8.55,1.3,6.0,8.0,1.33,5.5,9.0,1.38,6.4,10.0,1.34,5.71,8.49,1.44,2.7,1.47,2.8,1.53,2.93,1.46,2.74,-1.5,1.97,1.96,1.97,1.94,1.98,2.06,1.92,1.95,4,2,1,1,1,0.78125,0.16051364365971107,0.09259259259259259,0.03435623625230377,0.7553007103535602,0.15518216841935106,0.08951712122708862,football-data.co.uk,2026-08-10T00:34:19.480312
E0,2023-10-29,14:00,Brighton,Fulham,1,1,D,1,0,H,M Salisbury,18,10,7,5,12,8,7,3,0,3,0,0,1.55,4.2,5.5,1.52,4.6,5.5,1.55,4.6,5.25,1.59,4.65,5.36,1.53,4.4,5.5,1.53,4.33,5.5,1.62,4.8,5.75,1.56,4.6,5.42,1.5,2.5,1.54,2.58,1.56,2.68,1.5,2.59,-1.0,1.95,1.98,1.96,1.94,1.97,2.0,1.92,1.95,1.62,4.0,5.5,1.6,4.2,5.25,1.6,4.3,5.25,1.64,4.32,5.29,1.57,4.2,5.5,1.6,4.33,5.25,1.68,4.56,5.5,1.61,4.3,5.3,1.65,2.2,1.68,2.29,1.72,2.45,1.64,2.29,-1.0,2.05,1.88,2.08,1.85,2.12,1.98,2.02,1.85,2,0,0,0,1,0.6289308176100629,0.2150537634408602,0.18656716417910446,0.03055174523002746,0.6102855295923839,0.2086782778606216,0.1810361925469945,football-data.co.uk,2026-08-10T00:34:19.480312
E0,2023-10-29,14:00,Liverpool,Nott'm Forest,3,0,H,2,0,H,C Kavanagh,21,9,8,1,9,13,8,3,2,3,0,0,1.29,5.75,11.0,1.27,6.25,9.75,1.25,6.25,11.0,1.27,6.51,10.09,1.25,6.5,10.0,1.25,6.0,11.0,1.3,6.9,11.5,1.27,6.38,10.39,1.4,2.88,1.42,2.96,1.43,3.07,1.41,2.91,-1.75,1.97,1.96,1.95,1.93,2.0,1.96,1.93,1.92,1.22,7.0,11.0,1.23,6.75,12.0,1.25,6.75,10.0,1.22,7.31,12.08,1.2,7.0,12.0,1.22,6.5,12.0,1.26,7.52,16.07,1.23,6.96,12.16,1.44,2.7,1.44,2.87,1.5,2.93,1.44,2.79,-1.75,1.93,2.0,1.84,2.08,1.93,2.16,1.83,2.03,3,3,1,0,0,0.7874015748031495,0.15360983102918588,0.09910802775024777,0.040119433582583186,0.7570299615410768,0.14768480048497198,0.0952852379739512,football-data.co.uk,2026-08-10T00:34:19.480312
E0,2023-10-29,15:30,Man United,Man City,0,3,A,0,1,A,P Tierney,7,21,3,10,9,4,7,12,4,1,0,0,5.0,3.8,1.67,4.75,4.0,1.68,4.9,4.0,1.67,5.16,4.07,1.69,4.8,4.0,1.65,5.0,3.9,1.65,5.3,4.22,1.74,4.99,4.04,1.69,1.7,2.1,1.75,2.15,1.79,2.2,1.73,2.15,0.75,2.06,1.87,2.03,1.88,2.07,1.91,2.0,1.85,5.5,4.2,1.57,5.25,4.1,1.61,5.25,4.2,1.6,5.6,4.3,1.61,5.5,4.2,1.57,6.0,4.2,1.55,6.0,4.55,1.73,5.48,4.25,1.62,1.65,2.2,1.7,2.26,1.74,2.4,1.68,2.23,1.0,1.91,2.02,1.88,2.05,1.97,2.12,1.86,2.02,3,-3,1,0,0,0.19379844961240308,0.24570024570024568,0.591715976331361,0.031214671644009595,0.18793220746504774,0.23826294607362317,0.5738048464613292,football-data.co.uk,2026-08-10T00:34:19.480312
E0,2023-11-04,12:30,Fulham,Man United,0,1,A,0,0,D,J Brooks,18,12,3,5,9,15,9,4,5,2,0,0,3.2,3.6,2.2,3.2,3.6,2.15,3.2,3.6,2.2,3.22,3.68,2.22,3.2,3.5,2.1,3.25,3.5,2.2,3.5,3.75,2.26,3.24,3.61,2.2,1.75,2.05,1.81,2.07,1.85,2.13,1.79,2.05,0.25,1.99,1.94,1.97,1.93,2.01,1.96,1.96,1.89,2.9,3.6,2.3,2.9,3.5,2.3,2.95,3.5,2.35,3.03,3.59,2.38,2.9,3.5,2.25,3.0,3.5,2.3,3.35,3.71,2.55,3.0,3.56,2.36,1.75,2.05,1.81,2.1,1.9,2.14,1.81,2.04,0.25,1.85,2.08,1.86,2.07,1.98,2.14,1.84,2.02,1,-1,0,0,0,0.3105590062111801,0.2717391304347826,0.4504504504504504,0.03274858709641304,0.30071114121232645,0.26312224856078564,0.4361666102268879,football-data.co.uk,2026-08-10T00:34:19.480312
E0,2023-11-04,15:00,Brentford,West Ham,3,2,H,1,2,A,T Bramall,16,12,4,2,12,14,4,3,1,4,0,0,2.05,3.6,3.5,2.05,3.6,3.4,2.1,3.6,3.4,2.07,3.74,3.52,2.0,3.7,3.3,2.05,3.5,3.4,2.12,3.85,3.61,2.08,3.67,3.46,1.73,2.08,1.76,2.15,1.78,2.18,1.75,2.11,-0.25,1.75,2.05,1.81,2.1,1.84,2.13,1.79,2.06,2.15,3.5,3.3,2.1,3.6,3.3,2.15,3.6,3.25,2.16,3.71,3.39,2.1,3.6,3.1,2.15,3.6,3.3,2.21,3.89,3.68,2.15,3.66,3.33,1.7,2.1,1.73,2.22,1.82,2.27,1.72,2.17,-0.25,1.89,2.04,1.88,2.04,1.91,2.19,1.85,2.01,5,1,1,1,1,0.48309178743961356,0.267379679144385,0.2840909090909091,0.03456237567490761,0.4669527896995709,0.2584471322668747,0.27460007803355446,football-data.co.uk,2026-08-10T00:34:19.480312
E0,2023-11-04,15:00,Burnley,Crystal Palace,0,2,A,0,1,A,P Bankes,17,4,5,3,9,12,12,1,0,5,0,0,2.75,3.25,2.6,2.75,3.2,2.65,2.8,3.2,2.6,2.89,3.24,2.65,2.8,3.0,2.6,2.8,3.1,2.6,2.95,3.33,2.71,2.85,3.23,2.63,2.2,1.65,2.29,1.68,2.29,1.71,2.23,1.68,0.0,2.05,1.88,2.04,1.87,2.07,1.89,2.02,1.86,3.25,3.2,2.3,3.25,3.1,2.3,3.25,3.15,2.35,3.53,3.21,2.31,3.4,2.9,2.3,3.4,3.1,2.3,3.53,3.31,2.46,3.35,3.17,2.35,2.35,1.57,2.48,1.6,2.51,1.64,2.41,1.58,0.25,1.96,1.97,1.95,1.97,1.96,2.0,1.87,1.97,2,-2,0,0,0,0.3460207612456747,0.30864197530864196,0.37735849056603776,0.03202122712035438,0.33528453887637116,0.29906553004713354,0.3656499310764954,football-data.co.uk,2026-08-10T00:34:19.480312
E0,2023-11-04,15:00,Everton,Brighton,1,1,D,1,0,H,T Robinson,10,7,4,2,15,5,3,3,4,2,0,0,3.1,3.6,2.2,,,,3.05,3.7,2.2,3.1,3.87,2.21,3.0,3.8,2.1,3.1,3.6,2.15,3.17,3.98,2.25,3.09,3.81,2.2,1.57,2.35,1.62,2.41,1.62,2.48,1.59,2.41,0.25,1.96,1.97,1.96,1.94,1.99,1.97,1.93,1.92,2.8,3.4,2.45,,,,2.75,3.55,2.5,2.86,3.52,2.54,2.62,3.6,2.38,2.8,3.5,2.45,2.93,3.86,2.55,2.83,3.6,2.46,1.7,2.1,1.76,2.18,1.78,2.36,1.7,2.21,0.25,1.73,2.08,1.76,2.19,1.81,2.2,1.77,2.1,2,0,0,0,1,0.3225806451612903,0.25839793281653745,0.45248868778280543,0.03346726576063319,0.3121343615309098,0.2500301087198502,0.43783552974924,football-data.co.uk,2026-08-10T00:34:19.480312
E0,2023-11-04,15:00,Man City,Bournemouth,6,1,H,3,0,H,C Pawson,21,5,8,1,8,9,12,1,0,1,0,0,1.1,11.0,19.0,1.1,11.5,21.0,1.1,10.0,22.0,1.08,12.84,29.22,1.06,10.0,26.0,1.07,10.5,29.0,1.11,14.0,34.0,1.1,11.39,26.19,1.29,3.6,1.32,3.51,1.33,3.7,1.3,3.53,-2.5,1.89,2.04,1.86,2.03,1.91,2.06,1.86,2.01,1.09,11.0,21.0,1.1,11.5,21.0,1.1,11.0,20.0,1.09,11.5,28.5,1.06,11.0,26.0,1.07,12.0,29.0,1.11,14.0,32.0,1.1,11.54,26.43,1.3,3.5,1.32,3.58,1.35,3.75,1.31,3.51,-2.5,1.86,2.07,1.88,2.05,1.91,2.17,1.85,2.03,7,5,1,1,1,0.9259259259259258,0.0778816199376947,0.034223134839151265,0.03803068070277171,0.8920024649936664,0.07502824471909343,0.03296929028724024,football-data.co.uk,2026-08-10T00:34:19.480312
E0,2023-11-04,15:00,Sheffield United,Wolves,2,1,H,0,0,D,R Jones,11,10,2,3,13,10,4,4,2,3,0,0,3.8,3.5,2.0,3.6,3.6,1.98,3.75,3.6,1.97,3.91,3.68,1.97,3.6,3.6,1.91,3.9,3.5,1.93,4.1,3.79,2.01,3.83,3.64,1.98,1.91,1.99,1.91,1.98,1.95,2.02,1.89,1.94,0.5,1.93,2.0,1.93,1.98,1.94,2.02,1.9,1.98,4.2,3.6,1.85,4.1,3.6,1.85,3.9,3.6,1.95,4.35,3.76,1.87,4.0,3.6,1.83,4.1,3.6,1.9,4.37,3.83,2.0,4.12,3.68,1.91,1.89,2.01,1.92,1.98,1.95,2.01,1.89,1.95,0.5,2.06,1.87,2.05,1.88,2.08,2.0,1.97,1.91,3,1,1,0,1,0.2557544757033248,0.2717391304347826,0.5076142131979695,0.035107819336076984,0.24708003449086777,0.26252253664654696,0.4903974288625852,football-data.co.uk,2026-08-10T00:34:19.480312
E0,2023-11-04,17:30,Newcastle,Arsenal,1,0,H,0,0,D,S Attwell,9,14,2,1,14,9,0,11,5,1,0,0,2.8,3.2,2.6,2.8,3.4,2.45,2.8,3.35,2.55,2.83,3.41,2.59,2.7,3.4,2.45,2.75,3.3,2.5,2.89,3.5,2.65,2.82,3.39,2.56,1.95,1.95,1.95,1.93,2.0,1.96,1.92,1.91,0.0,2.06,1.87,2.04,1.87,2.08,1.88,2.02,1.84,2.8,3.0,2.7,2.75,3.2,2.6,2.75,3.2,2.7,2.84,3.23,2.73,2.75,3.2,2.5,2.7,3.2,2.7,2.94,3.35,2.83,2.8,3.23,2.68,2.1,1.7,2.17,1.76,2.24,1.81,2.12,1.75,0.0,2.03,1.9,2.0,1.93,2.07,2.0,1.97,1.91,1,1,0,0,0,0.35335689045936397,0.29325513196480935,0.3861003861003861,0.03271240852455959,0.3421638856496422,0.28396592269457105,0.3738701916557866,football-data.co.uk,2026-08-10T00:34:19.480312
E0,2023-11-05,14:00,Nott'm Forest,Aston Villa,2,0,H,1,0,H,J Gillett,5,13,3,3,6,9,0,10,1,1,0,0,4.2,3.75,1.85,3.9,3.75,1.87,4.0,3.75,1.85,4.17,3.76,1.89,3.9,3.8,1.8,4.1,3.6,1.83,4.3,3.9,1.93,4.09,3.77,1.89,1.73,2.08,1.78,2.13,1.8,2.16,1.76,2.1,0.5,2.04,1.89,2.01,1.9,2.05,1.91,2.0,1.88,3.75,3.75,1.91,3.75,3.7,1.93,3.75,3.75,1.95,3.93,3.81,1.95,3.7,3.75,1.85,3.9,3.75,1.9,4.27,3.9,1.99,3.91,3.75,1.94,1.7,2.1,1.74,2.2,1.85,2.25,1.75,2.12,0.5,1.96,1.97,1.96,1.96,2.0,1.99,1.94,1.95,2,2,0,0,0,0.23980815347721823,0.26595744680851063,0.5291005291005292,0.034866129386258216,0.23172867162967234,0.25699695763184405,0.5112743707384835,football-data.co.uk,2026-08-10T00:34:19.480312
E0,2023-11-05,16:30,Luton,Liverpool,1,1,D,0,0,D,A Madley,8,24,5,6,7,13,4,7,1,1,0,0,12.0,6.5,1.22,10.5,6.5,1.25,11.0,6.75,1.25,11.23,6.76,1.24,11.0,6.5,1.2,12.0,6.5,1.2,12.5,7.3,1.26,11.46,6.8,1.24,1.36,3.1,1.39,3.06,1.4,3.22,1.37,3.09,1.75,2.08,1.85,2.05,1.85,2.09,1.87,2.04,1.82,11.0,7.5,1.2,11.0,7.5,1.21,11.0,7.25,1.22,15.0,8.5,1.18,13.0,7.5,1.15,15.0,7.5,1.18,15.0,8.5,1.22,13.28,7.63,1.2,1.36,3.1,1.36,3.28,1.38,3.62,1.35,3.22,2.0,2.0,1.93,1.95,1.95,2.02,1.97,1.95,1.91,2,0,0,0,1,0.08904719501335707,0.14792899408284024,0.8064516129032259,0.0434278019994232,0.08534102200719998,0.141772141588884,0.772886836403916,football-data.co.uk,2026-08-10T00:34:19.480312
E0,2023-11-06,20:00,Tottenham,Chelsea,1,4,A,1,1,D,M Oliver,8,17,5,8,12,21,1,6,1,5,2,0,2.0,3.75,3.5,2.1,3.6,3.2,2.1,3.7,3.25,2.14,3.73,3.34,2.1,3.7,3.0,2.1,3.5,3.3,2.21,3.92,3.5,2.13,3.73,3.29,1.7,2.1,1.74,2.18,1.78,2.27,1.71,2.16,-0.25,1.88,2.05,1.88,2.04,1.89,2.07,1.85,2.0,2.3,3.6,2.9,2.3,3.5,2.95,2.25,3.45,3.15,2.37,3.65,3.0,2.25,3.5,2.9,2.25,3.6,3.1,2.4,3.75,3.21,2.32,3.63,3.04,1.67,2.15,1.71,2.25,1.77,2.29,1.7,2.21,-0.25,2.07,1.86,2.07,1.86,2.07,1.95,1.99,1.87,5,-3,1,1,1,0.4672897196261682,0.2680965147453083,0.29940119760479045,0.03478743197626688,0.4515803972741772,0.2590836595621285,0.28933594316369443,football-data.co.uk,2026-08-10T00:34:19.480312
E0,2023-11-11,12:30,Wolves,Tottenham,2,1,H,0,1,A,T Robinson,17,6,4,2,19,15,11,3,4,3,0,0,3.1,3.75,2.2,3.1,3.6,2.2,3.1,3.65,2.2,3.11,3.78,2.23,3.0,3.7,2.1,3.1,3.6,2.15,3.41,3.89,2.28,3.13,3.73,2.21,1.62,2.25,1.64,2.34,1.66,2.4,1.63,2.32,0.25,1.94,1.96,1.95,1.95,2.01,2.0,1.93,1.92,3.1,3.5,2.3,3.0,3.4,2.3,3.05,3.45,2.3,3.13,3.62,2.31,3.0,3.5,2.2,3.2,3.4,2.25,3.3,3.79,2.38,3.14,3.53,2.3,1.89,2.01,1.85,2.06,1.97,2.36,1.85,2.0,0.25,1.91,2.02,1.91,2.01,1.93,2.06,1.88,1.97,3,1,1,0,1,0.3215434083601286,0.2645502645502646,0.4484304932735426,0.03452416618393572,0.3108128537453218,0.255721686547077,0.4334654597076013,football-data.co.uk,2026-08-10T00:34:19.480312
E0,2023-11-11,15:00,Arsenal,Burnley,3,1,H,1,0,H,M Oliver,16,8,6,5,8,9,3,3,0,1,1,0,1.18,7.0,17.0,1.2,7.25,14.0,1.2,7.0,14.0,1.19,7.47,14.74,1.15,7.0,15.0,1.17,7.0,15.0,1.22,8.1,17.0,1.19,7.34,15.07,1.48,2.6,1.51,2.62,1.54,2.68,1.49,2.62,-2.0,1.99,1.91,2.0,1.89,2.05,1.96,1.98,1.88,1.2,6.5,15.0,1.2,6.75,15.0,1.2,6.75,14.0,1.19,7.49,16.59,1.15,6.5,17.0,1.17,7.0,19.0,1.26,8.2,19.0,1.2,7.07,16.18,1.62,2.25,1.66,2.31,1.75,2.74,1.62,2.31,-2.0,2.03,1.78,2.06,1.85,2.29,1.98,2.03,1.84,4,2,1,1,1,0.8403361344537815,0.13386880856760375,0.06784260515603799,0.04204754817742318,0.8064278217664426,0.12846708271781349,0.065105095515744,football-data.co.uk,2026-08-10T00:34:19.480312
E0,2023-11-11,15:00,Crystal Palace,Everton,2,3,A,1,1,D,S Barrott,13,8,4,4,9,18,9,2,1,4,0,0,2.45,3.2,3.0,2.4,3.2,3.0,2.45,3.2,3.05,2.45,3.2,3.19,2.38,3.2,2.9,2.38,3.1,3.1,2.5,3.3,3.27,2.44,3.21,3.11,2.25,1.62,2.36,1.64,2.4,1.67,2.29,1.64,-0.25,2.1,1.8,2.1,1.83,2.13,1.84,2.07,1.8,2.6,3.0,2.9,2.6,3.1,2.87,2.55,3.1,2.95,2.71,3.12,2.96,2.5,3.1,2.8,2.63,3.1,2.9,2.8,3.31,3.1,2.61,3.12,2.95,2.4,1.53,2.51,1.58,2.51,1.65,2.43,1.57,0.0,1.86,2.07,1.84,2.1,1.89,2.12,1.82,2.05,5,-1,1,1,1,0.4081632653061224,0.3125,0.31347962382445144,0.03414288913057395,0.39468749395866753,0.3021826125621049,0.3031298934792275,football-data.co.uk,2026-08-10T00:34:19.480312
E0,2023-11-11,15:00,Man United,Luton,1,0,H,0,0,D,G Scott,15,10,4,4,9,11,11,3,0,2,0,0,1.33,5.25,9.5,1.35,5.25,8.5,1.33,5.5,8.5,1.31,5.86,9.36,1.3,5.5,9.0,1.3,5.25,9.5,1.38,6.2,10.0,1.33,5.6,9.17,1.53,2.4,1.54,2.58,1.56,2.63,1.53,2.52,-1.5,1.93,1.97,1.92,1.99,2.02,2.02,1.92,1.94,1.29,6.0,9.5,1.3,5.75,9.5,1.3,6.0,9.0,1.29,6.14,10.06,1.25,5.8,9.5,1.29,5.75,10.5,1.33,6.17,11.0,1.29,5.95,9.95,1.44,2.7,1.47,2.76,1.54,2.76,1.48,2.66,-1.5,1.81,2.13,1.82,2.07,1.89,2.13,1.83,2.04,1,1,0,0,0,0.7633587786259541,0.1706484641638225,0.10683760683760685,0.04084484962738344,0.7334030416725723,0.16395187450359552,0.10264508382383225,football-data.co.uk,2026-08-10T00:34:19.480312
E0,2023-11-11,17:30,Bournemouth,Newcastle,2,0,H,0,0,D,C Kavanagh,19,8,10,5,10,4,6,5,2,1,0,0,4.75,4.0,1.73,4.8,3.9,1.68,4.7,3.95,1.73,4.52,4.06,1.76,4.5,4.0,1.65,4.6,3.8,1.7,5.0,4.2,1.78,4.67,4.03,1.73,1.7,2.1,1.73,2.19,1.74,2.3,1.69,2.2,0.75,1.94,1.96,1.93,1.98,2.0,2.02,1.93,1.92,4.0,3.6,1.91,3.9,3.6,1.93,4.0,3.65,1.9,3.9,3.76,1.97,3.8,3.6,1.85,4.1,3.6,1.9,4.33,3.87,2.0,3.97,3.71,1.93,1.83,2.07,1.83,2.06,1.9,2.11,1.82,2.03,0.5,1.97,1.96,1.94,1.98,2.0,2.0,1.93,1.95,2,2,0,0,0,0.22123893805309736,0.24630541871921185,0.5681818181818182,0.035726174954127554,0.2136075570967356,0.23780939854119335,0.548583044362071,football-data.co.uk,2026-08-10T00:34:19.480312
E0,2023-11-12,14:00,Aston Villa,Fulham,3,1,H,2,0,H,S Hooper,12,9,6,5,4,17,2,2,2,5,0,0,1.57,4.2,5.5,1.57,4.1,5.5,1.57,4.2,5.75,1.6,4.27,5.67,1.53,4.2,5.5,1.55,4.1,5.75,1.63,4.5,5.9,1.59,4.28,5.66,1.7,2.1,1.74,2.17,1.76,2.27,1.69,2.19,-1.0,2.02,1.88,2.03,1.88,2.06,1.92,1.99,1.87,1.62,4.0,5.25,1.66,4.1,4.75,1.65,4.1,4.9,1.64,4.22,5.4,1.6,4.0,5.0,1.65,3.9,5.25,1.7,4.4,6.0,1.65,4.13,5.21,1.7,2.1,1.75,2.18,1.82,2.36,1.71,2.19,-1.0,2.03,1.78,2.12,1.83,2.2,1.88,2.1,1.79,4,2,1,1,1,0.625,0.234192037470726,0.1763668430335097,0.035558880504235724,0.6035388346973319,0.22615038302476137,0.1703107822779067,football-data.co.uk,2026-08-10T00:34:19.480312
E0,2023-11-12,14:00,Brighton,Sheffield United,1,1,D,1,0,H,J Brooks,11,9,6,1,13,16,6,3,3,2,1,0,1.25,5.75,13.0,1.23,6.5,12.0,1.25,6.5,11.0,1.24,6.8,11.28,1.2,6.5,12.0,1.2,6.5,13.0,1.26,7.4,13.0,1.24,6.73,11.71,1.4,2.88,1.42,2.92,1.45,3.1,1.41,2.94,-1.75,1.88,2.02,1.86,2.03,1.91,2.09,1.84,2.02,1.25,6.0,10.0,1.27,6.0,10.5,1.27,6.25,9.5,1.27,6.23,11.19,1.22,6.0,12.0,1.25,6.0,13.0,1.33,6.65,13.0,1.27,6.18,10.88,1.5,2.5,1.51,2.64,1.56,2.89,1.49,2.65,-1.75,1.98,1.92,2.0,1.91,2.13,1.96,1.98,1.88,2,0,0,0,1,0.8064516129032259,0.14705882352941177,0.08865248226950355,0.04216291870214128,0.7738248966942148,0.14110924586776857,0.08506585743801652,football-data.co.uk,2026-08-10T00:34:19.480312
E0,2023-11-12,14:00,Liverpool,Brentford,3,0,H,1,0,H,P Tierney,17,16,10,3,16,12,6,8,1,2,0,0,1.4,5.0,6.5,1.4,5.0,7.0,1.43,5.25,6.5,1.41,5.26,7.17,1.36,5.0,7.0,1.4,4.8,7.0,1.45,5.5,7.6,1.42,5.16,7.05,1.44,2.7,1.47,2.77,1.48,2.86,1.46,2.73,-1.25,1.89,2.01,1.9,2.01,1.92,2.04,1.88,1.97,1.36,5.5,7.5,1.38,5.25,7.25,1.4,5.5,7.0,1.4,5.51,7.48,1.33,5.5,7.5,1.36,5.25,8.0,1.41,5.77,8.5,1.38,5.42,7.57,1.44,2.7,1.44,2.92,1.48,3.0,1.44,2.83,-1.5,2.05,1.85,2.08,1.85,2.1,1.9,2.03,1.85,3,3,1,0,0,0.7092198581560284,0.19011406844106465,0.1394700139470014,0.038803940544094306,0.6827273467836099,0.18301246368153803,0.13426018953485216,football-data.co.uk,2026-08-10T00:34:19.480312
E0,2023-11-12,14:00,West Ham,Nott'm Forest,3,2,H,1,1,D,M Salisbury,16,10,6,5,9,12,9,4,2,2,0,0,1.85,3.6,4.0,1.87,3.6,4.1,1.9,3.7,3.95,1.89,3.79,4.1,1.83,3.7,3.8,1.85,3.6,4.1,1.93,3.92,4.5,1.89,3.77,4.09,1.75,2.05,1.81,2.07,1.84,2.12,1.79,2.05,-0.5,1.89,2.01,1.9,2.0,1.92,2.04,1.88,1.99,1.8,3.75,4.5,1.78,3.7,4.4,1.77,3.75,4.4,1.81,3.84,4.59,1.73,3.7,4.4,1.75,3.7,4.8,1.84,3.9,5.0,1.8,3.77,4.58,1.95,1.95,1.91,2.0,1.99,2.0,1.89,1.95,-0.75,2.06,1.84,2.07,1.84,2.08,1.9,2.02,1.84,5,1,1,1,1,0.5291005291005292,0.2638522427440633,0.24390243902439027,0.0368552108689828,0.5102935526138629,0.2544735658153564,0.23523288157078068,football-data.co.uk,2026-08-10T00:34:19.480312
E0,2023-11-12,16:30,Chelsea,Man City,4,4,D,2,2,D,A Taylor,17,15,9,10,12,15,3,3,5,3,0,0,5.0,3.7,1.73,4.8,3.7,1.73,4.9,3.8,1.73,4.92,3.8,1.75,4.8,3.7,1.67,4.8,3.75,1.7,5.4,3.98,1.78,4.93,3.83,1.74,1.88,2.02,1.88,2.01,1.94,2.08,1.84,2.0,0.75,1.94,1.96,1.92,1.98,1.97,2.01,1.92,1.93,4.75,3.75,1.73,4.4,3.8,1.77,4.7,3.8,1.73,4.8,4.0,1.76,4.5,3.75,1.7,4.8,3.8,1.73,5.41,4.2,1.83,4.65,3.92,1.77,1.83,2.07,1.85,2.06,1.87,2.13,1.81,2.05,0.75,1.93,1.97,1.93,1.99,2.02,2.08,1.89,1.97,8,0,1,1,1,0.2032520325203252,0.2631578947368421,0.5714285714285714,0.03783849868573874,0.19584167746495465,0.25356343503357287,0.5505948875014725,football-data.co.uk,2026-08-10T00:34:19.480312
E0,2023-11-25,12:30,Man City,Liverpool,1,1,D,1,0,H,C Kavanagh,16,8,5,3,9,11,9,6,1,3,0,0,1.73,4.2,4.2,1.72,4.2,4.2,1.75,4.2,4.1,1.75,4.37,4.24,1.65,4.33,4.2,1.7,4.0,4.4,1.8,4.5,4.51,1.75,4.31,4.29,1.48,2.6,1.53,2.59,1.53,2.75,1.5,2.62,-0.75,1.97,1.96,1.95,1.95,2.01,2.0,1.92,1.94,1.7,4.2,4.33,1.71,4.2,4.33,1.7,4.2,4.4,1.7,4.42,4.61,1.65,4.2,4.4,1.67,4.2,4.75,1.83,4.6,4.9,1.71,4.31,4.54,1.48,2.6,1.5,2.71,1.58,2.79,1.49,2.61,-0.75,1.88,2.05,1.88,2.04,1.97,2.06,1.87,1.98,2,0,0,0,1,0.5714285714285714,0.22883295194508008,0.23584905660377356,0.03611057997742506,0.5515131130511396,0.22085765396784765,0.22762923298101279,football-data.co.uk,2026-08-10T00:34:19.480312
E0,2023-11-25,15:00,Burnley,West Ham,1,2,A,0,0,D,S Barrott,11,11,5,3,11,7,4,5,1,3,0,0,3.4,3.5,2.05,3.4,3.6,2.05,3.4,3.6,2.1,3.58,3.54,2.12,3.25,3.7,2.0,3.4,3.5,2.05,3.63,3.79,2.17,3.47,3.62,2.1,1.75,2.05,1.81,2.08,1.85,2.16,1.78,2.08,0.25,2.08,1.85,2.08,1.84,2.17,1.86,2.05,1.8,3.4,3.4,2.15,3.3,3.4,2.15,3.35,3.4,2.2,3.48,3.43,2.23,3.3,3.5,2.05,3.5,3.3,2.2,3.88,3.72,2.26,3.43,3.43,2.18,2.06,1.84,2.07,1.85,2.08,1.97,2.01,1.83,0.25,2.0,1.93,2.0,1.92,2.14,1.94,2.0,1.85,3,-1,1,0,1,0.27932960893854747,0.2824858757062147,0.4716981132075471,0.03351359785230934,0.27027182759763174,0.2733257465535372,0.45640242584883095,football-data.co.uk,2026-08-10T00:34:19.480312
E0,2023-11-25,15:00,Luton,Crystal Palace,2,1,H,0,0,D,J Gillett,8,16,3,8,15,12,4,5,6,1,0,0,3.6,3.3,2.1,3.5,3.3,2.15,3.55,3.3,2.15,3.7,3.41,2.13,3.4,3.4,2.05,3.6,3.2,2.1,3.8,3.54,2.17,3.63,3.38,2.13,2.15,1.67,2.2,1.73,2.23,1.77,2.16,1.72,0.25,2.1,1.83,2.09,1.83,2.11,1.85,2.05,1.81,4.0,3.25,2.0,3.8,3.25,2.05,3.95,3.3,2.05,4.12,3.42,2.03,3.7,3.3,2.0,4.1,3.25,2.0,4.2,3.49,2.08,3.98,3.34,2.03,2.25,1.62,2.33,1.67,2.38,1.74,2.3,1.64,0.5,1.89,2.04,1.89,2.04,1.91,2.09,1.85,2.04,3,1,1,0,1,0.27027027027027023,0.29325513196480935,0.4694835680751174,0.033008970310196784,0.261634001289565,0.2838844002262142,0.45448159848422093,football-data.co.uk,2026-08-10T00:34:19.480312
E0,2023-11-25,15:00,Newcastle,Chelsea,4,1,H,1,1,D,S Hooper,14,7,5,4,13,19,4,2,4,4,0,1,2.55,3.5,2.63,2.5,3.5,2.65,2.6,3.5,2.6,2.65,3.46,2.73,2.45,3.5,2.6,2.55,3.4,2.63,2.72,3.66,2.76,2.62,3.5,2.68,1.86,2.04,1.85,2.04,1.9,2.07,1.84,2.01,0.0,1.93,2.0,1.93,1.98,1.94,2.03,1.91,1.96,2.63,3.6,2.5,2.6,3.5,2.55,2.6,3.55,2.6,2.6,3.55,2.76,2.5,3.5,2.6,2.7,3.5,2.5,2.78,3.74,2.76,2.68,3.54,2.59,1.7,2.1,1.77,2.15,1.83,2.21,1.74,2.12,0.0,2.05,1.88,1.9,2.02,2.07,2.02,1.96,1.9,5,3,1,1,1,0.37735849056603776,0.28901734104046245,0.3663003663003663,0.0326761979068666,0.36541801905660887,0.2798721822254374,0.3547097987179536,football-data.co.uk,2026-08-10T00:34:19.480312
E0,2023-11-25,15:00,Nott'm Forest,Brighton,2,3,A,1,2,A,A Taylor,18,11,5,5,12,7,6,4,2,4,0,1,3.2,3.6,2.15,3.0,3.6,2.2,3.1,3.6,2.2,3.32,3.63,2.19,3.0,3.6,2.15,3.2,3.5,2.15,3.4,3.8,2.25,3.22,3.64,2.2,1.73,2.08,1.76,2.16,1.79,2.25,1.74,2.13,0.25,2.0,1.93,2.0,1.91,2.03,1.95,1.96,1.89,3.6,3.6,2.0,3.5,3.5,2.1,3.55,3.55,2.05,3.69,3.63,2.07,3.5,3.6,1.95,3.75,3.5,2.0,3.8,3.67,2.27,3.62,3.6,2.07,1.92,1.98,1.94,1.96,2.02,2.0,1.92,1.93,0.25,2.08,1.73,2.14,1.8,2.17,1.85,2.09,1.78,5,-1,1,1,1,0.30120481927710846,0.27548209366391185,0.4566210045662101,0.03330791750723039,0.29149570440120126,0.26660213184903253,0.44190216374976626,football-data.co.uk,2026-08-10T00:34:19.480312
E0,2023-11-25,15:00,Sheffield United,Bournemouth,1,3,A,0,2,A,A Madley,10,23,2,11,6,8,4,7,4,1,0,0,3.2,3.5,2.2,3.1,3.5,2.2,3.15,3.5,2.2,3.36,3.54,2.2,3.1,3.6,2.1,3.25,3.4,2.15,3.47,3.72,2.25,3.29,3.53,2.21,1.85,2.05,1.85,2.05,1.91,2.08,1.83,2.02,0.25,1.99,1.94,1.99,1.92,2.04,1.94,1.96,1.88,3.4,3.5,2.15,3.3,3.4,2.15,3.35,3.45,2.15,3.57,3.5,2.16,3.25,3.6,2.05,3.5,3.4,2.15,3.57,3.66,2.33,3.41,3.49,2.19,1.94,1.96,1.95,1.95,2.01,1.98,1.92,1.92,0.25,2.06,1.87,2.06,1.87,2.06,2.01,1.99,1.87,4,-2,1,1,1,0.2976190476190476,0.2824858757062147,0.45454545454545453,0.034650377870716786,0.28765180391809236,0.27302544100700293,0.4393227550749047,football-data.co.uk,2026-08-10T00:34:19.480312
E0,2023-11-25,17:30,Brentford,Arsenal,0,1,A,0,0,D,T Robinson,9,15,3,4,9,7,1,8,1,1,0,0,4.5,3.75,1.75,4.5,3.75,1.75,4.5,3.8,1.77,4.74,3.82,1.78,4.33,3.75,1.73,4.75,3.6,1.73,5.0,4.01,1.8,4.64,3.84,1.77,1.9,2.0,1.92,1.97,1.94,2.03,1.88,1.96,0.75,1.91,2.02,1.89,2.02,1.92,2.04,1.87,1.97,5.5,3.8,1.6,5.5,4.0,1.6,5.75,4.1,1.6,5.8,4.05,1.65,5.5,4.0,1.55,6.0,4.0,1.57,6.18,4.2,1.72,5.73,4.06,1.61,1.96,1.94,1.97,1.93,1.99,2.0,1.91,1.93,0.75,2.03,1.78,2.11,1.83,2.17,1.87,2.11,1.78,1,-1,0,0,0,0.21097046413502107,0.2617801047120419,0.5617977528089888,0.03454832165605182,0.20392519104115928,0.2530380642762029,0.5430367446826377,football-data.co.uk,2026-08-10T00:34:19.480312
E0,2023-11-26,14:00,Tottenham,Aston Villa,1,2,A,1,1,D,R Jones,18,15,8,5,11,13,9,3,0,4,0,0,2.3,3.8,2.8,2.3,3.8,2.75,2.35,3.85,2.8,2.36,3.93,2.82,2.25,3.9,2.7,2.3,3.7,2.8,2.42,4.01,2.9,2.35,3.89,2.8,1.5,2.5,1.53,2.61,1.55,2.75,1.5,2.59,-0.25,2.09,1.84,2.08,1.84,2.1,1.86,2.05,1.81,2.55,3.75,2.5,2.65,3.6,2.5,2.6,3.75,2.5,2.7,3.7,2.58,2.45,3.8,2.45,2.63,3.6,2.55,2.75,3.99,2.79,2.63,3.76,2.56,1.53,2.4,1.58,2.51,1.61,2.69,1.54,2.52,0.0,2.02,1.91,2.01,1.92,2.04,1.97,1.97,1.9,3,-1,1,0,1,0.42372881355932207,0.2544529262086514,0.3546099290780142,0.03279166884598772,0.41027520490437797,0.2463739143955043,0.3433508807001177,football-data.co.uk,2026-08-10T00:34:19.480312
E0,2023-11-26,16:30,Everton,Man United,0,3,A,0,1,A,J Brooks,24,9,6,4,10,8,6,5,3,0,0,0,2.7,3.4,2.55,2.75,3.5,2.45,2.7,3.45,2.55,2.75,3.51,2.6,2.7,3.6,2.38,2.7,3.4,2.5,2.8,3.7,2.65,2.74,3.52,2.56,1.85,2.05,1.83,2.06,1.87,2.11,1.82,2.03,0.0,2.03,1.9,2.01,1.9,2.05,1.91,2.0,1.87,2.63,3.3,2.7,2.65,3.3,2.65,2.65,3.35,2.65,2.68,3.45,2.75,2.6,3.5,2.45,2.7,3.4,2.6,3.01,3.55,2.8,2.69,3.41,2.66,1.94,1.96,1.92,1.99,1.96,2.03,1.89,1.94,0.0,1.96,1.97,1.93,1.99,2.06,2.01,1.94,1.92,3,-3,1,0,0,0.36363636363636365,0.2849002849002849,0.3846153846153846,0.03315203315203319,0.35196791175733266,0.2757583354224116,0.37227375282025565,football-data.co.uk,2026-08-10T00:34:19.480312
E0,2023-11-27,20:00,Fulham,Wolves,3,2,H,1,1,D,M Salisbury,12,10,6,6,13,13,6,2,2,2,0,0,2.38,3.3,3.0,2.35,3.3,3.0,2.4,3.3,3.0,2.45,3.37,3.05,2.3,3.4,2.9,2.38,3.2,3.0,2.51,3.48,3.1,2.43,3.34,3.02,2.08,1.73,2.15,1.76,2.16,1.82,2.1,1.76,-0.25,2.1,1.83,2.11,1.81,2.13,1.84,2.07,1.8,2.38,3.3,3.0,2.4,3.2,3.0,2.4,3.25,3.05,2.43,3.3,3.19,2.25,3.3,3.0,2.4,3.2,3.1,2.47,3.38,3.3,2.4,3.29,3.11,2.1,1.7,2.18,1.76,2.18,1.81,2.13,1.73,-0.25,2.08,1.85,2.08,1.85,2.11,1.87,2.03,1.82,5,1,1,1,1,0.4081632653061224,0.29673590504451036,0.3278688524590164,0.03276802280964919,0.39521291935018743,0.28732096510621935,0.3174661155435932,football-data.co.uk,2026-08-10T00:34:19.480312
E0,2023-12-02,15:00,Arsenal,Wolves,2,1,H,2,0,H,P Bankes,19,6,6,3,10,10,4,0,1,2,0,0,1.25,5.5,12.0,1.27,6.0,10.5,1.27,5.75,11.0,1.29,5.9,10.82,1.22,5.8,12.0,1.25,5.75,12.0,1.3,6.5,12.6,1.27,5.95,11.58,1.65,2.2,1.72,2.21,1.73,2.37,1.65,2.27,-1.5,1.83,2.1,1.87,2.04,1.85,2.12,1.82,2.06,1.22,6.5,12.0,1.25,6.0,12.0,1.27,5.75,11.0,1.24,6.5,13.0,1.18,6.0,15.0,1.2,6.5,15.0,1.3,7.0,16.0,1.24,6.36,13.17,1.62,2.25,1.67,2.29,1.68,2.48,1.64,2.29,-1.75,1.98,1.95,1.95,1.95,1.99,2.02,1.93,1.93,3,1,1,0,1,0.7751937984496123,0.1694915254237288,0.09242144177449169,0.03710676564783277,0.7474580478369404,0.1634272680863819,0.08911468407667775,football-data.co.uk,2026-08-10T00:34:19.480312
E0,2023-12-02,15:00,Brentford,Luton,3,1,H,0,0,D,A Taylor,27,7,6,1,10,8,7,5,1,2,0,0,1.45,4.5,6.5,1.46,4.6,6.5,1.47,4.6,6.5,1.45,4.83,7.07,1.44,4.4,6.5,1.44,4.33,7.0,1.51,4.9,7.5,1.48,4.63,6.88,1.7,2.1,1.7,2.25,1.8,2.25,1.72,2.13,-1.25,2.04,1.89,2.01,1.89,2.09,1.9,2.03,1.84,1.53,4.2,6.0,1.52,4.33,6.0,1.53,4.2,6.25,1.54,4.43,6.38,1.44,4.4,6.5,1.5,4.2,6.5,1.57,4.6,7.0,1.53,4.39,6.34,1.75,2.05,1.81,2.09,1.85,2.12,1.78,2.07,-1.0,1.9,2.03,1.91,2.02,1.93,2.06,1.87,2.0,4,2,1,1,1,0.6896551724137931,0.20703933747412007,0.14144271570014144,0.03813722558805477,0.6643198561954434,0.1994334972015306,0.13624664660302588,football-data.co.uk,2026-08-10T00:34:19.480312
E0,2023-12-02,15:00,Burnley,Sheffield United,5,0,H,2,0,H,C Kavanagh,19,6,7,3,9,12,6,1,2,5,0,1,1.8,3.6,4.5,1.8,3.7,4.33,1.83,3.65,4.3,1.83,3.63,4.65,1.8,3.6,4.2,1.8,3.5,4.5,1.89,3.82,5.0,1.83,3.68,4.55,2.06,1.84,2.06,1.84,2.1,1.89,2.0,1.84,-0.75,2.03,1.78,2.09,1.81,2.13,1.87,2.06,1.8,1.7,3.6,5.25,1.75,3.6,4.8,1.77,3.6,4.8,1.74,3.81,5.19,1.67,3.7,4.8,1.7,3.7,5.25,1.82,3.88,5.47,1.75,3.73,5.07,2.08,1.73,2.11,1.79,2.16,1.85,2.07,1.78,-0.75,1.97,1.96,1.97,1.95,2.03,2.0,1.96,1.9,5,5,1,1,0,0.5464480874316939,0.27548209366391185,0.2150537634408602,0.03698394453646592,0.5269590626843865,0.2656570481301453,0.20738388918546824,football-data.co.uk,2026-08-10T00:34:19.480312
E0,2023-12-02,17:30,Nott'm Forest,Everton,0,1,A,0,0,D,P Tierney,13,12,2,3,15,14,4,3,1,0,0,0,2.75,3.25,2.6,2.75,3.3,2.55,2.75,3.3,2.6,2.85,3.31,2.64,2.62,3.4,2.5,2.8,3.2,2.55,2.9,3.5,2.67,2.8,3.35,2.62,2.05,1.75,2.1,1.79,2.13,1.85,2.04,1.8,0.0,2.05,1.88,2.03,1.88,2.07,1.89,2.0,1.86,2.8,3.1,2.7,2.8,3.1,2.65,2.75,3.2,2.65,2.88,3.16,2.76,2.7,3.2,2.6,2.8,3.13,2.7,3.04,3.28,2.85,2.84,3.16,2.71,2.25,1.62,2.35,1.66,2.4,1.71,2.28,1.65,0.0,2.0,1.93,2.01,1.92,2.03,1.93,1.97,1.9,1,-1,0,0,0,0.3508771929824561,0.3021148036253776,0.3787878787878788,0.03177987539571259,0.3400698165855253,0.29280935869146435,0.3671208247230103,football-data.co.uk,2026-08-10T00:34:19.480312
E0,2023-12-02,20:00,Newcastle,Man United,1,0,H,0,0,D,R Jones,22,8,4,1,6,13,7,3,1,2,0,0,1.91,3.75,3.8,1.9,3.75,3.7,1.95,3.75,3.7,1.9,3.87,4.0,1.85,3.8,3.7,1.9,3.6,3.8,2.0,4.01,4.05,1.94,3.84,3.84,1.67,2.15,1.72,2.21,1.75,2.32,1.71,2.19,-0.5,1.95,1.98,1.91,2.0,1.97,2.03,1.93,1.94,1.95,3.75,3.6,2.0,3.7,3.5,1.95,3.75,3.65,2.0,3.78,3.79,1.91,3.75,3.6,1.95,3.7,3.75,2.08,3.92,3.95,2.0,3.76,3.68,1.73,2.08,1.77,2.16,1.81,2.34,1.73,2.15,-0.5,2.01,1.92,2.01,1.92,2.07,1.93,2.0,1.88,1,1,0,0,0,0.5263157894736842,0.25839793281653745,0.25,0.03471372229022163,0.5086583642756218,0.24972891269345776,0.2416127230309204,football-data.co.uk,2026-08-10T00:34:19.480312
E0,2023-12-03,14:00,Bournemouth,Aston Villa,2,2,D,1,1,D,T Bramall,15,11,7,3,16,12,7,7,5,3,0,0,3.4,4.0,1.95,3.3,3.9,2.0,3.4,3.95,2.0,3.56,4.07,1.97,3.3,4.0,1.91,3.5,3.8,1.95,3.57,4.19,2.07,3.45,4.0,2.01,1.53,2.4,1.52,2.64,1.57,2.67,1.52,2.54,0.5,1.95,1.98,1.95,1.95,1.95,2.03,1.9,1.97,3.0,4.0,2.1,3.1,3.8,2.15,3.15,3.95,2.1,3.12,3.98,2.19,3.0,3.9,2.05,3.13,3.8,2.15,3.4,4.11,2.19,3.18,3.93,2.13,1.48,2.6,1.52,2.68,1.58,2.68,1.51,2.6,0.25,1.98,1.95,1.99,1.93,2.06,1.97,1.99,1.87,4,0,1,1,1,0.2808988764044944,0.24570024570024568,0.5076142131979695,0.034213335302709647,0.27160631836397325,0.23757211139453188,0.4908215702414948,football-data.co.uk,2026-08-10T00:34:19.480312
E0,2023-12-03,14:00,Chelsea,Brighton,3,2,H,2,1,H,C Pawson,8,18,5,9,16,12,5,8,3,5,1,0,1.73,4.2,4.2,1.7,4.1,4.33,1.73,4.2,4.3,1.75,4.21,4.4,1.67,4.2,4.2,1.7,4.0,4.4,1.78,4.37,4.6,1.75,4.24,4.37,1.53,2.4,1.58,2.5,1.58,2.55,1.53,2.44,-0.75,1.98,1.95,1.96,1.94,2.0,1.97,1.92,1.93,1.57,4.33,5.25,1.62,4.1,5.0,1.67,4.2,4.7,1.6,4.45,5.5,1.57,4.2,5.0,1.6,4.2,5.5,1.77,4.5,5.7,1.64,4.33,5.16,1.65,2.2,1.67,2.31,1.7,2.44,1.62,2.32,-1.0,1.99,1.94,2.0,1.92,2.23,1.97,2.05,1.83,5,1,1,1,1,0.5714285714285714,0.23752969121140144,0.22727272727272727,0.03623098991270002,0.5514490272836878,0.22922465504666362,0.21932631766964858,football-data.co.uk,2026-08-10T00:34:19.480312
E0,2023-12-03,14:00,Liverpool,Fulham,4,3,H,2,2,D,S Attwell,26,9,12,5,6,7,3,4,0,0,0,0,1.25,6.5,9.0,1.25,6.25,11.0,1.27,6.5,10.0,1.25,6.76,10.35,1.22,6.5,10.0,1.22,6.5,11.5,1.29,7.2,11.5,1.26,6.62,10.56,1.4,2.88,1.4,3.02,1.43,3.07,1.41,2.93,-1.75,1.95,1.98,1.9,1.99,1.96,2.04,1.9,1.95,1.25,7.0,10.0,1.25,6.5,10.5,1.25,6.75,11.0,1.23,7.04,11.81,1.22,6.0,11.0,1.22,6.5,13.0,1.27,7.5,14.0,1.24,6.82,11.43,1.4,2.88,1.39,3.1,1.43,3.19,1.39,3.01,-1.75,1.97,1.96,1.87,2.04,1.97,2.1,1.86,2.0,7,1,1,1,1,0.8,0.14792899408284024,0.0966183574879227,0.04454735157076306,0.7658819859118697,0.14162018970263865,0.09249782438549152,football-data.co.uk,2026-08-10T00:34:19.480312
E0,2023-12-03,14:00,West Ham,Crystal Palace,1,1,D,1,0,H,M Oliver,9,9,3,2,17,7,2,3,2,0,0,0,2.0,3.5,3.8,1.98,3.5,3.7,2.0,3.5,3.7,2.01,3.56,3.92,1.95,3.5,3.6,1.95,3.4,3.8,2.06,3.68,4.0,2.02,3.53,3.84,2.04,1.86,2.01,1.88,2.09,1.89,2.0,1.84,-0.5,2.04,1.89,2.01,1.9,2.07,1.9,2.02,1.86,1.91,3.6,4.0,1.93,3.4,4.0,1.95,3.55,3.9,1.94,3.58,4.26,1.91,3.5,3.75,1.91,3.4,4.33,2.08,3.67,4.6,1.95,3.55,4.13,2.08,1.73,2.13,1.79,2.2,1.83,2.08,1.78,-0.5,1.94,1.99,1.95,1.97,2.0,2.0,1.94,1.94,2,0,0,0,1,0.49751243781094534,0.2808988764044944,0.25510204081632654,0.033513355031766334,0.48137978613314936,0.2717902725077613,0.2468299413590893,football-data.co.uk,2026-08-10T00:34:19.480312
E0,2023-12-03,16:30,Man City,Tottenham,3,3,D,2,1,H,S Hooper,18,8,4,4,14,14,10,8,4,4,0,0,1.29,6.0,9.0,1.3,6.0,8.75,1.3,6.25,8.75,1.27,6.42,9.75,1.25,6.0,9.0,1.25,6.0,9.5,1.34,6.5,10.5,1.3,6.18,9.27,1.36,3.1,1.36,3.22,1.38,3.33,1.36,3.14,-1.75,1.99,1.94,1.92,1.97,2.03,2.0,1.95,1.9,1.25,6.5,10.0,1.25,6.75,10.0,1.27,6.25,9.5,1.23,7.6,10.75,1.2,6.5,11.0,1.22,7.0,11.0,1.29,7.6,11.5,1.25,6.97,10.56,1.29,3.6,1.32,3.52,1.35,3.65,1.32,3.47,-2.0,2.11,1.82,2.07,1.82,2.12,1.89,2.06,1.82,6,0,1,1,1,0.7874015748031495,0.1557632398753894,0.10256410256410256,0.04572891724264161,0.7529691125682507,0.14895183379465396,0.09807905363709522,football-data.co.uk,2026-08-10T00:34:19.480312
E0,2023-12-05,19:30,Wolves,Burnley,1,0,H,1,0,H,J Gillett,7,12,4,3,11,15,6,8,2,4,0,0,1.85,3.6,4.2,1.85,3.6,4.2,1.9,3.6,4.2,1.92,3.6,4.35,1.83,3.6,4.0,1.87,3.5,4.33,1.95,3.8,4.7,1.89,3.62,4.31,2.05,1.85,2.05,1.86,2.08,1.92,2.0,1.85,-0.5,1.9,2.0,1.93,2.0,1.93,2.04,1.89,1.99,1.91,3.6,4.0,1.93,3.5,4.0,1.9,3.6,4.0,1.95,3.65,4.13,1.83,3.6,4.0,1.87,3.4,4.0,1.99,3.8,4.5,1.93,3.61,4.12,1.98,1.92,1.96,1.94,2.03,2.03,1.95,1.89,-0.5,1.95,1.95,1.96,1.96,1.99,1.99,1.94,1.94,1,1,0,0,0,0.5208333333333334,0.2777777777777778,0.2298850574712644,0.02849616858237547,0.5064027939464494,0.270081490104773,0.22351571594877767,football-data.co.uk,2026-08-10T00:34:19.480312
E0,2023-12-05,20:15,Luton,Arsenal,3,4,A,1,2,A,S Barrott,6,23,4,9,14,7,3,8,2,1,0,0,17.0,7.0,1.18,14.0,6.5,1.22,15.0,6.75,1.2,14.73,6.77,1.22,15.0,6.5,1.17,17.0,6.5,1.2,17.0,7.2,1.25,14.98,6.73,1.21,1.65,2.2,1.66,2.3,1.72,2.44,1.64,2.28,1.75,2.01,1.92,2.04,1.88,2.07,1.92,2.01,1.86,17.0,8.0,1.17,14.0,6.75,1.21,15.0,6.75,1.2,15.5,7.25,1.2,15.0,6.5,1.17,17.0,7.0,1.18,19.0,8.08,1.31,16.38,7.06,1.2,1.62,2.25,1.67,2.29,1.68,2.48,1.63,2.31,1.75,2.14,1.8,2.11,1.82,2.14,1.85,2.07,1.81,7,-1,1,1,1,0.06788866259334692,0.14771048744460857,0.819672131147541,0.035271281185496495,0.06557572283431559,0.14267804983005444,0.7917462273356299,football-data.co.uk,2026-08-10T00:34:19.480312
E0,2023-12-06,19:30,Brighton,Brentford,2,1,H,1,1,D,P Bankes,18,8,7,2,10,8,7,3,3,1,0,0,1.91,3.8,3.75,1.9,3.8,3.7,1.95,3.85,3.7,1.94,3.89,3.79,1.85,3.9,3.6,1.9,3.7,3.75,1.98,4.1,4.0,1.93,3.91,3.77,1.62,2.25,1.65,2.34,1.68,2.4,1.63,2.32,-0.5,1.93,1.97,1.95,1.95,1.96,2.0,1.92,1.94,1.7,4.2,4.5,1.75,3.9,4.33,1.8,3.95,4.2,1.76,4.1,4.57,1.7,4.0,4.2,1.73,3.9,4.6,1.89,4.2,4.91,1.77,4.05,4.45,1.62,2.25,1.66,2.34,1.68,2.41,1.64,2.31,-0.75,1.95,1.95,1.98,1.94,2.01,2.0,1.94,1.91,3,1,1,0,1,0.5154639175257733,0.2570694087403599,0.2638522427440633,0.036385569010196406,0.49736693846293983,0.24804418010748153,0.2545888814295787,football-data.co.uk,2026-08-10T00:34:19.480312
E0,2023-12-06,19:30,Crystal Palace,Bournemouth,0,2,A,0,1,A,C Pawson,16,11,3,4,10,17,3,9,1,3,0,0,2.25,3.5,3.1,2.2,3.4,3.2,2.25,3.45,3.2,2.3,3.45,3.23,2.1,3.4,3.25,2.25,3.3,3.2,2.36,3.58,3.6,2.27,3.45,3.25,2.01,1.89,2.02,1.88,2.06,1.91,1.98,1.86,-0.25,1.98,1.92,1.99,1.92,2.03,1.97,1.95,1.9,2.3,3.5,3.0,2.3,3.3,3.1,2.3,3.35,3.1,2.36,3.43,3.2,2.15,3.4,3.2,2.3,3.3,3.2,2.36,3.57,3.6,2.29,3.41,3.22,2.07,1.83,2.06,1.85,2.09,1.9,2.02,1.82,-0.25,2.02,1.88,2.04,1.89,2.06,1.92,1.96,1.89,2,-2,0,0,0,0.4347826086956522,0.2898550724637681,0.30959752321981426,0.03423520437923466,0.4203904555314534,0.28026030368763555,0.299349240780911,football-data.co.uk,2026-08-10T00:34:19.480312
E0,2023-12-06,19:30,Fulham,Nott'm Forest,5,0,H,2,0,H,J Smith,14,4,6,1,7,10,6,1,0,1,0,0,2.0,3.4,3.75,2.0,3.4,3.7,2.05,3.45,3.7,2.06,3.5,3.81,1.91,3.6,3.6,2.0,3.3,3.8,2.14,3.64,3.95,2.05,3.49,3.78,2.06,1.84,2.08,1.83,2.12,1.87,2.05,1.81,-0.5,2.05,1.85,2.07,1.85,2.1,1.87,2.04,1.84,2.0,3.4,3.75,1.98,3.3,3.9,1.97,3.45,3.85,2.06,3.46,3.94,1.91,3.5,3.7,2.0,3.4,3.9,2.14,3.6,4.3,2.01,3.43,3.94,2.1,1.7,2.16,1.77,2.23,1.82,2.1,1.75,-0.5,2.05,1.85,2.07,1.86,2.08,1.91,2.01,1.85,5,5,1,1,0,0.4854368932038835,0.2857142857142857,0.26246719160104987,0.03361837051921901,0.4696480897103573,0.27642144708666744,0.25393046320297535,football-data.co.uk,2026-08-10T00:34:19.480312
E0,2023-12-06,19:30,Sheffield United,Liverpool,0,2,A,0,1,A,S Hooper,6,15,1,8,12,8,2,12,2,3,0,0,12.0,7.5,1.2,12.5,7.5,1.2,12.0,7.5,1.2,14.14,7.68,1.19,13.0,7.5,1.15,15.0,7.5,1.15,15.0,8.4,1.29,13.54,7.67,1.2,1.33,3.4,1.34,3.35,1.36,3.5,1.32,3.4,2.0,2.02,1.88,2.04,1.85,2.06,1.9,2.01,1.86,15.0,7.5,1.18,13.5,7.75,1.18,14.0,7.75,1.17,14.0,8.5,1.18,15.0,7.5,1.14,17.0,8.0,1.15,17.0,9.1,1.29,14.76,7.96,1.19,1.3,3.5,1.32,3.53,1.4,3.66,1.33,3.38,2.0,2.03,1.78,2.09,1.81,2.17,1.87,2.08,1.8,2,-2,0,0,0,0.07072135785007072,0.13020833333333334,0.8403361344537815,0.041265825637185616,0.0679186391302086,0.12504811944025387,0.8070332414295375,football-data.co.uk,2026-08-10T00:34:19.480312
E0,2023-12-06,20:15,Aston Villa,Man City,1,0,H,0,0,D,J Brooks,22,2,7,2,13,13,6,0,2,2,0,0,4.75,4.2,1.7,4.2,4.2,1.73,4.7,4.1,1.7,4.35,4.29,1.75,4.2,4.2,1.67,4.4,4.0,1.7,4.9,4.45,1.78,4.45,4.26,1.73,1.53,2.4,1.55,2.57,1.55,2.63,1.51,2.57,0.75,1.98,1.92,1.95,1.95,2.0,1.97,1.94,1.9,5.0,4.2,1.62,5.0,4.1,1.65,5.25,4.1,1.63,5.12,4.33,1.64,4.6,4.2,1.62,5.0,4.2,1.65,5.74,4.5,1.73,5.19,4.25,1.65,1.62,2.25,1.66,2.29,1.72,2.44,1.65,2.29,1.0,1.82,2.08,1.85,2.1,1.9,2.16,1.82,2.07,1,1,0,0,0,0.2298850574712644,0.2331002331002331,0.5714285714285714,0.03441386200006891,0.2222370232227699,0.22534523333777362,0.5524177434394565,football-data.co.uk,2026-08-10T00:34:19.480312
E0,2023-12-06,20:15,Man United,Chelsea,2,1,H,1,1,D,C Kavanagh,28,13,9,3,12,12,12,4,4,0,0,0,2.88,3.4,2.45,2.8,3.6,2.35,2.8,3.55,2.4,2.88,3.67,2.42,2.75,3.6,2.3,2.8,3.5,2.38,2.93,3.8,2.63,2.82,3.65,2.43,1.65,2.2,1.69,2.26,1.72,2.4,1.65,2.28,0.25,1.79,2.11,1.81,2.11,1.82,2.15,1.78,2.08,2.75,3.5,2.45,2.75,3.6,2.4,2.8,3.45,2.5,2.86,3.61,2.49,2.62,3.6,2.38,2.75,3.6,2.45,2.96,3.75,2.7,2.79,3.6,2.5,1.62,2.25,1.67,2.33,1.68,2.53,1.64,2.31,0.0,2.09,1.81,2.11,1.83,2.11,1.9,2.05,1.83,3,1,1,0,1,0.3472222222222222,0.2724795640326976,0.4132231404958678,0.03292492675078762,0.3361543643974777,0.26379416061709426,0.40005147498542803,football-data.co.uk,2026-08-10T00:34:19.480312
E0,2023-12-07,19:30,Everton,Newcastle,3,0,H,0,0,D,T Robinson,21,13,6,3,18,8,5,2,3,0,0,0,3.25,3.25,2.25,3.0,3.4,2.3,3.15,3.4,2.3,3.17,3.41,2.36,3.0,3.5,2.2,3.13,3.3,2.25,3.3,3.6,2.5,3.13,3.44,2.33,1.96,1.94,1.95,1.93,1.99,1.97,1.92,1.91,0.25,1.9,2.0,1.88,2.03,1.93,2.06,1.87,1.98,3.1,3.4,2.25,3.1,3.4,2.3,3.1,3.3,2.35,3.28,3.45,2.31,3.0,3.5,2.2,3.3,3.3,2.25,3.55,3.59,2.5,3.17,3.45,2.31,2.04,1.86,2.01,1.9,2.04,1.99,1.95,1.89,0.25,1.89,2.04,1.93,2.0,2.0,2.05,1.88,1.98,3,3,1,0,0,0.31545741324921134,0.29325513196480935,0.42372881355932207,0.032441358773342754,0.3055451145661294,0.2840404730717391,0.4104144123621315,football-data.co.uk,2026-08-10T00:34:19.480312
E0,2023-12-07,20:15,Tottenham,West Ham,1,2,A,1,0,H,M Salisbury,23,11,7,5,11,12,8,4,3,3,0,0,1.75,4.2,4.2,1.78,4.1,3.9,1.77,4.2,4.1,1.8,4.31,4.04,1.75,4.2,3.8,1.75,4.0,4.1,1.85,4.5,4.25,1.79,4.22,4.08,1.5,2.5,1.51,2.66,1.53,2.7,1.5,2.61,-0.75,2.0,1.9,2.02,1.89,2.06,1.92,1.99,1.87,1.7,4.2,4.75,1.68,4.2,4.5,1.73,4.1,4.4,1.67,4.4,4.9,1.62,4.2,4.6,1.62,4.33,5.0,1.82,4.42,5.2,1.68,4.29,4.79,1.53,2.4,1.55,2.58,1.58,2.69,1.54,2.51,-0.75,1.84,2.09,1.85,2.09,1.89,2.15,1.82,2.05,3,-1,1,0,1,0.5555555555555556,0.2320185614849188,0.24752475247524752,0.03509886951572194,0.5367173821912066,0.22415111089191922,0.2391315069168742,football-data.co.uk,2026-08-10T00:34:19.480312
E0,2023-12-09,12:30,Crystal Palace,Liverpool,1,2,A,0,0,D,A Madley,8,14,4,2,17,17,6,5,5,2,1,0,6.0,4.5,1.5,6.0,4.4,1.51,6.0,4.5,1.5,6.3,4.59,1.51,6.0,4.5,1.44,6.5,4.33,1.45,6.6,4.75,1.63,6.12,4.54,1.52,1.65,2.2,1.67,2.28,1.71,2.33,1.65,2.28,1.0,2.06,1.84,2.06,1.85,2.11,1.89,2.03,1.84,6.5,4.75,1.44,6.25,4.4,1.49,6.25,4.6,1.5,6.65,4.7,1.5,6.5,4.5,1.44,7.0,4.5,1.45,7.5,4.9,1.63,6.59,4.62,1.49,1.65,2.2,1.69,2.28,1.74,2.42,1.67,2.25,1.0,2.07,1.83,2.1,1.84,2.19,1.87,2.08,1.8,3,-1,1,0,1,0.15873015873015872,0.2178649237472767,0.6622516556291391,0.03884673810657446,0.15279458740897997,0.2097180611495804,0.6374873514414398,football-data.co.uk,2026-08-10T00:34:19.480312
E0,2023-12-09,15:00,Brighton,Burnley,1,1,D,0,1,A,S Hooper,29,6,11,3,5,8,9,1,0,4,0,0,1.5,4.75,6.0,,,,1.5,4.7,6.0,1.5,4.69,6.31,1.44,4.6,6.0,1.44,4.4,6.5,1.55,4.9,6.5,1.5,4.69,6.18,1.57,2.35,1.61,2.41,1.65,2.5,1.59,2.4,-1.0,1.75,2.05,1.8,2.1,1.84,2.16,1.79,2.08,1.55,4.2,5.75,,,,1.53,4.5,6.0,1.54,4.53,6.19,1.5,4.5,5.8,1.5,4.33,6.5,1.57,4.92,7.08,1.53,4.5,6.2,1.67,2.15,1.72,2.22,1.75,2.34,1.69,2.22,-1.0,1.94,1.99,1.92,2.01,1.94,2.28,1.87,2.01,2,0,0,0,1,0.6666666666666666,0.21321961620469082,0.1584786053882726,0.038364888259629915,0.6420350632079299,0.20534170465072388,0.1526232321413463,football-data.co.uk,2026-08-10T00:34:19.480312
E0,2023-12-09,15:00,Man United,Bournemouth,0,3,A,0,1,A,P Bankes,20,10,3,4,7,10,10,4,3,1,0,0,1.55,4.33,5.75,1.55,4.5,5.25,1.55,4.5,5.5,1.55,4.7,5.52,1.5,4.6,5.5,1.5,4.33,5.5,1.59,4.9,6.0,1.55,4.65,5.54,1.5,2.5,1.52,2.63,1.56,2.65,1.51,2.56,-1.0,1.91,1.99,1.91,1.99,1.93,2.06,1.89,1.98,1.65,4.33,4.5,1.66,4.2,4.6,1.63,4.4,4.8,1.67,4.48,4.78,1.6,4.2,4.75,1.62,4.33,5.0,1.72,4.6,5.15,1.66,4.41,4.74,1.48,2.6,1.48,2.77,1.5,2.85,1.47,2.71,-1.0,2.05,1.75,2.11,1.81,2.17,1.95,2.08,1.8,3,-3,1,0,0,0.6451612903225806,0.2127659574468085,0.1811594202898551,0.0390866680592441,0.6208926648318775,0.20476247457221494,0.17434486059590767,football-data.co.uk,2026-08-10T00:34:19.480312
E0,2023-12-09,15:00,Sheffield United,Brentford,1,0,H,1,0,H,S Attwell,9,10,4,4,14,13,3,4,5,1,0,0,4.2,3.8,1.75,4.4,3.7,1.78,4.4,3.75,1.8,4.47,3.84,1.81,4.6,3.7,1.7,4.5,3.6,1.75,4.7,3.95,1.85,4.48,3.82,1.8,1.95,1.95,1.92,1.97,1.98,2.01,1.91,1.93,0.75,1.83,2.07,1.85,2.07,1.87,2.12,1.83,2.02,4.5,3.8,1.73,4.5,3.75,1.75,4.6,3.8,1.75,4.71,3.91,1.78,4.5,3.9,1.67,5.0,3.7,1.73,5.0,4.1,1.82,4.61,3.86,1.78,1.95,1.95,1.94,1.96,2.12,2.04,1.9,1.95,0.75,1.91,2.02,1.91,2.02,1.93,2.06,1.87,1.99,1,1,0,0,0,0.2237136465324385,0.2604166666666667,0.5524861878453039,0.036616501044409056,0.2158113885964994,0.2512179445381126,0.5329706668653881,football-data.co.uk,2026-08-10T00:34:19.480312
E0,2023-12-09,15:00,Wolves,Nott'm Forest,1,1,D,1,1,D,S Barrott,10,8,4,2,9,11,4,3,0,1,0,0,1.85,3.6,4.33,1.85,3.6,4.2,1.9,3.6,4.2,1.89,3.56,4.44,1.75,3.7,4.2,1.83,3.4,4.2,1.91,3.82,4.6,1.87,3.64,4.34,2.06,1.84,2.04,1.85,2.08,1.9,2.0,1.83,-0.5,1.89,2.01,1.9,2.01,1.9,2.06,1.87,2.0,1.91,3.25,4.33,1.9,3.25,4.5,1.9,3.3,4.5,1.99,3.34,4.42,1.85,3.5,4.0,1.9,3.25,4.6,1.99,3.61,4.92,1.92,3.37,4.53,2.4,1.53,2.51,1.58,2.53,1.71,2.39,1.59,-0.5,1.99,1.94,2.0,1.93,2.0,2.02,1.93,1.95,2,0,0,0,1,0.5291005291005292,0.2808988764044944,0.2252252252252252,0.03522463073024884,0.5110973149154121,0.2713409902219463,0.21756169486264157,football-data.co.uk,2026-08-10T00:34:19.480312
E0,2023-12-09,17:30,Aston Villa,Arsenal,1,0,H,1,0,H,J Gillett,10,12,3,5,16,11,3,3,4,2,0,0,3.3,3.6,2.1,3.4,3.7,2.05,3.25,3.6,2.15,3.43,3.69,2.12,3.2,3.75,2.0,3.3,3.5,2.05,3.55,3.84,2.17,3.41,3.66,2.11,1.7,2.1,1.75,2.16,1.79,2.21,1.72,2.15,0.25,2.05,1.85,2.06,1.85,2.09,1.87,2.03,1.82,3.6,3.75,2.0,3.5,3.6,2.0,3.55,3.65,2.0,3.65,3.87,2.02,3.4,3.7,1.95,3.7,3.6,2.0,3.8,3.89,2.12,3.62,3.72,2.03,1.73,2.08,1.76,2.17,1.86,2.21,1.75,2.12,0.5,1.9,2.03,1.9,2.03,1.91,2.07,1.86,2.02,1,1,0,0,0,0.29154518950437314,0.2710027100271003,0.4716981132075471,0.034246012739020504,0.28189152862409056,0.2620292528944799,0.45607921848142957,football-data.co.uk,2026-08-10T00:34:19.480312
E0,2023-12-10,14:00,Everton,Chelsea,2,0,H,0,0,D,M Oliver,9,16,5,4,12,12,4,8,2,2,0,0,3.1,3.5,2.25,2.95,3.6,2.25,3.05,3.55,2.3,3.03,3.59,2.36,2.88,3.7,2.2,3.0,3.4,2.25,3.15,3.75,2.41,3.02,3.59,2.31,1.75,2.05,1.8,2.09,1.84,2.13,1.78,2.05,0.25,1.87,2.03,1.86,2.05,1.9,2.08,1.85,1.99,2.4,3.5,2.8,2.55,3.3,2.75,2.55,3.45,2.75,2.55,3.45,2.88,2.38,3.7,2.62,2.5,3.4,2.8,2.75,3.7,2.96,2.54,3.47,2.78,1.91,1.99,1.92,1.99,1.99,2.04,1.88,1.97,0.0,1.84,2.06,1.85,2.09,1.93,2.13,1.84,2.03,2,2,0,0,0,0.33003300330033003,0.2785515320334262,0.42372881355932207,0.03231334889307824,0.31970234973151856,0.2698323453165742,0.4104653049519073,football-data.co.uk,2026-08-10T00:34:19.480312
E0,2023-12-10,14:00,Fulham,West Ham,5,0,H,3,0,H,P Tierney,14,9,8,5,5,10,3,6,2,1,0,0,2.38,3.5,2.9,2.37,3.5,2.85,2.35,3.5,2.95,2.44,3.4,3.03,2.3,3.6,2.75,2.3,3.4,2.9,2.49,3.66,3.12,2.39,3.49,2.95,1.9,2.0,1.88,2.02,1.95,2.06,1.85,1.98,-0.25,2.08,1.82,2.11,1.82,2.12,1.88,2.05,1.81,2.2,3.5,3.25,2.2,3.5,3.2,2.2,3.5,3.15,2.19,3.6,3.41,2.1,3.6,3.1,2.15,3.5,3.3,2.4,3.65,3.41,2.22,3.54,3.26,1.86,2.04,1.85,2.06,1.88,2.13,1.82,2.04,-0.25,1.88,2.02,1.9,2.02,1.99,2.06,1.9,1.96,5,5,1,1,0,0.4098360655737705,0.29411764705882354,0.33003300330033003,0.03398671593292413,0.39636492351257346,0.2844501215796115,0.3191849549078149,football-data.co.uk,2026-08-10T00:34:19.480312
E0,2023-12-10,14:00,Luton,Man City,1,2,A,1,0,H,T Robinson,4,18,2,6,16,6,6,3,2,1,0,0,17.0,8.0,1.14,16.0,8.5,1.16,17.0,8.5,1.15,18.31,10.09,1.13,19.0,8.0,1.11,19.0,8.0,1.11,22.0,11.0,1.17,18.02,8.94,1.15,1.36,3.1,1.38,3.1,1.43,3.1,1.38,2.99,2.25,1.95,1.95,1.95,1.93,1.99,2.02,1.9,1.95,13.0,7.5,1.18,14.5,7.25,1.19,14.0,7.25,1.2,16.0,7.8,1.18,15.0,8.0,1.14,17.0,7.5,1.17,17.5,8.0,1.22,15.25,7.38,1.19,1.53,2.4,1.56,2.52,1.62,2.58,1.55,2.47,2.0,1.87,2.03,1.87,2.04,1.92,2.07,1.87,2.0,3,-1,1,0,1,0.05461496450027308,0.09910802775024777,0.8849557522123894,0.0386787444629102,0.05258119008540403,0.09541740242455378,0.8520014074900423,football-data.co.uk,2026-08-10T00:34:19.480312
E0,2023-12-10,16:30,Tottenham,Newcastle,4,1,H,2,0,H,C Kavanagh,23,9,12,3,10,12,3,6,1,3,0,0,2.15,3.8,3.1,2.15,3.8,3.0,2.2,3.8,3.0,2.23,3.84,3.08,2.15,3.8,2.88,2.15,3.6,3.0,2.3,3.99,3.22,2.2,3.84,3.05,1.53,2.4,1.56,2.55,1.57,2.57,1.53,2.49,-0.25,1.95,1.95,1.96,1.94,1.96,1.98,1.92,1.92,2.0,3.75,3.4,2.05,3.8,3.25,2.05,3.7,3.4,2.06,4.0,3.41,2.0,3.9,3.1,2.0,3.9,3.4,2.16,4.12,3.5,2.08,3.88,3.34,1.5,2.5,1.52,2.65,1.55,2.85,1.5,2.62,-0.25,1.73,2.08,1.81,2.12,1.89,2.16,1.81,2.06,5,3,1,1,1,0.4484304932735426,0.2604166666666667,0.3246753246753247,0.033522484615533976,0.43388557089820534,0.25197000601640573,0.3141444230853889,football-data.co.uk,2026-08-10T00:34:19.480312
E0,2023-12-15,20:00,Nott'm Forest,Tottenham,0,2,A,0,1,A,J Gillett,15,12,1,6,16,11,6,4,2,4,0,1,4.2,4.2,1.73,4.4,4.0,1.72,4.3,4.1,1.73,4.51,4.14,1.76,4.4,4.0,1.67,4.6,4.0,1.73,4.88,4.3,1.78,4.52,4.13,1.74,1.62,2.25,1.65,2.35,1.68,2.42,1.63,2.32,0.75,1.94,1.99,1.94,1.98,1.97,2.01,1.92,1.93,4.75,4.2,1.67,5.0,4.0,1.66,4.8,4.1,1.67,5.14,4.19,1.68,4.75,4.0,1.62,5.5,4.0,1.62,5.5,4.4,1.77,5.06,4.17,1.66,1.7,2.1,1.75,2.18,1.76,2.4,1.68,2.21,0.75,2.08,1.85,2.07,1.86,2.12,1.89,2.06,1.81,2,-2,0,0,0,0.22172949002217296,0.24154589371980678,0.5681818181818182,0.03145720192379797,0.21496722269098462,0.2341792691633673,0.550853508145648,football-data.co.uk,2026-08-10T00:34:19.480312
E0,2023-12-16,15:00,Chelsea,Sheffield United,2,0,H,0,0,D,A Madley,15,6,6,1,9,14,7,6,1,3,0,0,1.22,6.5,13.0,1.23,6.5,12.0,1.25,6.25,12.0,1.24,6.69,11.68,1.22,6.0,12.0,1.2,6.0,13.0,1.28,7.1,13.5,1.24,6.49,12.28,1.5,2.5,1.51,2.62,1.55,2.67,1.52,2.54,-1.75,1.93,2.0,1.89,2.0,1.97,2.03,1.9,1.95,1.18,7.5,13.0,1.18,7.75,14.5,1.25,6.5,11.0,1.18,8.04,15.9,1.15,7.5,13.0,1.18,7.5,13.0,1.25,8.2,18.5,1.2,7.63,14.35,1.4,2.88,1.43,2.95,1.43,3.22,1.4,2.97,-2.0,1.87,2.06,1.87,2.05,2.0,2.06,1.9,1.97,2,2,0,0,0,0.8064516129032259,0.14947683109118085,0.08561643835616438,0.04154488235057108,0.7742840722170475,0.1435145365544303,0.08220139122852216,football-data.co.uk,2026-08-10T00:34:19.480312
E0,2023-12-16,15:00,Man City,Crystal Palace,2,2,D,1,0,H,P Tierney,19,5,9,2,12,9,6,1,1,1,0,0,1.18,8.0,13.0,1.18,7.75,15.0,1.2,7.25,15.0,1.17,7.98,15.35,1.14,7.5,15.0,1.14,7.0,17.0,1.2,8.8,19.5,1.18,7.77,16.06,1.44,2.7,1.47,2.73,1.5,3.0,1.46,2.71,-2.0,1.91,2.02,1.9,1.99,1.93,2.03,1.88,1.99,1.17,7.5,15.0,1.17,7.0,17.5,1.2,6.75,17.0,1.18,7.6,20.24,1.14,7.0,17.0,1.17,7.5,18.0,1.2,8.2,21.0,1.18,7.38,18.26,1.73,2.08,1.68,2.27,1.82,2.36,1.7,2.21,-2.0,2.05,1.75,2.07,1.85,2.08,1.9,2.02,1.85,4,0,1,1,1,0.8547008547008548,0.12531328320802004,0.06514657980456026,0.045160717713434995,0.8177697843167494,0.11989857739982415,0.0623316382834265,football-data.co.uk,2026-08-10T00:34:19.480312
E0,2023-12-16,15:00,Newcastle,Fulham,3,0,H,0,0,D,S Barrott,27,6,10,4,7,12,5,1,0,2,0,1,1.8,3.8,4.0,1.85,3.8,3.9,1.85,3.85,3.95,1.87,3.94,4.04,1.8,3.9,3.8,1.8,3.7,4.0,1.92,4.05,4.22,1.87,3.91,4.03,1.7,2.1,1.73,2.19,1.77,2.23,1.72,2.16,-0.5,1.88,2.05,1.88,2.03,1.9,2.06,1.87,2.01,1.91,3.8,4.0,1.88,3.6,3.9,1.85,3.7,4.1,1.92,3.83,4.07,1.83,3.8,3.75,1.87,3.7,4.1,1.95,3.96,4.44,1.89,3.78,4.08,1.8,2.0,1.81,2.08,1.84,2.13,1.79,2.04,-0.5,1.93,2.0,1.93,2.0,1.94,2.04,1.9,1.98,3,3,1,0,0,0.53475935828877,0.25380710659898476,0.24752475247524752,0.03609121736300214,0.516131542597,0.24496598595339852,0.23890247144960153,football-data.co.uk,2026-08-10T00:34:19.480312
E0,2023-12-16,17:30,Burnley,Everton,0,2,A,0,2,A,A Taylor,14,9,2,6,9,8,8,6,0,1,0,0,3.6,3.4,2.1,3.4,3.4,2.1,3.45,3.4,2.15,3.66,3.44,2.13,3.3,3.5,2.05,3.5,3.25,2.1,3.74,3.62,2.19,3.55,3.45,2.14,2.05,1.75,2.08,1.83,2.1,1.86,2.02,1.81,0.25,2.07,1.86,2.08,1.84,2.09,1.87,2.03,1.82,3.2,3.5,2.25,3.2,3.4,2.2,3.2,3.45,2.25,3.28,3.57,2.26,3.3,3.4,2.1,3.3,3.4,2.2,3.63,3.57,2.28,3.3,3.48,2.22,1.99,1.91,1.95,1.95,2.06,2.03,1.93,1.89,0.25,1.95,1.98,1.96,1.96,2.03,1.98,1.94,1.9,2,-2,0,0,0,0.27322404371584696,0.29069767441860467,0.4694835680751174,0.03340528620956906,0.26439195479443156,0.2813007426010522,0.4543073026045162,football-data.co.uk,2026-08-10T00:34:19.480312
E0,2023-12-17,14:00,Arsenal,Brighton,2,0,H,0,0,D,T Robinson,26,6,9,1,11,9,10,1,1,3,0,0,1.44,5.0,6.0,1.47,4.6,6.25,1.5,4.7,6.0,1.48,4.76,6.67,1.44,4.6,6.0,1.44,4.4,6.5,1.53,5.0,7.0,1.48,4.73,6.5,1.53,2.4,1.6,2.44,1.66,2.44,1.58,2.36,-1.25,2.08,1.85,2.05,1.86,2.09,1.89,2.03,1.83,1.45,5.0,6.0,1.47,4.6,6.5,1.47,4.7,6.5,1.47,4.88,6.82,1.44,4.5,6.5,1.45,4.8,6.5,1.54,5.12,7.3,1.48,4.76,6.66,1.57,2.35,1.63,2.38,1.71,2.45,1.64,2.3,-1.25,2.06,1.87,2.04,1.88,2.13,1.94,2.03,1.85,2,2,0,0,0,0.6756756756756757,0.21008403361344538,0.14992503748125938,0.03568474677038047,0.6523951209889531,0.20284554182009468,0.14475933719095213,football-data.co.uk,2026-08-10T00:34:19.480312
E0,2023-12-17,14:00,Brentford,Aston Villa,1,2,A,1,0,H,D Coote,4,15,3,5,19,6,7,12,6,4,1,1,3.2,3.75,2.1,3.1,3.6,2.15,3.2,3.7,2.15,3.24,3.73,2.19,3.2,3.7,2.05,3.2,3.5,2.1,3.5,3.85,2.23,3.26,3.71,2.16,1.7,2.1,1.72,2.21,1.77,2.26,1.69,2.18,0.25,2.0,1.93,1.99,1.92,2.02,1.94,1.97,1.87,3.0,3.4,2.25,3.1,3.4,2.25,3.1,3.45,2.3,3.18,3.46,2.36,3.1,3.4,2.2,3.13,3.4,2.3,3.5,3.7,2.44,3.18,3.46,2.29,1.98,1.92,1.97,1.93,1.99,2.06,1.92,1.92,0.25,1.88,2.05,1.89,2.04,1.98,2.05,1.89,1.97,3,-1,1,0,1,0.30864197530864196,0.2680965147453083,0.4566210045662101,0.0333594946201603,0.29867822080842427,0.2594416716941809,0.44188010749739487,football-data.co.uk,2026-08-10T00:34:19.480312
E0,2023-12-17,14:00,West Ham,Wolves,3,0,H,2,0,H,C Kavanagh,13,14,4,3,12,15,6,6,3,1,0,0,2.15,3.5,3.3,2.2,3.5,3.2,2.15,3.5,3.3,2.12,3.62,3.5,2.1,3.5,3.2,2.1,3.3,3.4,2.27,3.68,3.62,2.16,3.55,3.4,1.95,1.95,1.9,1.99,1.96,2.02,1.9,1.93,-0.25,1.88,2.05,1.85,2.07,1.91,2.08,1.85,2.0,1.91,3.6,4.0,1.95,3.5,3.9,1.95,3.55,3.95,1.9,3.65,4.34,1.91,3.6,3.8,1.91,3.5,4.2,2.27,3.78,4.34,1.96,3.6,4.0,2.03,1.87,2.02,1.89,2.04,1.96,1.97,1.87,-0.5,1.93,2.0,1.91,2.01,1.99,2.01,1.94,1.94,3,3,1,0,0,0.4716981132075471,0.27624309392265195,0.2857142857142857,0.03365549284448477,0.45633977323478986,0.26724870697728026,0.2764115197879299,football-data.co.uk,2026-08-10T00:34:19.480312
E0,2023-12-17,16:30,Liverpool,Man United,0,0,D,0,0,D,M Oliver,34,6,8,1,13,8,12,0,2,4,0,1,1.3,6.0,8.0,1.31,6.0,8.25,1.33,6.0,7.75,1.32,5.99,8.37,1.25,6.0,8.5,1.29,5.75,8.5,1.42,6.55,9.5,1.32,6.09,8.5,1.33,3.4,1.33,3.39,1.35,3.52,1.32,3.39,-1.5,1.8,2.0,1.82,2.05,1.87,2.13,1.82,2.06,1.33,5.75,7.0,1.33,6.0,7.5,1.35,5.5,7.5,1.33,6.1,8.5,1.29,5.8,8.0,1.33,5.75,8.0,1.42,6.5,9.9,1.35,5.88,7.97,1.36,3.1,1.38,3.18,1.45,3.41,1.4,3.02,-1.5,1.9,2.03,1.88,2.04,2.0,2.07,1.91,1.97,0,0,0,0,0,0.7575757575757576,0.1669449081803005,0.11947431302270013,0.04399497877875813,0.7256507674605415,0.15990968498295738,0.11443954755650118,football-data.co.uk,2026-08-10T00:34:19.480312
E0,2023-12-21,20:00,Crystal Palace,Brighton,1,1,D,1,0,H,J Brooks,11,18,3,6,12,11,3,1,5,2,0,0,3.3,3.3,2.15,3.25,3.5,2.15,3.3,3.45,2.2,3.4,3.47,2.22,3.2,3.6,2.05,3.25,3.3,2.15,3.5,3.7,2.25,3.35,3.5,2.18,1.99,1.91,1.95,1.93,2.0,1.99,1.92,1.92,0.25,1.98,1.92,1.99,1.92,2.03,1.94,1.96,1.88,3.4,3.25,2.25,3.2,3.25,2.3,3.15,3.35,2.3,3.23,3.37,2.38,3.25,3.3,2.15,3.25,3.25,2.3,3.5,3.55,2.42,3.24,3.33,2.3,2.1,1.7,2.17,1.76,2.17,1.95,2.09,1.76,0.25,1.89,2.04,1.88,2.04,1.93,2.05,1.88,1.98,2,0,0,0,1,0.29411764705882354,0.2881844380403458,0.4504504504504504,0.032752535549619655,0.28479005079595116,0.2790450065435833,0.4361649426604657,football-data.co.uk,2026-08-10T00:34:19.480312
E0,2023-12-22,20:00,Aston Villa,Sheffield United,1,1,D,0,0,D,A Taylor,12,5,4,2,11,16,9,1,3,3,0,0,1.22,6.5,12.0,1.25,6.5,10.5,1.22,6.5,12.0,1.24,6.98,11.3,1.22,6.0,11.0,1.22,6.5,12.0,1.28,7.3,14.0,1.24,6.67,11.7,1.44,2.7,1.45,2.83,1.51,2.92,1.46,2.74,-1.75,1.88,2.02,1.93,1.98,1.95,2.02,1.9,1.96,1.2,7.0,13.0,1.23,7.0,11.0,1.22,6.75,12.0,1.22,7.3,12.5,1.18,7.0,12.0,1.2,7.5,12.0,1.24,7.7,14.9,1.22,7.15,12.8,1.4,2.88,1.4,3.04,1.45,3.19,1.41,2.88,-2.0,2.06,1.87,2.05,1.87,2.12,1.91,2.03,1.84,2,0,0,0,1,0.8064516129032259,0.14326647564469913,0.08849557522123894,0.03821366376916391,0.776768444729824,0.13799324806088561,0.08523830720929042,football-data.co.uk,2026-08-10T00:34:19.480312
E0,2023-12-23,12:30,West Ham,Man United,2,0,H,0,0,D,S Hooper,12,11,5,3,13,15,4,4,2,3,0,0,2.6,3.6,2.6,2.55,3.6,2.55,2.55,3.6,2.6,2.65,3.65,2.62,2.5,3.6,2.5,2.63,3.5,2.6,2.72,3.81,2.7,2.61,3.65,2.6,1.7,2.1,1.71,2.23,1.75,2.28,1.68,2.22,0.0,1.97,1.93,1.96,1.94,2.0,1.96,1.95,1.92,2.1,3.8,3.25,2.15,3.7,3.1,2.25,3.6,3.1,2.1,3.89,3.39,2.15,3.6,3.0,2.1,3.7,3.3,2.6,3.91,3.39,2.19,3.77,3.16,1.6,2.3,1.62,2.41,1.69,2.45,1.62,2.34,-0.25,1.84,2.09,1.85,2.09,2.14,2.11,1.89,1.97,2,2,0,0,0,0.37735849056603776,0.273972602739726,0.38167938931297707,0.033010482618740955,0.3652997688943217,0.2652176404301239,0.3694825906755543,football-data.co.uk,2026-08-10T00:34:19.480312
E0,2023-12-23,15:00,Fulham,Burnley,0,2,A,0,0,D,R Welch,19,7,5,2,5,17,8,6,2,1,0,0,1.67,3.75,5.25,1.66,4.0,5.0,1.7,3.85,4.9,1.7,3.96,5.12,1.67,3.8,4.75,1.65,3.7,5.0,1.76,4.2,5.3,1.7,3.94,5.01,1.92,1.98,1.9,1.98,1.94,2.02,1.87,1.97,-0.75,1.9,2.0,1.91,2.0,1.96,2.03,1.89,1.96,1.67,3.75,5.25,1.73,3.7,4.75,1.73,3.75,4.9,1.71,3.93,5.24,1.67,3.7,4.8,1.65,3.8,5.5,1.8,4.2,5.56,1.71,3.86,5.06,1.97,1.93,1.99,1.91,2.03,2.03,1.94,1.9,-0.75,1.9,2.03,1.93,2.0,2.04,2.04,1.91,1.95,2,-2,0,0,0,0.5882352941176471,0.25252525252525254,0.1953125,0.036073046642899564,0.5677546540021058,0.24373305853625754,0.1885122874616367,football-data.co.uk,2026-08-10T00:34:19.480312
E0,2023-12-23,15:00,Luton,Newcastle,1,0,H,1,0,H,D England,16,15,5,2,11,5,6,7,2,1,0,0,4.75,4.2,1.65,5.0,4.1,1.62,4.9,4.1,1.65,4.91,4.36,1.65,4.8,4.0,1.62,5.25,3.8,1.62,5.32,4.6,1.71,5.0,4.23,1.65,1.75,2.05,1.78,2.12,1.83,2.14,1.77,2.06,0.75,2.07,1.83,2.07,1.84,2.12,1.84,2.04,1.81,5.25,4.2,1.62,5.25,4.0,1.62,5.25,4.1,1.63,5.32,4.12,1.67,5.0,4.0,1.6,5.25,4.2,1.62,5.77,4.35,1.69,5.3,4.15,1.63,1.87,2.03,1.89,2.02,1.91,2.17,1.82,2.02,1.0,1.82,2.11,1.76,2.18,1.88,2.18,1.8,2.08,1,1,0,0,0,0.20366598778004072,0.2293577981651376,0.6060606060606061,0.039084392005784396,0.19600524206402184,0.2207306739757677,0.5832640839602105,football-data.co.uk,2026-08-10T00:34:19.480312
E0,2023-12-23,15:00,Nott'm Forest,Bournemouth,2,3,A,0,0,D,R Jones,11,18,5,7,10,10,6,6,0,3,1,0,2.75,3.4,2.55,2.8,3.4,2.45,2.75,3.45,2.5,2.74,3.52,2.61,2.7,3.5,2.38,2.7,3.3,2.5,2.83,3.63,2.66,2.76,3.49,2.54,1.95,1.95,1.93,1.96,1.95,2.01,1.89,1.95,0.0,2.02,1.88,2.0,1.9,2.05,1.91,2.0,1.86,2.9,3.4,2.45,2.8,3.4,2.45,2.8,3.4,2.5,2.94,3.45,2.52,2.62,3.5,2.45,2.88,3.4,2.45,2.95,3.6,2.6,2.86,3.45,2.49,1.95,1.95,1.94,1.96,2.03,2.03,1.91,1.93,0.0,2.13,1.81,2.13,1.82,2.17,1.83,2.08,1.8,5,-1,1,1,1,0.36496350364963503,0.2840909090909091,0.3831417624521073,0.03219617519265139,0.3535795931248413,0.27522956964831397,0.37119083722684487,football-data.co.uk,2026-08-10T00:34:19.480312
E0,2023-12-23,15:00,Tottenham,Everton,2,1,H,2,0,H,S Attwell,13,18,6,8,6,18,3,8,1,4,0,0,1.75,4.2,4.0,1.8,4.0,3.9,1.8,4.1,4.0,1.8,4.29,4.05,1.73,4.0,4.0,1.73,3.9,4.2,1.87,4.4,4.34,1.8,4.16,4.08,1.53,2.4,1.56,2.54,1.58,2.55,1.54,2.48,-0.75,2.01,1.89,2.03,1.88,2.06,1.91,1.99,1.86,1.7,4.2,4.33,1.7,4.1,4.5,1.73,4.2,4.4,1.7,4.29,4.76,1.62,4.2,4.6,1.7,4.2,4.5,1.87,4.45,4.98,1.71,4.25,4.57,1.53,2.4,1.58,2.5,1.59,2.66,1.55,2.49,-0.75,1.89,2.04,1.89,2.03,1.95,2.12,1.86,2.0,3,1,1,0,1,0.5555555555555556,0.2331002331002331,0.2469135802469136,0.03556936890270235,0.5364735306377657,0.2250937890787828,0.23843268028345144,football-data.co.uk,2026-08-10T00:34:19.480312
E0,2023-12-23,17:30,Liverpool,Arsenal,1,1,D,1,1,D,C Kavanagh,13,13,3,2,13,14,4,5,2,5,0,0,2.38,3.6,2.8,2.35,3.6,2.8,2.45,3.6,2.75,2.47,3.63,2.84,2.3,3.6,2.75,2.3,3.4,2.8,2.53,3.78,3.05,2.43,3.63,2.83,1.7,2.1,1.71,2.23,1.77,2.28,1.69,2.2,-0.25,2.1,1.8,2.14,1.78,2.14,1.83,2.08,1.79,2.45,3.75,2.63,2.45,3.5,2.7,2.45,3.5,2.8,2.52,3.66,2.8,2.38,3.6,2.7,2.45,3.6,2.75,2.56,3.83,3.03,2.47,3.63,2.79,1.6,2.3,1.64,2.37,1.71,2.5,1.63,2.3,0.0,1.86,2.07,1.86,2.07,1.89,2.17,1.82,2.07,2,0,0,0,1,0.4048582995951417,0.27548209366391185,0.35211267605633806,0.03245306931539149,0.3921323996485369,0.2668228724881229,0.3410447278633402,football-data.co.uk,2026-08-10T00:34:19.480312
E0,2023-12-24,13:00,Wolves,Chelsea,2,1,H,0,0,D,D Coote,14,16,6,5,11,9,10,6,3,5,0,0,3.75,3.75,1.91,3.6,3.6,1.98,3.7,3.7,1.95,3.77,3.76,1.99,3.6,3.6,1.91,3.7,3.5,1.93,3.91,3.85,2.04,3.73,3.73,1.98,1.86,2.04,1.87,2.03,1.89,2.07,1.83,2.02,0.5,1.91,1.99,1.91,2.0,1.94,2.02,1.89,1.97,3.1,3.6,2.15,3.2,3.6,2.15,3.15,3.6,2.2,3.34,3.65,2.2,3.1,3.6,2.1,3.25,3.6,2.15,3.7,3.8,2.26,3.26,3.65,2.17,1.75,2.05,1.81,2.09,1.84,2.2,1.77,2.09,0.25,1.98,1.95,2.01,1.92,2.06,1.95,1.96,1.89,3,1,1,0,1,0.26525198938992045,0.26595744680851063,0.5025125628140703,0.0337219990125015,0.2565989595300395,0.2572814035713428,0.48611963689861754,football-data.co.uk,2026-08-10T00:34:19.480312
E0,2023-12-26,12:30,Newcastle,Nott'm Forest,1,3,A,1,1,D,C Kavanagh,19,15,7,6,10,11,10,2,3,3,0,0,1.5,4.33,5.75,1.5,4.33,6.25,1.53,4.4,6.25,1.51,4.42,6.64,1.44,4.33,6.5,1.5,4.0,6.5,1.56,4.6,7.0,1.51,4.41,6.57,1.8,2.0,1.82,2.06,1.88,2.09,1.78,2.02,-1.0,1.88,2.02,1.88,2.02,1.91,2.06,1.86,2.0,1.4,5.0,6.5,1.41,4.8,7.25,1.43,4.8,6.75,1.4,5.15,8.1,1.35,5.0,7.5,1.4,4.8,8.0,1.47,5.31,8.5,1.41,4.95,7.64,1.62,2.25,1.65,2.32,1.78,2.45,1.64,2.3,-1.25,1.89,2.04,1.91,2.02,1.97,2.05,1.89,1.96,4,-2,1,1,1,0.6622516556291391,0.22624434389140272,0.15060240963855423,0.039098409159096015,0.6373329511350854,0.21773139280859252,0.14493565605632214,football-data.co.uk,2026-08-10T00:34:19.480312
E0,2023-12-26,15:00,Bournemouth,Fulham,3,0,H,1,0,H,T Robinson,16,8,4,3,10,10,6,5,0,2,0,0,2.15,3.6,3.2,2.2,3.5,3.1,2.2,3.6,3.15,2.22,3.69,3.2,2.15,3.5,3.1,2.15,3.5,3.13,2.27,3.79,3.45,2.22,3.62,3.2,1.73,2.08,1.77,2.14,1.84,2.16,1.76,2.08,-0.25,1.95,1.95,1.94,1.96,1.97,2.0,1.91,1.94,1.91,3.8,3.75,1.9,3.8,3.7,1.95,3.85,3.6,1.92,3.9,3.97,1.91,3.75,3.6,1.91,3.8,3.8,2.05,3.95,3.97,1.95,3.85,3.74,1.65,2.2,1.67,2.32,1.79,2.4,1.64,2.3,-0.5,1.94,1.99,1.93,1.99,2.0,2.0,1.95,1.93,3,3,1,0,0,0.4504504504504504,0.2710027100271003,0.3125,0.0339531604775507,0.43565846855422485,0.26210346888628167,0.3022380625594935,football-data.co.uk,2026-08-10T00:34:19.480312
E0,2023-12-26,15:00,Sheffield United,Luton,2,3,A,0,1,A,S Allison,21,12,6,4,13,13,9,4,5,0,0,0,2.3,3.3,3.1,2.35,3.25,3.0,2.35,3.3,3.05,2.46,3.32,3.07,2.3,3.25,3.0,2.38,3.13,3.0,2.52,3.42,3.19,2.41,3.32,3.07,2.1,1.7,2.14,1.76,2.17,1.81,2.11,1.75,-0.25,2.09,1.81,2.12,1.81,2.13,1.88,2.05,1.82,2.38,3.25,3.1,2.45,3.2,3.0,2.5,3.2,2.95,2.46,3.29,3.15,2.38,3.2,2.9,2.45,3.2,3.0,2.57,3.35,3.3,2.46,3.25,3.07,2.15,1.67,2.22,1.72,2.36,1.76,2.19,1.71,-0.25,2.09,1.84,2.11,1.83,2.15,1.85,2.08,1.8,5,-1,1,1,1,0.4065040650406504,0.30120481927710846,0.32573289902280134,0.03344178334056025,0.3933497479912626,0.29145794580075485,0.31519230620798244,football-data.co.uk,2026-08-10T00:34:19.480312
E0,2023-12-26,17:30,Burnley,Liverpool,0,2,A,0,1,A,P Tierney,9,19,0,10,7,10,4,4,2,1,0,0,6.5,5.25,1.4,7.0,5.25,1.39,7.0,5.25,1.4,8.02,5.32,1.38,7.5,5.0,1.35,7.5,4.8,1.36,8.5,5.75,1.43,7.67,5.3,1.39,1.44,2.7,1.48,2.73,1.48,2.8,1.45,2.73,1.5,1.78,2.03,1.84,2.08,1.9,2.09,1.83,2.04,8.0,5.25,1.36,7.0,5.25,1.39,7.0,4.9,1.43,7.85,5.65,1.38,8.0,5.0,1.33,8.0,5.25,1.36,8.84,5.65,1.44,7.69,5.28,1.38,1.44,2.7,1.46,2.82,1.54,2.93,1.46,2.72,1.5,1.84,2.09,1.83,2.08,1.98,2.12,1.84,2.03,2,-2,0,0,0,0.12468827930174564,0.18796992481203006,0.7246376811594204,0.03729588527319616,0.12020512283137619,0.18121148216308963,0.6985833950055341,football-data.co.uk,2026-08-10T00:34:19.480312
E0,2023-12-26,20:00,Man United,Aston Villa,3,2,H,0,2,A,C Pawson,13,10,7,4,10,10,3,6,1,3,0,0,2.6,3.5,2.6,2.45,3.6,2.65,2.6,3.6,2.6,2.68,3.62,2.61,2.5,3.6,2.5,2.55,3.5,2.5,2.75,3.75,2.71,2.63,3.63,2.61,1.62,2.25,1.64,2.36,1.7,2.41,1.63,2.33,0.0,1.95,1.95,1.98,1.93,2.01,2.0,1.96,1.93,2.25,3.75,2.9,2.3,3.6,2.85,2.45,3.65,2.75,2.35,3.77,2.98,2.25,3.7,2.75,2.3,3.7,2.9,2.45,4.2,3.08,2.34,3.75,2.91,1.57,2.35,1.62,2.43,1.62,2.66,1.56,2.46,-0.25,2.04,1.89,2.06,1.88,2.12,1.9,2.02,1.84,5,1,1,1,1,0.3731343283582089,0.27624309392265195,0.3831417624521073,0.03251918473296822,0.3613824652127016,0.2675428195497349,0.3710747152375634,football-data.co.uk,2026-08-10T00:34:19.480312
E0,2023-12-27,19:30,Brentford,Wolves,1,4,A,1,3,A,A Madley,14,11,4,5,5,14,8,2,1,1,0,0,1.95,3.5,4.2,1.95,3.5,3.8,1.95,3.5,3.9,1.94,3.66,4.07,1.85,3.6,3.9,1.91,3.4,3.9,2.02,3.72,4.2,1.96,3.59,3.97,2.03,1.87,2.01,1.88,2.05,1.92,1.97,1.86,-0.5,1.98,1.92,1.95,1.95,2.02,1.95,1.96,1.91,2.2,3.4,3.3,2.2,3.3,3.3,2.25,3.4,3.25,2.25,3.39,3.46,2.15,3.4,3.2,2.25,3.3,3.3,2.35,3.5,3.66,2.22,3.41,3.39,2.08,1.73,2.1,1.81,2.16,1.88,2.06,1.79,-0.25,1.94,1.99,1.93,1.98,1.99,2.05,1.89,1.97,5,-3,1,1,1,0.5154639175257733,0.27322404371584696,0.24570024570024568,0.03438820694186595,0.49832733403808327,0.2641407180420441,0.2375319479198726,football-data.co.uk,2026-08-10T00:34:19.480312
E0,2023-12-27,19:30,Chelsea,Crystal Palace,2,1,H,1,1,D,M Salisbury,9,13,4,5,13,16,4,3,3,2,0,0,1.67,4.0,5.0,1.65,3.9,5.0,1.7,3.9,4.9,1.72,3.89,5.06,1.65,3.9,4.6,1.65,3.7,5.0,1.75,4.05,5.5,1.7,3.91,5.02,1.91,1.99,1.94,1.94,2.0,2.0,1.89,1.94,-0.75,1.86,2.04,1.93,1.96,1.95,2.04,1.89,1.96,1.75,3.75,4.75,1.78,3.7,4.5,1.83,3.7,4.3,1.81,3.76,4.72,1.7,3.8,4.4,1.75,3.7,4.8,1.83,3.85,5.2,1.78,3.75,4.7,1.99,1.91,1.97,1.93,2.0,2.03,1.93,1.9,-0.75,2.07,1.86,2.07,1.86,2.08,1.92,1.98,1.86,3,1,1,0,1,0.5813953488372093,0.2570694087403599,0.19762845849802374,0.036093216075592904,0.5611419318421548,0.24811417037750802,0.19074389778033723,football-data.co.uk,2026-08-10T00:34:19.480312
E0,2023-12-27,20:15,Everton,Man City,1,3,A,1,0,H,J Brooks,7,23,2,9,13,5,8,4,4,2,0,0,5.75,4.0,1.57,5.5,4.1,1.58,5.5,4.2,1.6,6.32,4.1,1.57,5.5,4.2,1.53,5.75,4.0,1.53,6.6,4.37,1.64,5.84,4.17,1.59,1.73,2.08,1.78,2.11,1.81,2.17,1.74,2.11,1.0,1.89,2.01,1.93,1.98,1.93,2.07,1.88,1.99,5.0,4.0,1.65,5.5,3.9,1.62,6.0,4.0,1.57,5.5,3.97,1.68,5.8,4.0,1.53,6.0,3.9,1.6,6.26,4.2,1.68,5.65,4.02,1.62,1.95,1.95,1.95,1.95,2.0,2.05,1.91,1.92,1.0,1.68,2.15,1.73,2.23,1.89,2.25,1.78,2.09,4,-2,1,1,1,0.1582278481012658,0.24390243902439027,0.6369426751592356,0.039072962284891766,0.15227789947813414,0.23473081090287998,0.6129912896189859,football-data.co.uk,2026-08-10T00:34:19.480312
E0,2023-12-28,19:30,Brighton,Tottenham,4,2,H,2,0,H,J Gillett,15,19,9,3,18,6,7,6,3,2,0,0,2.5,3.6,2.6,2.4,3.8,2.6,2.55,3.8,2.55,2.53,4.05,2.56,2.4,3.9,2.5,2.45,3.75,2.5,2.57,4.2,2.7,2.52,3.9,2.57,1.44,2.7,1.47,2.79,1.48,2.9,1.45,2.76,0.0,1.95,1.95,1.94,1.96,1.95,2.01,1.91,1.95,2.5,3.75,2.63,2.45,3.75,2.6,2.55,3.7,2.55,2.48,3.92,2.71,2.45,3.7,2.5,2.45,3.8,2.63,2.81,4.0,2.73,2.5,3.82,2.65,1.44,2.7,1.44,2.93,1.48,2.96,1.43,2.84,0.0,1.86,2.04,1.88,2.05,1.95,2.08,1.88,1.99,6,2,1,1,1,0.3952569169960475,0.2469135802469136,0.390625,0.03279549724296116,0.38270588712981657,0.23907306035516934,0.378221052515014,football-data.co.uk,2026-08-10T00:34:19.480312
E0,2023-12-28,20:15,Arsenal,West Ham,0,2,A,0,1,A,M Oliver,30,6,8,3,8,8,10,3,2,0,0,0,1.33,5.5,7.5,1.33,5.5,9.0,1.35,5.25,8.0,1.36,5.49,8.28,1.3,5.5,8.0,1.3,5.0,9.0,1.39,5.8,9.5,1.35,5.39,8.64,1.57,2.35,1.6,2.43,1.65,2.5,1.58,2.4,-1.5,2.03,1.87,2.02,1.88,2.05,1.91,2.0,1.87,1.29,6.0,9.5,1.28,6.0,10.0,1.3,6.0,9.5,1.29,6.09,10.81,1.25,5.8,9.5,1.29,5.75,10.0,1.33,6.25,11.0,1.3,5.97,10.13,1.57,2.35,1.61,2.45,1.62,2.69,1.55,2.48,-1.5,1.78,2.03,1.83,2.08,1.9,2.13,1.83,2.04,2,-2,0,0,0,0.7352941176470588,0.18214936247723132,0.12077294685990339,0.038216426984193586,0.7082281675921251,0.17544450053283975,0.11632733187503506,football-data.co.uk,2026-08-10T00:34:19.480312
E0,2023-12-30,12:30,Luton,Chelsea,2,3,A,0,2,A,P Tierney,15,12,6,8,14,21,7,2,2,2,0,0,6.5,4.2,1.5,5.75,4.4,1.53,5.75,4.5,1.53,6.05,4.65,1.52,5.8,4.4,1.5,6.0,4.2,1.5,6.5,4.8,1.56,6.04,4.53,1.53,1.65,2.2,1.66,2.3,1.71,2.34,1.66,2.27,1.0,2.03,1.87,2.05,1.87,2.07,1.9,2.01,1.86,5.25,4.33,1.57,5.5,4.4,1.55,5.25,4.3,1.63,5.55,4.6,1.58,5.5,4.33,1.53,5.5,4.33,1.57,5.9,4.7,1.63,5.5,4.46,1.58,1.57,2.35,1.62,2.41,1.64,2.53,1.6,2.39,1.0,1.95,1.98,1.96,1.96,2.0,2.0,1.93,1.94,5,-1,1,1,1,0.1652892561983471,0.2150537634408602,0.6578947368421053,0.03823775648131256,0.1592017388758123,0.2071334452040138,0.633664815920174,football-data.co.uk,2026-08-10T00:34:19.480312
E0,2023-12-30,15:00,Aston Villa,Burnley,3,2,H,2,1,H,S Attwell,19,9,7,5,9,14,6,2,4,1,0,1,1.36,5.25,7.5,1.38,5.0,7.75,1.37,5.25,7.75,1.38,5.29,8.1,1.33,5.0,8.0,1.33,4.8,8.5,1.4,5.6,8.6,1.37,5.27,8.15,1.57,2.35,1.6,2.44,1.61,2.6,1.57,2.43,-1.5,2.06,1.84,2.08,1.84,2.09,1.9,2.03,1.84,1.36,5.25,7.0,1.39,5.0,7.25,1.43,5.0,6.75,1.41,5.3,7.94,1.33,5.0,8.0,1.36,5.0,8.5,1.46,5.35,8.5,1.4,5.17,7.55,1.5,2.5,1.53,2.64,1.55,2.68,1.51,2.59,-1.25,1.78,2.03,1.83,2.08,1.92,2.14,1.83,2.03,5,1,1,1,1,0.7246376811594204,0.1890359168241966,0.1234567901234568,0.03713038810707392,0.6986948694869486,0.18226822682268223,0.11903690369036901,football-data.co.uk,2026-08-10T00:34:19.480312
E0,2023-12-30,15:00,Crystal Palace,Brentford,3,1,H,2,1,H,R Jones,13,9,6,4,14,10,7,4,0,1,0,0,2.2,3.3,3.4,2.2,3.25,3.3,2.25,3.3,3.3,2.22,3.3,3.58,2.15,3.4,3.2,2.15,3.2,3.4,2.31,3.5,3.65,2.23,3.33,3.43,2.15,1.67,2.2,1.72,2.23,1.77,2.17,1.71,-0.25,1.9,2.0,1.9,2.0,1.94,2.03,1.89,1.96,2.05,3.3,3.75,2.1,3.2,3.75,2.1,3.3,3.65,2.15,3.27,3.89,2.05,3.25,3.6,2.1,3.25,3.8,2.2,3.4,3.97,2.12,3.29,3.78,2.3,1.6,2.34,1.65,2.4,1.75,2.27,1.66,-0.25,1.82,2.11,1.84,2.1,1.84,2.14,1.81,2.07,4,2,1,1,1,0.4504504504504504,0.30303030303030304,0.27932960893854747,0.03281036241930102,0.43614052186240193,0.29340362379834317,0.27045585433925484,football-data.co.uk,2026-08-10T00:34:19.480312
E0,2023-12-30,15:00,Man City,Sheffield United,2,0,H,1,0,H,D Coote,18,4,4,2,5,6,12,2,1,1,0,0,1.08,11.0,29.0,1.09,12.0,26.0,1.08,11.0,26.0,1.07,14.55,28.9,1.04,12.0,29.0,1.06,10.5,26.0,1.1,17.0,37.0,1.08,12.85,29.4,1.3,3.5,1.31,3.5,1.35,3.6,1.32,3.42,-2.75,2.01,1.89,1.94,1.93,2.06,1.95,1.97,1.88,1.08,13.0,19.0,1.09,12.0,26.0,1.1,10.0,22.0,1.07,14.0,36.0,1.04,13.0,26.0,1.06,13.0,34.0,1.1,14.7,42.0,1.08,12.46,30.83,1.3,3.5,1.3,3.58,1.36,3.66,1.32,3.37,-2.75,2.06,1.87,2.02,1.87,2.06,1.99,1.97,1.87,2,2,0,0,0,0.9345794392523364,0.06872852233676975,0.03460207612456748,0.03791003771367385,0.9004435888403625,0.06621818832021908,0.033338222839418265,football-data.co.uk,2026-08-10T00:34:19.480312
E0,2023-12-30,15:00,Wolves,Everton,3,0,H,1,0,H,T Bramall,12,10,6,0,9,14,5,2,2,3,0,0,2.63,3.3,2.7,2.55,3.4,2.7,2.6,3.3,2.7,2.67,3.41,2.74,2.5,3.4,2.6,2.55,3.2,2.7,2.75,3.5,2.81,2.64,3.38,2.74,2.05,1.75,2.05,1.84,2.1,1.87,2.03,1.81,0.0,1.91,1.99,1.93,1.98,1.94,2.03,1.9,1.97,2.9,3.25,2.5,2.8,3.2,2.55,2.8,3.25,2.6,2.97,3.24,2.61,2.7,3.25,2.5,2.8,3.25,2.6,3.0,3.35,2.74,2.88,3.26,2.6,2.1,1.7,2.2,1.73,2.2,1.89,2.12,1.75,0.0,2.1,1.83,2.1,1.85,2.13,1.91,2.04,1.84,3,3,1,0,0,0.37453183520599254,0.29325513196480935,0.36496350364963503,0.03275047082043692,0.3626547223052411,0.2839554570542503,0.3533898206405086,football-data.co.uk,2026-08-10T00:34:19.480312
E0,2023-12-30,17:30,Nott'm Forest,Man United,2,1,H,0,0,D,T Robinson,8,10,2,5,9,11,4,5,2,4,0,0,3.2,3.6,2.15,3.2,3.6,2.15,3.2,3.6,2.15,3.33,3.72,2.15,3.1,3.6,2.1,3.25,3.5,2.1,3.41,3.85,2.21,3.27,3.68,2.16,1.73,2.08,1.76,2.14,1.82,2.17,1.76,2.1,0.25,2.01,1.89,2.03,1.88,2.06,1.91,1.98,1.86,3.2,3.6,2.15,3.2,3.5,2.15,3.3,3.55,2.15,3.31,3.66,2.21,3.1,3.6,2.1,3.3,3.6,2.15,3.64,3.77,2.25,3.25,3.64,2.18,1.73,2.08,1.79,2.12,1.79,2.31,1.73,2.14,0.25,1.99,1.94,2.0,1.93,2.09,1.94,1.97,1.89,3,1,1,0,1,0.3003003003003003,0.26881720430107525,0.46511627906976744,0.03423378367114305,0.29036017295272115,0.25991918707864553,0.44972063996863326,football-data.co.uk,2026-08-10T00:34:19.480312
E0,2023-12-31,14:00,Fulham,Arsenal,2,1,H,1,1,D,J Smith,15,13,4,3,11,10,5,4,4,1,0,0,5.25,4.5,1.55,5.5,4.1,1.58,5.5,4.3,1.57,5.94,4.29,1.57,5.5,4.2,1.53,5.75,4.0,1.53,6.2,4.5,1.62,5.74,4.29,1.57,1.73,2.08,1.77,2.13,1.83,2.16,1.76,2.1,1.0,1.91,1.99,1.93,1.98,1.94,2.02,1.9,1.97,6.0,4.0,1.57,5.75,4.1,1.57,5.75,4.2,1.57,5.78,4.22,1.61,6.0,4.2,1.5,6.0,4.2,1.55,6.66,4.53,1.63,5.92,4.22,1.58,1.85,2.05,1.83,2.06,1.88,2.13,1.81,2.04,1.0,1.89,2.04,1.87,2.06,2.02,2.07,1.89,1.98,3,1,1,0,1,0.16835016835016833,0.2331002331002331,0.6369426751592356,0.03839307660963698,0.16212566526332514,0.22448169036460405,0.6133926443720709,football-data.co.uk,2026-08-10T00:34:19.480312
E0,2023-12-31,14:00,Tottenham,Bournemouth,3,1,H,1,0,H,S Hooper,12,24,6,4,9,18,4,13,3,3,0,0,1.75,4.2,4.0,1.75,4.2,4.0,1.8,4.3,3.9,1.77,4.42,4.08,1.7,4.2,4.0,1.73,4.1,4.0,1.82,4.5,4.25,1.78,4.33,4.04,1.4,2.88,1.4,3.05,1.43,3.07,1.4,2.96,-0.75,2.0,1.9,1.97,1.93,2.02,1.95,1.95,1.9,1.75,4.5,3.8,1.75,4.33,3.9,1.8,4.4,3.7,1.79,4.59,3.92,1.7,4.33,3.9,1.73,4.4,4.1,1.8,4.7,4.23,1.76,4.49,3.98,1.3,3.5,1.36,3.33,1.36,3.66,1.33,3.41,-0.75,1.98,1.95,2.0,1.93,2.0,2.0,1.93,1.93,4,2,1,1,1,0.5649717514124294,0.22624434389140272,0.24509803921568626,0.03631413451951837,0.5451742213999383,0.2183163737280296,0.23650940487203206,football-data.co.uk,2026-08-10T00:34:19.480312
E0,2024-01-01,20:00,Liverpool,Newcastle,4,2,H,0,0,D,A Taylor,34,5,15,3,16,15,7,3,3,5,0,0,1.45,4.5,7.0,1.46,4.8,6.0,1.47,4.9,6.0,1.45,4.96,6.69,1.4,4.8,6.5,1.4,4.8,6.5,1.51,5.2,7.2,1.46,4.88,6.56,1.44,2.7,1.47,2.78,1.48,2.95,1.45,2.78,-1.25,1.99,1.91,1.96,1.94,2.0,1.96,1.95,1.9,1.36,5.25,7.5,1.37,5.5,7.25,1.4,4.9,7.5,1.38,5.7,7.75,1.33,5.5,7.5,1.33,5.5,8.0,1.44,5.75,8.0,1.38,5.47,7.49,1.36,3.1,1.37,3.26,1.41,3.35,1.38,3.12,-1.5,2.01,1.92,1.98,1.93,2.14,1.94,2.01,1.87,6,2,1,1,1,0.6896551724137931,0.20161290322580647,0.14947683109118085,0.04074490673078057,0.6626553422972387,0.1937198077280234,0.1436248499747378,football-data.co.uk,2026-08-10T00:34:19.480312
E0,2024-01-02,19:30,West Ham,Brighton,0,0,D,0,0,D,S Barrott,6,22,2,8,4,6,2,0,1,0,0,0,2.45,3.75,2.75,2.4,3.7,2.7,2.45,3.7,2.7,2.52,3.68,2.74,2.38,3.7,2.6,2.38,3.5,2.7,2.57,3.89,2.81,2.47,3.7,2.73,1.6,2.3,1.63,2.38,1.66,2.42,1.62,2.34,0.0,1.85,2.05,1.88,2.04,1.89,2.08,1.85,2.03,3.1,3.5,2.2,3.0,3.6,2.2,2.95,3.6,2.3,3.19,3.65,2.27,2.9,3.7,2.15,3.1,3.6,2.2,3.2,3.8,2.63,3.03,3.63,2.3,1.7,2.1,1.74,2.2,1.74,2.38,1.67,2.25,0.25,1.94,1.99,1.94,1.98,1.95,2.06,1.87,1.99,0,0,0,0,0,0.3968253968253968,0.2717391304347826,0.36496350364963503,0.03352803090981449,0.3839522344411612,0.262923812715143,0.35312395284369574,football-data.co.uk,2026-08-10T00:34:19.480312
E0,2024-01-12,19:45,Burnley,Luton,1,1,D,1,0,H,T Harrington,13,14,7,5,7,12,2,8,1,0,0,0,2.0,3.6,3.6,2.0,3.5,3.6,,,,2.06,3.58,3.8,1.91,3.6,3.6,2.0,3.5,3.8,2.09,3.75,3.9,2.03,3.58,3.74,1.99,1.91,1.97,1.93,1.99,1.96,1.92,1.88,-0.5,2.06,1.84,2.07,1.87,2.09,1.87,2.03,1.85,2.15,3.4,3.4,2.1,3.4,3.4,,,,2.18,3.47,3.6,2.0,3.5,3.4,2.15,3.4,3.5,2.2,3.55,3.95,2.15,3.46,3.5,2.06,1.84,2.03,1.88,2.06,1.92,1.97,1.87,-0.25,1.87,2.03,1.88,2.06,1.88,2.11,1.83,2.03,2,0,0,0,1,0.4854368932038835,0.27932960893854747,0.2631578947368421,0.02792439687927306,0.47224960773150787,0.27174139439299055,0.25600899787550163,football-data.co.uk,2026-08-10T00:34:19.480312
E0,2024-01-13,12:30,Chelsea,Fulham,1,0,H,1,0,H,A Taylor,17,14,3,4,13,9,6,4,5,1,0,0,1.6,4.2,5.25,1.58,4.33,5.25,,,,1.65,4.22,5.13,1.6,4.2,4.75,1.6,4.2,5.25,1.69,4.4,5.5,1.64,4.24,5.19,1.62,2.25,1.66,2.31,1.7,2.4,1.64,2.3,-1.0,2.08,1.82,2.12,1.79,2.14,1.84,2.07,1.81,1.62,4.2,5.25,1.63,4.1,5.0,,,,1.67,4.15,5.3,1.57,4.2,5.0,1.6,4.1,5.5,1.67,4.3,5.5,1.64,4.16,5.26,1.7,2.1,1.75,2.17,1.77,2.34,1.71,2.16,-1.0,2.11,1.82,2.12,1.81,2.16,1.85,2.08,1.8,1,1,0,0,0,0.6060606060606061,0.23696682464454977,0.19493177387914232,0.037959204584298245,0.5838963645043572,0.2283007112398553,0.18780292425578743,football-data.co.uk,2026-08-10T00:34:19.480312
E0,2024-01-13,17:30,Newcastle,Man City,2,3,A,2,1,H,C Kavanagh,12,27,5,11,7,7,3,13,1,2,0,0,5.5,4.33,1.55,5.25,4.33,1.57,,,,5.63,4.53,1.56,5.5,4.33,1.53,5.5,4.1,1.53,5.75,4.63,1.6,5.5,4.47,1.57,1.6,2.3,1.62,2.39,1.65,2.48,1.61,2.35,1.0,1.92,1.98,1.94,1.96,1.95,1.99,1.92,1.94,4.5,4.0,1.7,4.6,4.0,1.68,,,,5.1,4.25,1.67,4.75,4.0,1.62,5.25,4.0,1.65,5.25,4.35,1.72,4.89,4.13,1.68,1.67,2.15,1.7,2.25,1.84,2.33,1.7,2.2,0.75,2.04,1.89,2.06,1.87,2.08,1.91,2.01,1.85,5,-1,1,1,1,0.17761989342806395,0.22075055187637968,0.641025641025641,0.03939608633008462,0.17088759113497046,0.21238347419202727,0.6167289346730023,football-data.co.uk,2026-08-10T00:34:19.480312
E0,2024-01-14,14:00,Everton,Aston Villa,0,0,D,0,0,D,D Coote,10,16,2,5,13,14,4,5,1,4,0,0,2.8,3.5,2.45,2.8,3.6,2.35,,,,2.81,3.62,2.49,2.7,3.6,2.38,2.75,3.4,2.4,2.9,3.79,2.5,2.79,3.62,2.45,1.73,2.08,1.75,2.17,1.77,2.25,1.71,2.17,0.25,1.73,2.08,1.76,2.16,1.8,2.16,1.76,2.11,2.55,3.5,2.7,2.5,3.5,2.7,,,,2.55,3.61,2.79,2.38,3.6,2.62,2.55,3.5,2.7,2.81,3.65,2.88,2.55,3.54,2.75,1.7,2.1,1.74,2.21,1.77,2.28,1.71,2.17,0.0,1.88,2.05,1.88,2.06,1.94,2.06,1.86,2.02,0,0,0,0,0,0.35587188612099646,0.27624309392265195,0.4016064257028112,0.033721405746459654,0.3442628585832738,0.2672316664693369,0.38850547494738924,football-data.co.uk,2026-08-10T00:34:19.480312
E0,2024-01-14,16:30,Man United,Tottenham,2,2,D,2,1,H,J Brooks,9,16,2,6,8,5,8,13,2,1,0,0,2.2,3.75,3.0,2.15,3.9,2.95,,,,2.22,3.97,3.01,2.15,3.9,2.88,2.15,3.75,2.9,2.26,4.1,3.08,2.2,3.93,3.0,1.48,2.6,1.48,2.76,1.49,2.82,1.47,2.72,-0.25,1.95,1.95,1.96,1.94,1.97,1.97,1.92,1.92,2.05,4.0,3.25,2.0,3.8,3.3,,,,1.99,4.02,3.59,2.0,4.0,3.1,2.0,3.9,3.4,2.15,4.15,3.59,2.04,3.97,3.34,1.48,2.6,1.51,2.71,1.51,2.97,1.47,2.72,-0.5,2.04,1.89,2.0,1.92,2.07,1.92,2.04,1.85,4,0,1,1,1,0.4504504504504504,0.2518891687657431,0.33222591362126247,0.03456553283745589,0.4354005968234998,0.2434733815990352,0.32112602157746506,football-data.co.uk,2026-08-10T00:34:19.480312
E0,2024-01-20,12:30,Arsenal,Crystal Palace,5,0,H,2,0,H,P Tierney,21,12,6,5,8,12,6,7,0,0,0,0,1.3,5.75,9.0,1.3,5.5,10.5,,,,1.29,5.85,10.86,1.25,5.5,11.0,1.25,5.75,13.0,1.31,6.2,13.0,1.29,5.74,11.19,1.73,2.08,1.79,2.09,1.81,2.18,1.75,2.1,-1.5,1.91,1.99,1.92,1.99,1.96,2.02,1.89,1.98,1.25,6.0,12.0,1.27,5.5,11.5,,,,1.27,6.15,12.65,1.25,5.5,11.0,1.25,5.75,13.0,1.28,6.2,13.5,1.26,5.91,12.35,1.7,2.1,1.77,2.15,1.78,2.29,1.74,2.14,-1.5,1.78,2.03,1.85,2.08,1.85,2.12,1.83,2.05,5,5,1,1,0,0.7751937984496123,0.17094017094017094,0.09208103130755065,0.038215000697333856,0.7466601791815192,0.16464814207592476,0.08869167874255615,football-data.co.uk,2026-08-10T00:34:19.480312
E0,2024-01-20,17:30,Brentford,Nott'm Forest,3,2,H,1,1,D,D England,11,12,5,3,10,14,6,4,1,3,0,0,1.91,3.6,4.0,1.93,3.6,3.75,,,,1.85,3.83,4.29,1.85,3.7,3.75,1.83,3.5,4.1,1.94,3.93,4.36,1.9,3.72,4.06,1.86,2.04,1.81,2.08,1.9,2.1,1.84,2.0,-0.5,1.89,2.01,1.85,2.06,1.94,2.06,1.89,1.98,1.75,3.75,4.75,1.75,3.7,4.6,,,,1.78,3.86,4.81,1.73,3.7,4.5,1.75,3.7,4.8,1.83,3.9,4.95,1.78,3.8,4.66,1.95,1.95,1.92,1.99,1.98,2.03,1.89,1.94,-0.75,1.99,1.91,2.01,1.92,2.07,1.93,1.99,1.86,5,1,1,1,1,0.5405405405405405,0.2610966057441253,0.2331002331002331,0.03473737938489885,0.5223939439221434,0.2523312783958134,0.2252747776820432,football-data.co.uk,2026-08-10T00:34:19.480312
E0,2024-01-21,14:00,Sheffield United,West Ham,2,2,D,1,1,D,M Salisbury,21,16,6,5,11,10,4,1,3,1,1,1,3.4,3.3,2.2,3.4,3.4,2.15,,,,3.45,3.47,2.2,3.3,3.5,2.05,3.4,3.25,2.1,3.52,3.53,2.23,3.43,3.43,2.18,2.05,1.75,2.09,1.81,2.2,1.85,2.05,1.79,0.25,2.02,1.88,2.01,1.9,2.03,1.9,1.98,1.85,2.75,3.3,2.6,2.75,3.3,2.55,,,,2.82,3.35,2.67,2.7,3.5,2.4,2.8,3.3,2.55,3.21,3.5,2.67,2.83,3.34,2.56,2.03,1.87,2.0,1.91,2.14,1.93,2.0,1.83,0.0,2.02,1.91,2.02,1.91,2.12,1.91,2.02,1.85,4,0,1,1,1,0.2898550724637681,0.2881844380403458,0.45454545454545453,0.032584965049568426,0.280708205401629,0.2790902906730893,0.4402015039252818,football-data.co.uk,2026-08-10T00:34:19.480312
E0,2024-01-21,16:30,Bournemouth,Liverpool,0,4,A,0,0,D,A Madley,11,14,1,7,9,12,8,5,1,2,0,0,4.2,4.5,1.7,4.4,4.2,1.68,,,,4.41,4.36,1.72,4.2,4.2,1.67,4.4,4.0,1.67,4.5,4.5,1.77,4.38,4.37,1.71,1.44,2.7,1.5,2.68,1.51,2.75,1.47,2.68,0.75,1.99,1.91,1.99,1.92,1.99,1.92,1.95,1.87,4.33,4.5,1.67,4.33,4.33,1.68,,,,4.49,4.46,1.71,4.2,4.33,1.65,4.6,4.33,1.67,4.81,4.65,1.78,4.38,4.4,1.7,1.4,2.88,1.44,2.94,1.48,3.19,1.42,2.9,0.75,2.03,1.9,2.03,1.89,2.09,1.91,1.99,1.86,4,-4,1,1,0,0.22675736961451246,0.2293577981651376,0.5813953488372093,0.037510516616859446,0.21855910468640705,0.22106551643739797,0.5603753788761949,football-data.co.uk,2026-08-10T00:34:19.480312
E0,2024-01-22,19:45,Brighton,Wolves,0,0,D,0,0,D,C Pawson,11,8,4,3,10,13,8,2,1,4,0,0,1.65,4.33,5.0,1.66,4.2,4.6,,,,1.66,4.28,5.01,1.57,4.2,5.0,1.6,4.0,5.0,1.68,4.5,5.25,1.65,4.29,4.95,1.62,2.25,1.63,2.38,1.69,2.38,1.63,2.29,-1.0,2.05,1.75,2.12,1.78,2.12,1.82,2.07,1.79,1.62,4.0,5.0,1.65,4.1,4.8,,,,1.67,4.25,5.15,1.6,4.2,4.75,1.65,4.1,5.0,1.71,4.33,5.25,1.66,4.16,5.0,1.62,2.25,1.65,2.37,1.65,2.46,1.62,2.32,-0.75,1.84,2.09,1.85,2.09,1.9,2.11,1.82,2.03,0,0,0,0,0,0.6024096385542169,0.2336448598130841,0.1996007984031936,0.035655296770494616,0.5816700213214989,0.2256009895779645,0.19272898910053657,football-data.co.uk,2026-08-10T00:34:19.480312
E0,2024-01-30,19:30,Nott'm Forest,Arsenal,1,2,A,0,0,D,S Hooper,9,19,3,3,6,7,2,11,0,1,0,0,7.5,5.0,1.4,7.5,5.0,1.39,,,,7.77,5.14,1.4,8.0,4.8,1.35,8.5,5.0,1.36,8.6,5.3,1.43,8.12,5.09,1.39,1.62,2.25,1.64,2.36,1.69,2.36,1.65,2.29,1.25,2.05,1.88,2.04,1.87,2.08,1.9,2.02,1.85,8.5,5.0,1.4,8.75,4.8,1.36,,,,9.02,5.14,1.38,8.5,4.8,1.33,9.5,5.0,1.33,9.52,5.3,1.41,8.78,5.04,1.38,1.75,2.05,1.79,2.11,1.83,2.3,1.73,2.15,1.5,1.78,2.03,1.81,2.12,1.88,2.14,1.8,2.08,3,-1,1,0,1,0.1287001287001287,0.19455252918287938,0.7142857142857143,0.037538372168722356,0.12404372903443782,0.18751357482443226,0.68844269614113,football-data.co.uk,2026-08-10T00:34:19.480312
E0,2024-01-30,19:45,Fulham,Everton,0,0,D,0,0,D,T Bramall,25,21,6,4,6,13,15,6,1,2,0,0,2.45,3.2,3.0,2.4,3.25,2.95,,,,2.46,3.32,3.08,2.3,3.4,2.9,2.4,3.3,3.0,2.55,3.45,3.12,2.45,3.33,3.01,2.05,1.75,2.08,1.83,2.12,1.88,2.03,1.8,-0.25,2.1,1.83,2.11,1.81,2.13,1.86,2.08,1.8,2.25,3.2,3.5,2.2,3.2,3.4,,,,2.23,3.27,3.64,2.1,3.3,3.4,2.15,3.3,3.5,2.4,3.35,3.77,2.25,3.27,3.46,2.15,1.67,2.22,1.73,2.28,1.83,2.16,1.72,-0.25,1.93,2.0,1.91,2.01,1.94,2.04,1.9,1.96,0,0,0,0,0,0.4065040650406504,0.30120481927710846,0.3246753246753247,0.032384208993083474,0.39375269545930625,0.2917565153102089,0.3144907892304849,football-data.co.uk,2026-08-10T00:34:19.480312
E0,2024-01-30,19:45,Luton,Brighton,4,0,H,3,0,H,R Jones,18,9,8,2,13,14,7,4,2,2,0,0,4.2,4.2,1.75,4.2,4.0,1.77,,,,4.43,4.06,1.78,4.0,4.0,1.73,4.5,3.9,1.75,4.53,4.2,1.82,4.34,4.09,1.78,1.65,2.2,1.66,2.3,1.71,2.36,1.65,2.28,0.75,1.91,2.02,1.93,1.97,1.93,2.03,1.88,1.96,4.0,4.0,1.8,4.1,3.9,1.8,,,,4.29,3.99,1.83,4.0,4.0,1.73,4.33,3.8,1.8,4.5,4.2,1.86,4.22,4.03,1.8,1.67,2.15,1.7,2.26,1.71,2.36,1.67,2.24,0.75,1.78,2.03,1.85,2.08,1.9,2.12,1.85,2.01,4,4,1,1,0,0.22573363431151244,0.24630541871921185,0.5617977528089888,0.03383680583971316,0.2183455193667291,0.2382440026587709,0.5434104779744999,football-data.co.uk,2026-08-10T00:34:19.480312
E0,2024-01-30,20:00,Crystal Palace,Sheffield United,3,2,H,2,2,D,T Harrington,12,9,4,5,8,18,11,1,1,4,0,0,1.62,3.6,6.5,1.63,3.75,5.5,,,,1.64,3.93,5.81,1.6,3.75,5.5,1.62,3.8,6.0,1.68,3.99,6.5,1.64,3.87,5.92,2.08,1.73,2.09,1.79,2.16,1.82,2.09,1.77,-0.75,1.85,2.08,1.83,2.09,1.86,2.11,1.81,2.06,1.62,3.75,6.0,1.61,3.9,5.5,,,,1.61,4.01,6.2,1.57,3.9,5.5,1.57,3.9,6.5,1.65,4.2,6.52,1.61,3.95,6.02,2.07,1.83,2.04,1.87,2.11,1.92,2.0,1.85,-1.0,2.11,1.82,2.1,1.84,2.14,1.87,2.08,1.81,5,1,1,1,1,0.6097560975609756,0.2544529262086514,0.17211703958691912,0.03632606335654609,0.5883824783736913,0.24553365509741826,0.1660838665288905,football-data.co.uk,2026-08-10T00:34:19.480312
E0,2024-01-30,20:15,Aston Villa,Newcastle,1,3,A,0,2,A,J Brooks,12,14,6,5,14,12,8,7,4,1,0,0,1.85,4.0,3.8,1.85,4.0,4.0,,,,1.85,4.05,4.02,1.83,3.9,3.6,1.83,4.0,3.9,1.91,4.3,4.1,1.86,4.07,3.92,1.5,2.5,1.53,2.61,1.54,2.69,1.51,2.57,-0.5,1.87,2.06,1.86,2.05,1.9,2.06,1.86,2.03,1.85,4.0,3.8,1.9,3.9,3.9,,,,1.86,4.08,4.06,1.83,4.0,3.6,1.85,3.9,4.0,1.96,4.1,4.1,1.88,4.02,3.89,1.57,2.35,1.58,2.5,1.61,2.63,1.56,2.47,-0.5,1.85,2.08,1.87,2.06,1.88,2.09,1.86,2.03,4,-2,1,1,1,0.5405405405405405,0.2469135802469136,0.24875621890547267,0.03621033969292675,0.5216513673283029,0.2382851924832989,0.24006344018839818,football-data.co.uk,2026-08-10T00:34:19.480312
E0,2024-01-31,19:30,Man City,Burnley,3,1,H,2,0,H,S Barrott,14,8,4,3,3,13,7,3,2,2,0,0,1.08,12.0,21.0,1.1,11.0,23.0,,,,1.11,12.41,18.6,1.06,11.0,23.0,1.07,10.0,26.0,1.12,13.0,34.0,1.1,11.19,24.13,1.33,3.4,1.32,3.44,1.36,3.45,1.34,3.31,-2.5,1.89,2.01,1.89,2.0,1.95,2.04,1.89,1.98,1.1,11.0,19.0,1.13,9.5,18.5,,,,1.11,11.5,23.0,1.06,11.0,23.0,1.1,10.5,23.0,1.14,13.0,26.0,1.11,10.59,22.43,1.33,3.4,1.34,3.45,1.35,3.66,1.33,3.38,-2.5,2.0,1.8,2.04,1.87,2.09,1.95,2.0,1.86,4,2,1,1,1,0.9009009009009008,0.08058017727639001,0.05376344086021505,0.03524451903750592,0.8702300609507134,0.07783685476674392,0.05193308428254258,football-data.co.uk,2026-08-10T00:34:19.480312
E0,2024-01-31,19:30,Tottenham,Brentford,3,2,H,0,1,A,D Coote,19,9,5,5,13,15,5,3,2,3,0,0,1.67,4.2,4.75,1.55,4.5,5.25,,,,1.69,4.32,4.7,1.6,4.33,4.5,1.62,4.1,4.6,1.74,4.5,5.25,1.67,4.34,4.75,1.5,2.5,1.51,2.66,1.53,2.69,1.5,2.59,-0.75,1.85,2.05,1.88,2.03,1.9,2.08,1.83,2.03,1.6,4.33,5.0,1.61,4.4,4.8,,,,1.62,4.56,5.18,1.57,4.33,4.75,1.57,4.5,5.25,1.7,4.65,5.45,1.63,4.46,4.97,1.44,2.7,1.45,2.89,1.49,2.93,1.45,2.79,-1.0,2.0,1.9,2.0,1.92,2.15,1.96,2.02,1.86,5,1,1,1,1,0.591715976331361,0.23148148148148145,0.2127659574468085,0.03596341525965108,0.571174587456889,0.22344561407456995,0.20537979846854093,football-data.co.uk,2026-08-10T00:34:19.480312
E0,2024-01-31,20:15,Liverpool,Chelsea,4,1,H,2,0,H,P Tierney,28,4,13,3,15,16,8,1,2,4,0,0,1.57,4.33,5.25,1.58,4.4,5.0,,,,1.58,4.64,5.29,1.53,4.6,4.8,1.53,4.33,5.25,1.62,4.87,5.5,1.58,4.61,5.15,1.44,2.7,1.46,2.81,1.48,2.93,1.45,2.77,-1.0,1.95,1.95,1.93,1.97,1.97,1.97,1.93,1.93,1.62,4.2,4.75,1.66,4.2,4.5,,,,1.66,4.46,4.89,1.55,4.5,4.75,1.62,4.33,5.0,1.73,4.6,5.25,1.65,4.4,4.84,1.48,2.6,1.49,2.73,1.57,2.75,1.47,2.68,-1.0,2.06,1.84,2.1,1.84,2.14,1.88,2.05,1.83,5,3,1,1,1,0.6329113924050632,0.21551724137931036,0.1890359168241966,0.037464550608570235,0.6100559214614141,0.20773455946315397,0.18220951907543184,football-data.co.uk,2026-08-10T00:34:19.480312
E0,2024-02-01,19:30,West Ham,Bournemouth,1,1,D,0,1,A,T Robinson,9,9,3,4,13,11,1,5,1,3,0,0,2.4,3.75,2.75,2.35,3.7,2.75,,,,2.45,3.71,2.8,2.38,3.7,2.6,2.38,3.5,2.7,2.5,3.85,2.85,2.43,3.73,2.75,1.62,2.25,1.67,2.31,1.7,2.35,1.65,2.27,-0.25,2.08,1.73,2.14,1.78,2.16,1.83,2.09,1.76,2.38,3.6,2.8,2.37,3.5,2.8,,,,2.51,3.54,2.89,2.3,3.7,2.7,2.38,3.5,2.9,2.55,3.71,3.12,2.42,3.58,2.85,1.75,2.05,1.79,2.12,1.81,2.28,1.76,2.1,-0.25,2.05,1.75,2.17,1.78,2.19,1.87,2.08,1.78,2,0,0,0,1,0.4081632653061224,0.2695417789757412,0.35714285714285715,0.03484790142472072,0.3944186046511628,0.26046511627906976,0.3451162790697675,football-data.co.uk,2026-08-10T00:34:19.480312
E0,2024-02-01,20:15,Wolves,Man United,3,4,A,0,2,A,J Gillett,16,21,7,8,10,10,4,5,2,5,0,0,2.63,3.6,2.55,2.7,3.6,2.4,,,,2.7,3.51,2.64,2.62,3.6,2.38,2.6,3.4,2.5,2.75,3.72,2.67,2.7,3.58,2.54,1.75,2.05,1.81,2.07,1.84,2.17,1.76,2.09,0.0,2.0,1.9,1.97,1.93,2.03,1.95,1.98,1.89,2.8,3.5,2.4,2.87,3.4,2.4,,,,3.01,3.46,2.46,2.8,3.5,2.3,3.0,3.4,2.38,3.13,3.6,2.5,2.92,3.5,2.43,1.9,2.0,1.89,1.98,1.92,2.03,1.87,1.98,0.25,1.83,2.1,1.82,2.13,1.86,2.15,1.79,2.09,7,-1,1,1,1,0.37037037037037035,0.2849002849002849,0.3787878787878788,0.03405853405853421,0.3581715716969317,0.2755165936130244,0.3663118346900438,football-data.co.uk,2026-08-10T00:34:19.480312
E0,2024-02-03,12:30,Everton,Tottenham,2,2,D,1,2,A,M Oliver,14,9,5,6,8,14,9,5,3,0,0,0,3.0,3.6,2.25,2.8,3.6,2.37,,,,2.97,3.71,2.34,2.75,3.7,2.25,3.0,3.6,2.3,3.05,3.89,2.38,2.94,3.69,2.34,1.62,2.25,1.66,2.32,1.68,2.38,1.64,2.29,0.25,1.89,2.04,1.86,2.05,1.89,2.06,1.84,2.01,3.0,3.75,2.2,3.1,3.6,2.2,,,,3.1,3.74,2.28,3.0,3.7,2.15,3.1,3.7,2.2,3.34,3.85,2.28,3.1,3.73,2.22,1.62,2.25,1.65,2.35,1.7,2.38,1.63,2.29,0.25,1.92,2.01,1.93,2.0,1.98,2.01,1.92,1.93,4,0,1,1,1,0.33670033670033667,0.2695417789757412,0.4273504273504274,0.03359254302650516,0.3257573199148965,0.26078146634696564,0.41346121373813793,football-data.co.uk,2026-08-10T00:34:19.480312
E0,2024-02-03,15:00,Brighton,Crystal Palace,4,1,H,3,0,H,S Hooper,13,7,6,5,8,14,3,2,1,3,0,0,1.7,4.0,4.75,1.66,4.0,4.8,,,,1.71,4.04,4.85,1.6,4.0,5.0,1.67,3.8,4.75,1.75,4.25,5.0,1.7,4.07,4.82,1.73,2.08,1.76,2.14,1.79,2.19,1.73,2.14,-0.75,1.94,1.99,1.93,1.98,1.95,2.01,1.89,1.96,1.7,3.8,5.0,1.72,3.7,4.8,,,,1.74,3.82,5.23,1.62,3.9,5.0,1.7,3.7,5.5,1.79,3.93,5.5,1.72,3.81,5.17,2.06,1.84,2.06,1.85,2.1,1.9,2.01,1.84,-0.75,1.95,1.98,1.95,1.97,1.97,1.99,1.9,1.96,5,3,1,1,1,0.5847953216374269,0.24752475247524752,0.2061855670103093,0.0385056411229836,0.5631123207044508,0.2383470466348047,0.19854063266074454,football-data.co.uk,2026-08-10T00:34:19.480312
E0,2024-02-03,15:00,Burnley,Fulham,2,2,D,0,2,A,D Bond,12,15,4,7,11,7,2,13,2,2,0,0,2.9,3.4,2.38,2.87,3.4,2.4,,,,2.98,3.5,2.43,2.88,3.5,2.25,2.9,3.25,2.38,3.0,3.6,2.5,2.94,3.45,2.43,1.99,1.91,1.97,1.92,2.0,1.97,1.93,1.9,0.25,1.83,2.1,1.82,2.11,1.83,2.12,1.79,2.06,2.9,3.3,2.4,2.85,3.25,2.5,,,,2.97,3.28,2.59,2.75,3.4,2.38,2.88,3.25,2.55,3.1,3.41,2.6,2.91,3.31,2.54,2.1,1.7,2.15,1.77,2.2,1.85,2.1,1.76,0.0,2.1,1.83,2.1,1.84,2.12,1.85,2.08,1.81,4,0,1,1,1,0.33557046979865773,0.2857142857142857,0.4115226337448559,0.03280738925779936,0.324910988524014,0.2766384988004462,0.39845051267553977,football-data.co.uk,2026-08-10T00:34:19.480312
E0,2024-02-03,15:00,Newcastle,Luton,4,4,D,2,2,D,T Bramall,19,11,6,8,13,16,8,2,2,2,0,0,1.44,4.75,6.5,1.42,4.8,6.75,,,,1.42,5.07,7.23,1.4,4.8,6.5,1.4,4.6,7.0,1.47,5.2,7.5,1.43,4.97,7.02,1.57,2.35,1.59,2.46,1.65,2.5,1.58,2.43,-1.25,1.95,1.98,1.94,1.96,1.97,1.98,1.93,1.93,1.53,4.5,5.5,1.55,4.4,5.5,,,,1.54,4.69,5.92,1.4,4.75,6.5,1.53,4.4,6.0,1.57,5.0,6.92,1.53,4.61,5.91,1.57,2.35,1.61,2.44,1.67,2.48,1.6,2.37,-1.0,1.91,2.02,1.91,2.02,1.94,2.27,1.88,2.01,8,0,1,1,1,0.7042253521126761,0.1972386587771203,0.1383125864453665,0.03977659733516292,0.6772852494637126,0.189693304583525,0.13302144595276236,football-data.co.uk,2026-08-10T00:34:19.480312
E0,2024-02-03,17:30,Sheffield United,Aston Villa,0,5,A,0,4,A,P Tierney,10,14,5,10,10,7,3,4,1,0,0,0,5.25,4.2,1.62,5.0,4.2,1.6,,,,5.02,4.36,1.65,5.0,4.2,1.57,5.25,4.0,1.6,5.4,4.42,1.69,5.1,4.29,1.63,1.62,2.25,1.64,2.35,1.68,2.38,1.63,2.31,1.0,1.83,2.1,1.8,2.1,1.85,2.1,1.81,2.07,5.0,4.2,1.62,5.0,4.1,1.63,,,,5.35,4.3,1.64,5.0,4.33,1.55,5.5,4.1,1.6,5.6,4.4,1.73,5.17,4.27,1.64,1.65,2.2,1.69,2.28,1.7,2.35,1.66,2.27,1.0,1.82,2.11,1.83,2.11,1.87,2.19,1.82,2.07,5,-5,1,1,0,0.19920318725099603,0.2293577981651376,0.6060606060606061,0.0346215914767396,0.19253724153066307,0.2216827872669561,0.585779971202381,football-data.co.uk,2026-08-10T00:34:19.480312
E0,2024-02-04,14:00,Bournemouth,Nott'm Forest,1,1,D,1,1,D,R Welch,9,8,2,6,19,12,11,6,3,2,1,0,1.7,4.2,4.5,1.68,4.1,4.6,,,,1.71,4.2,4.68,1.65,4.0,4.5,1.65,3.9,4.75,1.75,4.3,5.0,1.7,4.15,4.65,1.65,2.2,1.69,2.26,1.71,2.33,1.65,2.26,-0.75,1.92,2.01,1.92,1.99,1.94,2.01,1.87,1.96,1.65,4.5,4.75,1.65,4.2,4.75,,,,1.66,4.37,5.01,1.6,4.2,4.75,1.65,4.2,4.8,1.72,4.5,5.2,1.66,4.34,4.93,1.57,2.35,1.61,2.44,1.67,2.5,1.59,2.4,-0.75,1.83,2.1,1.84,2.1,1.85,2.12,1.81,2.07,2,0,0,0,1,0.5847953216374269,0.23809523809523808,0.2136752136752137,0.03656577340787859,0.5641661500309981,0.2296962182269064,0.2061376317420955,football-data.co.uk,2026-08-10T00:34:19.480312
E0,2024-02-04,14:00,Chelsea,Wolves,2,4,A,1,2,A,T Robinson,15,14,6,7,15,11,10,1,3,2,0,0,1.62,4.0,5.5,1.62,4.2,5.0,,,,1.63,4.29,5.27,1.57,4.2,5.0,1.57,4.0,5.25,1.66,4.4,5.6,1.63,4.22,5.24,1.7,2.1,1.71,2.21,1.75,2.25,1.69,2.19,-1.0,2.09,1.84,2.08,1.84,2.11,1.85,2.05,1.82,1.55,4.2,5.75,1.53,4.33,5.75,,,,1.54,4.63,6.02,1.44,4.5,6.0,1.5,4.4,6.5,1.59,4.63,6.5,1.54,4.48,5.92,1.57,2.35,1.63,2.39,1.63,2.49,1.6,2.37,-1.0,1.88,2.05,1.88,2.04,1.95,2.06,1.87,2.0,6,-2,1,1,1,0.6134969325153374,0.2331002331002331,0.18975332068311196,0.03635048629868254,0.5919782357669718,0.22492413153849977,0.1830976326945283,football-data.co.uk,2026-08-10T00:34:19.480312
E0,2024-02-04,14:00,Man United,West Ham,3,0,H,1,0,H,A Madley,12,22,5,3,10,5,5,8,0,1,0,0,1.62,4.2,5.0,1.68,4.1,4.75,,,,1.65,4.31,5.05,1.62,4.0,4.75,1.62,4.0,4.8,1.72,4.4,5.25,1.66,4.23,4.93,1.6,2.3,1.64,2.35,1.66,2.43,1.62,2.33,-0.75,1.82,2.11,1.83,2.1,1.88,2.12,1.8,2.05,1.55,4.33,5.5,1.55,4.33,5.75,,,,1.56,4.59,5.9,1.5,4.4,5.5,1.5,4.4,6.5,1.64,4.7,6.5,1.55,4.49,5.82,1.57,2.35,1.61,2.43,1.63,2.48,1.59,2.4,-1.0,1.9,2.03,1.93,2.0,2.02,2.06,1.89,1.99,3,3,1,0,0,0.6060606060606061,0.2320185614849188,0.19801980198019803,0.036098969525723,0.5849447049812547,0.22393474784665204,0.19112054717209315,football-data.co.uk,2026-08-10T00:34:19.480312
E0,2024-02-04,16:30,Arsenal,Liverpool,3,1,H,1,1,D,A Taylor,15,10,7,1,11,11,2,4,6,2,0,1,2.2,3.6,3.1,2.25,3.6,2.95,,,,2.24,3.72,3.15,2.15,3.75,2.9,2.15,3.5,3.1,2.32,3.8,3.24,2.25,3.67,3.07,1.67,2.15,1.69,2.26,1.73,2.33,1.67,2.23,-0.25,1.95,1.98,1.95,1.95,1.98,1.98,1.93,1.91,2.1,3.6,3.25,2.15,3.6,3.2,,,,2.2,3.75,3.26,2.25,3.5,2.9,2.15,3.6,3.25,2.3,3.78,3.3,2.21,3.65,3.2,1.67,2.15,1.71,2.25,1.76,2.38,1.7,2.2,-0.25,1.92,2.01,1.93,2.0,2.0,2.01,1.91,1.95,4,2,1,1,1,0.4464285714285714,0.26881720430107525,0.31746031746031744,0.03270609318996409,0.4322900526805082,0.2603036876355748,0.30740625968391694,football-data.co.uk,2026-08-10T00:34:19.480312
E0,2024-02-05,20:00,Brentford,Man City,1,3,A,1,1,D,J Gillett,9,25,3,15,2,4,8,13,1,0,0,0,7.0,4.75,1.4,6.75,4.8,1.43,,,,7.44,5.09,1.41,7.0,5.0,1.36,7.5,4.8,1.36,7.8,5.2,1.46,7.17,4.99,1.42,1.57,2.35,1.58,2.48,1.6,2.52,1.57,2.42,1.25,1.99,1.94,1.99,1.91,2.02,1.95,1.95,1.89,7.5,5.25,1.4,7.0,5.25,1.4,,,,7.8,5.4,1.39,7.5,5.0,1.35,8.0,5.25,1.36,8.65,5.9,1.4,7.9,5.41,1.37,1.5,2.5,1.53,2.63,1.55,2.72,1.51,2.61,1.5,1.75,2.05,1.79,2.13,1.97,2.17,1.83,2.05,4,-2,1,1,1,0.13440860215053763,0.19646365422396858,0.7092198581560284,0.04009211453053463,0.12922759462627548,0.18889062947337718,0.6818817759003474,football-data.co.uk,2026-08-10T00:34:19.480312
E0,2024-02-10,12:30,Man City,Everton,2,0,H,0,0,D,J Brooks,19,5,3,1,6,11,9,0,0,2,0,0,1.18,8.0,13.0,1.22,7.0,11.5,,,,1.19,7.68,13.24,1.18,7.0,12.0,1.18,6.5,13.0,1.24,8.3,16.0,1.2,7.36,13.47,1.44,2.7,1.47,2.74,1.5,2.95,1.44,2.78,-2.0,2.1,1.83,2.07,1.83,2.13,1.95,2.01,1.86,1.2,7.0,13.0,1.27,6.25,9.75,,,,1.24,6.85,12.25,1.18,7.0,12.0,1.25,6.0,12.0,1.28,7.85,14.1,1.24,6.82,12.04,1.48,2.6,1.51,2.66,1.55,2.89,1.49,2.66,-1.75,2.04,1.89,2.0,1.9,2.06,2.13,1.94,1.92,2,2,0,0,0,0.8403361344537815,0.13020833333333334,0.0755287009063444,0.04607316869345923,0.803324432365814,0.12447344720251546,0.07220212043167058,football-data.co.uk,2026-08-10T00:34:19.480312
E0,2024-02-10,15:00,Fulham,Bournemouth,3,1,H,2,0,H,D England,7,25,6,4,11,11,1,14,1,2,0,0,2.38,3.5,2.8,2.3,3.5,2.9,,,,2.46,3.6,2.87,2.25,3.6,2.8,2.38,3.4,2.8,2.47,3.74,3.05,2.4,3.58,2.88,1.73,2.08,1.77,2.14,1.79,2.18,1.74,2.12,-0.25,2.13,1.81,2.13,1.79,2.13,1.84,2.07,1.79,2.55,3.5,2.63,2.5,3.4,2.7,,,,2.64,3.5,2.76,2.38,3.5,2.7,2.55,3.5,2.7,2.69,3.69,2.91,2.56,3.53,2.75,1.75,2.05,1.82,2.08,1.9,2.19,1.78,2.07,0.0,1.92,2.01,1.92,2.01,1.92,2.07,1.88,2.0,4,2,1,1,1,0.4065040650406504,0.2777777777777778,0.3484320557491289,0.03271389856755702,0.3936269915651359,0.26897844423617623,0.3373945641986879,football-data.co.uk,2026-08-10T00:34:19.480312
E0,2024-02-10,15:00,Liverpool,Burnley,3,1,H,1,1,D,T Robinson,25,9,10,4,11,13,9,3,3,2,0,0,1.17,8.0,17.0,1.17,8.0,15.0,,,,1.16,8.71,15.08,1.14,8.0,15.0,1.13,8.0,15.0,1.18,9.5,18.5,1.16,8.4,15.8,1.33,3.4,1.32,3.47,1.35,3.52,1.33,3.37,-2.25,2.03,1.9,2.0,1.89,2.05,1.95,1.97,1.88,1.18,8.0,17.0,1.17,8.0,14.5,,,,1.16,9.27,15.41,1.12,8.0,17.0,1.13,8.5,19.0,1.18,9.5,19.0,1.16,8.52,16.31,1.3,3.5,1.31,3.57,1.35,3.7,1.32,3.47,-2.25,1.99,1.94,1.98,1.93,2.04,1.97,1.95,1.91,4,2,1,1,1,0.8620689655172414,0.11481056257175659,0.06631299734748011,0.043192525436478224,0.8263757115749525,0.11005692599620491,0.0635673624288425,football-data.co.uk,2026-08-10T00:34:19.480312
E0,2024-02-10,15:00,Luton,Sheffield United,1,3,A,0,2,A,C Kavanagh,20,7,5,3,7,12,13,1,1,2,0,0,1.75,3.75,4.75,1.75,3.75,4.5,,,,1.79,3.85,4.6,1.7,3.9,4.4,1.73,3.6,4.6,1.83,4.02,4.75,1.77,3.88,4.59,1.85,2.05,1.88,2.02,1.89,2.13,1.83,2.02,-0.75,2.03,1.9,2.04,1.88,2.04,1.92,1.98,1.88,1.7,3.9,4.75,1.71,3.9,4.6,,,,1.72,4.05,4.96,1.67,3.8,4.75,1.7,3.9,5.0,1.75,4.1,5.1,1.71,3.98,4.87,1.8,2.0,1.81,2.08,1.85,2.12,1.78,2.05,-0.75,1.94,1.99,1.93,1.99,1.95,2.02,1.89,1.96,4,-2,1,1,1,0.5586592178770949,0.2597402597402597,0.2173913043478261,0.03579078196518082,0.5393552709719662,0.2507651779324207,0.209879551095613,football-data.co.uk,2026-08-10T00:34:19.480312
E0,2024-02-10,15:00,Tottenham,Brighton,2,1,H,0,1,A,S Barrott,16,6,6,3,14,13,9,6,2,3,0,0,1.8,4.2,3.8,1.85,4.1,3.7,,,,1.81,4.35,3.92,1.8,4.2,3.6,1.75,4.0,3.9,1.85,4.5,4.01,1.82,4.31,3.84,1.4,2.88,1.4,3.08,1.41,3.17,1.38,3.02,-0.75,2.06,1.87,2.04,1.88,2.08,1.92,2.02,1.84,1.73,4.33,4.0,1.77,4.33,3.8,,,,1.72,4.64,4.27,1.7,4.4,3.9,1.73,4.33,4.2,1.79,4.66,4.28,1.74,4.51,4.09,1.33,3.4,1.35,3.38,1.36,3.5,1.34,3.34,-0.75,1.92,2.01,1.9,2.03,1.98,2.03,1.9,1.96,3,1,1,0,1,0.5524861878453039,0.2298850574712644,0.25510204081632654,0.0374732861328948,0.5325305193203147,0.22158166436086657,0.24588781631881876,football-data.co.uk,2026-08-10T00:34:19.480312
E0,2024-02-10,15:00,Wolves,Brentford,0,2,A,0,1,A,S Hooper,17,9,5,6,11,9,7,4,2,3,0,0,2.1,3.6,3.4,2.15,3.6,3.2,,,,2.14,3.65,3.42,2.0,3.6,3.4,2.05,3.5,3.3,2.17,3.84,3.7,2.12,3.66,3.38,1.75,2.05,1.76,2.15,1.83,2.17,1.76,2.09,-0.25,1.86,2.07,1.87,2.05,1.87,2.12,1.82,2.04,2.2,3.5,3.2,2.2,3.5,3.2,,,,2.27,3.54,3.28,2.05,3.6,3.2,2.2,3.5,3.25,2.28,3.75,3.45,2.2,3.58,3.27,1.84,2.06,1.83,2.08,1.85,2.14,1.79,2.08,-0.25,1.94,1.99,1.97,1.95,1.97,2.02,1.9,1.96,2,-2,0,0,0,0.4672897196261682,0.273972602739726,0.29239766081871343,0.03365998318460761,0.4520729516745857,0.2650509908448256,0.2828760574805887,football-data.co.uk,2026-08-10T00:34:19.480312
E0,2024-02-10,17:30,Nott'm Forest,Newcastle,2,3,A,2,2,D,A Taylor,13,7,3,5,9,6,4,4,1,2,0,0,3.3,3.75,2.05,3.3,3.6,2.1,,,,3.29,3.81,2.14,3.2,3.7,2.05,3.3,3.5,2.05,3.41,3.84,2.19,3.3,3.71,2.13,1.7,2.1,1.72,2.21,1.77,2.27,1.71,2.16,0.25,2.07,1.86,2.03,1.88,2.07,1.89,2.0,1.84,3.2,3.75,2.1,3.1,3.75,2.1,,,,3.32,3.79,2.16,3.1,3.75,2.05,3.3,3.7,2.1,3.39,3.9,2.21,3.24,3.77,2.15,1.62,2.25,1.68,2.29,1.69,2.45,1.64,2.3,0.25,2.04,1.89,2.08,1.89,2.09,1.91,2.0,1.86,5,-1,1,1,1,0.303951367781155,0.26246719160104987,0.4672897196261682,0.03370827900837314,0.29403979241874,0.25390837718048676,0.4520518304007732,football-data.co.uk,2026-08-10T00:34:19.480312
E0,2024-02-11,14:00,West Ham,Arsenal,0,6,A,0,4,A,C Pawson,5,25,1,12,17,11,2,6,4,0,0,0,6.0,4.33,1.53,5.5,4.2,1.57,,,,5.95,4.4,1.56,5.5,4.33,1.5,6.0,4.1,1.5,6.4,4.6,1.59,5.81,4.38,1.55,1.67,2.15,1.72,2.2,1.73,2.29,1.67,2.22,1.0,1.95,1.95,1.97,1.93,2.0,1.95,1.94,1.91,6.0,4.2,1.53,6.0,4.2,1.53,,,,6.25,4.4,1.56,5.8,4.2,1.5,6.5,4.33,1.5,6.75,4.6,1.59,6.31,4.34,1.53,1.88,2.02,1.89,2.01,1.92,2.09,1.82,2.03,1.0,1.95,1.98,1.98,1.94,2.09,2.02,1.98,1.9,6,-6,1,1,0,0.1680672268907563,0.22727272727272727,0.641025641025641,0.03636559518912463,0.16216982469404148,0.21929783112035153,0.6185323441856069,football-data.co.uk,2026-08-10T00:34:19.480312
E0,2024-02-11,16:30,Aston Villa,Man United,1,2,A,0,1,A,R Jones,23,17,10,5,9,7,10,8,3,2,0,0,2.15,3.75,3.1,2.15,3.75,3.1,,,,2.16,3.91,3.18,2.1,3.8,3.0,2.1,3.6,3.1,2.22,4.01,3.25,2.17,3.83,3.11,1.53,2.4,1.57,2.52,1.58,2.55,1.55,2.46,-0.25,1.92,2.01,1.9,2.0,1.97,2.01,1.89,1.95,2.15,3.8,3.1,2.1,3.8,3.1,,,,2.18,3.93,3.18,2.0,3.8,3.2,2.15,3.8,3.1,2.27,4.0,3.25,2.16,3.89,3.13,1.5,2.5,1.52,2.66,1.53,2.74,1.5,2.62,-0.25,1.9,2.03,1.92,2.01,1.94,2.03,1.88,1.98,3,-1,1,0,1,0.4629629629629629,0.2557544757033248,0.31446540880503143,0.033182847471319166,0.4480939304171081,0.24754038099768635,0.3043656885852055,football-data.co.uk,2026-08-10T00:34:19.480312
E0,2024-02-12,20:00,Crystal Palace,Chelsea,1,3,A,1,0,H,M Oliver,13,14,4,5,14,7,1,7,2,2,0,0,4.2,3.8,1.85,4.1,3.6,1.87,,,,4.25,3.86,1.85,3.9,3.7,1.83,4.2,3.6,1.8,4.5,3.94,1.88,4.2,3.8,1.84,1.86,2.04,1.86,2.03,1.88,2.07,1.83,2.0,0.5,2.07,1.86,2.06,1.85,2.07,1.87,2.03,1.84,4.75,4.0,1.7,4.75,3.8,1.71,,,,5.04,3.99,1.72,4.6,3.9,1.67,5.0,3.8,1.7,5.26,4.11,1.75,4.91,3.97,1.71,1.86,2.04,1.86,2.05,1.9,2.11,1.83,2.02,0.75,1.95,1.98,1.99,1.93,1.99,2.0,1.95,1.91,4,-2,1,1,1,0.23529411764705882,0.2590673575129534,0.5405405405405405,0.034902015700552624,0.22735883598388973,0.250330324593661,0.5223108394224493,football-data.co.uk,2026-08-10T00:34:19.480312
E0,2024-02-17,12:30,Brentford,Liverpool,1,4,A,0,1,A,M Oliver,15,15,6,8,4,18,1,6,2,1,0,0,5.5,4.33,1.57,5.0,4.4,1.6,,,,5.27,4.59,1.59,5.5,4.33,1.5,5.25,4.2,1.55,5.5,4.75,1.64,5.24,4.52,1.59,1.48,2.6,1.5,2.67,1.53,2.72,1.5,2.61,1.0,1.91,1.99,1.93,1.97,1.95,2.02,1.91,1.95,4.75,4.2,1.67,4.6,4.33,1.65,,,,4.85,4.45,1.66,5.0,4.2,1.57,5.0,4.4,1.62,5.09,4.62,1.69,4.82,4.4,1.65,1.44,2.7,1.47,2.81,1.5,3.01,1.45,2.78,1.0,1.75,2.05,1.79,2.18,1.9,2.19,1.81,2.08,5,-3,1,1,1,0.18975332068311196,0.2178649237472767,0.6289308176100629,0.036549062040451386,0.1830625559677626,0.21018293462965337,0.6067545094025841,football-data.co.uk,2026-08-10T00:34:19.480312
E0,2024-02-17,15:00,Burnley,Arsenal,0,5,A,0,2,A,J Gillett,8,16,0,7,11,8,4,6,2,1,0,0,10.0,5.75,1.29,9.25,5.75,1.3,,,,9.78,5.73,1.31,10.0,5.5,1.29,10.5,5.25,1.25,11.0,6.1,1.34,9.94,5.73,1.31,1.57,2.35,1.62,2.39,1.65,2.46,1.6,2.37,1.5,1.99,1.91,1.99,1.92,2.03,1.93,1.98,1.89,10.0,5.75,1.29,10.0,5.75,1.29,,,,10.32,6.08,1.29,9.0,5.5,1.29,11.0,6.0,1.25,11.5,6.42,1.33,10.38,5.94,1.29,1.53,2.4,1.56,2.54,1.62,2.56,1.57,2.45,1.5,2.03,1.78,2.06,1.83,2.12,1.91,2.04,1.83,5,-5,1,1,0,0.10224948875255624,0.17452006980802792,0.7633587786259541,0.04012833718653841,0.09830468519791769,0.16778705431686475,0.7339082604852175,football-data.co.uk,2026-08-10T00:34:19.480312
E0,2024-02-17,15:00,Fulham,Aston Villa,1,2,A,0,1,A,L Smith,15,12,4,3,11,6,4,4,5,2,0,0,2.9,3.75,2.2,2.87,3.7,2.25,,,,2.97,3.76,2.32,2.88,3.7,2.2,2.9,3.6,2.2,3.08,3.9,2.35,2.94,3.77,2.29,1.6,2.3,1.66,2.32,1.67,2.42,1.62,2.33,0.25,1.88,2.02,1.88,2.03,1.9,2.05,1.86,1.99,2.9,3.75,2.25,2.95,3.7,2.25,,,,3.1,3.74,2.28,2.88,3.7,2.2,3.0,3.7,2.25,3.1,3.85,2.5,2.95,3.72,2.3,1.6,2.3,1.63,2.4,1.73,2.4,1.62,2.33,0.25,1.91,1.99,1.93,2.0,1.95,2.12,1.86,1.99,3,-1,1,0,1,0.33670033670033667,0.26595744680851063,0.4310344827586207,0.03369226626746813,0.3257258931772015,0.2572888039192257,0.4169853029035727,football-data.co.uk,2026-08-10T00:34:19.480312
E0,2024-02-17,15:00,Newcastle,Bournemouth,2,2,D,0,0,D,M Salisbury,17,12,5,7,9,22,4,2,1,3,0,0,1.83,4.2,3.75,1.8,4.1,3.9,,,,1.87,4.15,3.84,1.75,4.2,3.7,1.8,3.9,3.75,1.9,4.27,4.01,1.85,4.16,3.83,1.48,2.6,1.49,2.7,1.5,2.79,1.47,2.68,-0.5,1.85,2.05,1.88,2.03,1.88,2.05,1.85,2.02,1.95,4.0,3.4,2.0,3.8,3.3,,,,2.0,3.94,3.64,1.95,3.9,3.3,2.0,3.8,3.5,2.06,4.1,3.66,1.99,3.93,3.5,1.53,2.4,1.59,2.49,1.61,2.69,1.53,2.53,-0.5,2.02,1.88,2.01,1.92,2.06,1.92,2.01,1.87,4,0,1,1,1,0.53475935828877,0.24096385542168672,0.2604166666666667,0.036139880377123346,0.5161073021281005,0.23255919397097544,0.251333503900924,football-data.co.uk,2026-08-10T00:34:19.480312
E0,2024-02-17,15:00,Nott'm Forest,West Ham,2,0,H,1,0,H,T Bramall,19,10,8,3,13,15,5,3,4,4,0,1,2.38,3.5,2.9,2.4,3.5,2.8,,,,2.47,3.5,2.92,2.3,3.5,2.8,2.38,3.3,2.88,2.5,3.64,3.02,2.43,3.51,2.9,1.89,2.01,1.89,2.0,1.91,2.04,1.85,1.99,-0.25,2.09,1.81,2.13,1.79,2.13,1.83,2.08,1.79,2.25,3.6,3.2,2.25,3.5,3.1,,,,2.29,3.54,3.24,2.25,3.5,2.9,2.25,3.4,3.2,2.32,3.61,3.34,2.27,3.52,3.17,1.86,2.04,1.88,2.03,1.94,2.06,1.87,1.97,-0.25,1.97,1.93,1.98,1.94,2.01,1.96,1.96,1.9,2,2,0,0,0,0.4048582995951417,0.2857142857142857,0.3424657534246575,0.033038338734084904,0.3919102364499528,0.27657665258039527,0.33151311096965186,football-data.co.uk,2026-08-10T00:34:19.480312
E0,2024-02-17,15:00,Tottenham,Wolves,1,2,A,0,1,A,A Taylor,15,12,4,7,8,13,10,4,0,1,0,0,1.53,4.75,5.25,1.57,4.5,5.0,,,,1.55,4.87,5.36,1.5,4.6,5.5,1.5,4.4,5.5,1.58,4.9,5.6,1.55,4.75,5.37,1.44,2.7,1.43,2.91,1.45,2.98,1.43,2.82,-1.0,1.87,2.03,1.88,2.04,1.9,2.05,1.86,2.01,1.5,5.0,5.25,1.52,4.75,5.5,,,,1.51,5.01,5.84,1.44,4.8,5.5,1.5,4.75,6.0,1.58,5.13,6.0,1.52,4.89,5.57,1.4,2.88,1.4,3.12,1.42,3.12,1.4,3.0,-1.0,1.75,2.05,1.81,2.12,1.88,2.15,1.81,2.06,3,-1,1,0,1,0.6451612903225806,0.2053388090349076,0.18656716417910446,0.03706726353659273,0.6221016832818156,0.19799950905273392,0.1798988076654504,football-data.co.uk,2026-08-10T00:34:19.480312
E0,2024-02-17,17:30,Man City,Chelsea,1,1,D,0,1,A,A Madley,31,9,5,6,7,12,12,1,1,3,0,0,1.33,5.5,8.0,1.35,5.5,7.75,,,,1.34,5.71,8.37,1.3,5.5,8.0,1.3,5.25,8.5,1.37,6.0,9.05,1.35,5.64,8.22,1.44,2.7,1.45,2.84,1.49,2.84,1.46,2.73,-1.5,1.98,1.92,1.97,1.93,2.0,1.95,1.94,1.92,1.33,6.0,7.5,1.33,5.75,7.75,,,,1.31,6.6,8.75,1.29,5.8,8.0,1.29,6.0,9.5,1.36,6.6,9.5,1.33,6.01,8.28,1.33,3.4,1.35,3.48,1.39,3.48,1.35,3.28,-1.5,1.87,2.03,1.87,2.06,1.97,2.16,1.88,1.99,2,0,0,0,1,0.7462686567164178,0.17513134851138354,0.11947431302270013,0.040874318250501585,0.7169632717720847,0.16825407778889556,0.11478265043901957,football-data.co.uk,2026-08-10T00:34:19.480312
E0,2024-02-18,14:00,Sheffield United,Brighton,0,5,A,0,2,A,S Attwell,6,24,1,10,3,5,5,10,1,4,1,0,5.0,4.2,1.62,4.75,4.1,1.65,,,,4.99,4.4,1.64,4.5,4.2,1.62,5.0,4.0,1.6,5.15,4.5,1.68,4.92,4.3,1.65,1.57,2.35,1.58,2.47,1.63,2.48,1.57,2.42,1.0,1.82,2.08,1.88,2.03,1.88,2.11,1.81,2.06,4.5,4.33,1.67,4.6,4.2,1.66,,,,4.91,4.32,1.68,4.5,4.2,1.62,5.0,4.1,1.65,5.15,4.45,1.72,4.81,4.25,1.68,1.57,2.35,1.59,2.46,1.62,2.58,1.58,2.43,0.75,2.07,1.86,2.06,1.87,2.12,1.89,2.03,1.84,5,-5,1,1,0,0.2004008016032064,0.22727272727272727,0.6097560975609756,0.03742962643690939,0.19317050187923626,0.21907291008577023,0.5877565880349933,football-data.co.uk,2026-08-10T00:34:19.480312
E0,2024-02-18,16:30,Luton,Man United,1,2,A,1,2,A,D Coote,22,21,4,9,7,21,8,6,3,5,0,0,4.0,4.0,1.8,3.8,3.9,1.85,,,,4.17,4.13,1.81,3.9,4.0,1.75,4.1,3.9,1.75,4.34,4.25,1.87,4.07,4.09,1.81,1.57,2.35,1.56,2.54,1.64,2.54,1.58,2.41,0.75,1.85,2.05,1.88,2.03,1.88,2.06,1.84,1.99,4.2,4.2,1.75,4.0,4.0,1.78,,,,4.32,4.14,1.79,4.0,4.0,1.73,4.2,4.1,1.75,4.32,4.39,1.84,4.14,4.12,1.8,1.5,2.5,1.55,2.61,1.59,2.69,1.53,2.54,0.75,1.9,2.03,1.9,2.02,1.93,2.06,1.86,2.0,3,-1,1,0,1,0.23980815347721823,0.24213075060532688,0.5524861878453039,0.03442509192784904,0.2318274714607801,0.23407277384780942,0.5340997546914105,football-data.co.uk,2026-08-10T00:34:19.480312
E0,2024-02-19,20:00,Everton,Crystal Palace,1,1,D,0,0,D,P Tierney,19,10,4,4,8,12,3,6,0,2,0,0,1.7,3.6,5.25,1.75,3.5,5.0,,,,1.72,3.79,5.26,1.67,3.6,5.0,1.67,3.5,5.25,1.77,3.82,5.5,1.73,3.68,5.12,2.1,1.7,2.14,1.76,2.24,1.77,2.16,1.7,-0.75,1.92,1.98,1.93,1.98,1.98,1.98,1.92,1.91,1.8,3.4,5.0,1.82,3.4,4.6,,,,1.83,3.49,5.06,1.7,3.6,4.75,1.8,3.4,5.0,1.85,3.6,5.25,1.81,3.49,4.98,2.3,1.6,2.38,1.64,2.43,1.67,2.33,1.62,-0.75,2.05,1.75,2.1,1.81,2.14,1.83,2.06,1.8,2,0,0,0,1,0.5813953488372093,0.2638522427440633,0.19011406844106465,0.03536166002233743,0.5615384182032257,0.25484065417138474,0.1836209276253894,football-data.co.uk,2026-08-10T00:34:19.480312
E0,2024-02-20,19:30,Man City,Brentford,1,0,H,0,0,D,D England,25,6,11,2,12,6,10,1,2,4,0,0,1.18,8.0,13.0,1.19,7.75,13.5,,,,1.17,8.67,15.04,1.15,7.0,15.0,1.15,8.0,17.0,1.19,8.9,18.0,1.18,8.12,15.16,1.33,3.4,1.34,3.36,1.37,3.4,1.34,3.26,-2.0,1.78,2.03,1.79,2.11,1.84,2.14,1.81,2.07,1.18,7.5,13.0,1.19,7.5,12.0,,,,1.18,8.5,15.0,1.14,8.0,15.0,1.17,7.5,17.0,1.21,8.5,17.0,1.19,7.81,14.24,1.36,3.1,1.38,3.17,1.4,3.3,1.37,3.16,-2.0,1.9,2.03,1.89,2.02,1.95,2.06,1.88,2.0,1,1,0,0,0,0.8547008547008548,0.11534025374855825,0.06648936170212766,0.03653047015154076,0.8245786103865307,0.1112753142044107,0.06414607540905856,football-data.co.uk,2026-08-10T00:34:19.480312
E0,2024-02-21,19:30,Liverpool,Luton,4,1,H,0,1,A,A Madley,29,12,13,3,15,14,13,4,1,4,0,0,1.2,7.0,13.0,1.19,7.75,13.0,,,,1.19,7.94,12.93,1.14,8.0,13.0,1.17,7.0,13.0,1.23,8.3,15.0,1.2,7.72,13.14,1.3,3.5,1.32,3.44,1.33,3.75,1.3,3.51,-2.0,1.88,2.02,1.87,2.02,1.91,2.06,1.87,2.0,1.29,6.0,8.0,1.29,6.25,8.75,,,,1.25,6.93,10.47,1.18,6.5,11.0,1.25,6.5,10.5,1.31,7.5,12.0,1.27,6.68,10.07,1.36,3.1,1.35,3.33,1.39,3.4,1.37,3.16,-1.75,2.01,1.89,1.95,1.95,2.04,2.05,1.92,1.94,5,3,1,1,1,0.8403361344537815,0.12594458438287154,0.07733952049497293,0.043620239331626065,0.8052125694610567,0.12068047325675786,0.07410695728218542,football-data.co.uk,2026-08-10T00:34:19.480312
E0,2024-02-24,15:00,Aston Villa,Nott'm Forest,4,2,H,3,1,H,S Barrott,16,10,6,3,7,16,7,2,1,2,0,0,1.53,4.5,5.75,1.55,4.5,5.5,,,,1.57,4.52,5.55,1.44,4.6,5.8,1.53,4.2,5.5,1.6,4.7,6.1,1.55,4.54,5.63,1.57,2.35,1.6,2.43,1.62,2.49,1.57,2.42,-1.0,1.95,1.95,1.95,1.95,1.97,2.0,1.91,1.95,1.57,4.5,5.25,1.58,4.5,5.0,,,,1.61,4.51,5.37,1.5,4.4,5.5,1.55,4.33,5.75,1.61,4.6,6.0,1.58,4.51,5.39,1.5,2.5,1.52,2.64,1.56,2.69,1.51,2.56,-1.0,1.99,1.91,2.0,1.92,2.02,1.96,1.95,1.92,6,2,1,1,1,0.6369426751592356,0.22123893805309736,0.1801801801801802,0.03836179339251311,0.613411124342538,0.21306536841101434,0.17352350724644772,football-data.co.uk,2026-08-10T00:34:19.480312
E0,2024-02-24,15:00,Brighton,Everton,1,1,D,0,0,D,T Harrington,23,6,7,3,9,14,11,3,2,3,1,0,1.83,3.8,4.2,1.88,3.75,3.9,,,,1.82,4.04,4.2,1.8,3.9,3.75,1.8,3.7,4.0,1.88,4.16,4.35,1.84,3.93,4.1,1.65,2.2,1.67,2.3,1.71,2.32,1.67,2.24,-0.5,1.84,2.06,1.82,2.09,1.88,2.09,1.83,2.05,1.83,3.8,4.0,1.85,3.9,3.8,,,,1.87,3.98,4.1,1.8,3.9,3.75,1.8,3.9,4.2,1.95,4.05,4.23,1.87,3.93,4.0,1.6,2.3,1.65,2.36,1.69,2.44,1.63,2.32,-0.5,1.85,2.05,1.88,2.05,1.93,2.09,1.87,2.01,2,0,0,0,1,0.5494505494505494,0.24752475247524752,0.23809523809523808,0.035070540021034935,0.53083391730904,0.2391380518570428,0.23002803083391732,football-data.co.uk,2026-08-10T00:34:19.480312
E0,2024-02-24,15:00,Crystal Palace,Burnley,3,0,H,0,0,D,L Smith,15,2,6,0,8,13,12,3,3,1,0,1,1.95,3.5,4.0,2.0,3.4,3.8,,,,2.03,3.45,3.98,1.91,3.5,3.75,1.95,3.25,3.9,2.06,3.6,4.1,2.01,3.46,3.92,2.1,1.7,2.19,1.74,2.2,1.79,2.12,1.74,-0.5,2.02,1.88,2.04,1.88,2.04,1.91,2.0,1.87,1.95,3.5,4.0,2.0,3.4,3.8,,,,1.98,3.54,4.13,1.91,3.5,3.8,1.95,3.4,4.1,2.06,3.58,4.19,2.0,3.44,4.0,2.1,1.7,2.17,1.76,2.27,1.77,2.15,1.73,-0.5,1.98,1.92,1.99,1.93,2.06,1.93,2.01,1.87,3,3,1,0,0,0.4926108374384237,0.2898550724637681,0.25125628140703515,0.033722191309226934,0.47654083619364274,0.2803993905719115,0.24305977323444586,football-data.co.uk,2026-08-10T00:34:19.480312
E0,2024-02-24,15:00,Man United,Fulham,1,2,A,0,0,D,M Oliver,21,17,9,5,6,11,10,9,2,5,0,0,1.57,4.33,5.5,1.55,4.4,5.25,,,,1.61,4.48,5.21,1.5,4.4,5.5,1.55,4.2,5.25,1.63,4.6,5.6,1.58,4.47,5.33,1.57,2.35,1.6,2.44,1.63,2.5,1.57,2.43,-1.0,2.0,1.9,2.02,1.89,2.04,1.96,1.96,1.9,1.65,4.33,5.0,1.63,4.2,4.8,,,,1.65,4.26,5.24,1.53,4.4,5.0,1.65,4.2,5.0,1.73,4.4,5.24,1.65,4.27,5.0,1.53,2.4,1.58,2.51,1.61,2.62,1.55,2.48,-0.75,1.75,2.05,1.83,2.11,1.9,2.14,1.8,2.06,3,-1,1,0,1,0.6211180124223602,0.2232142857142857,0.19193857965451055,0.03627087779115645,0.5993780446154122,0.21540148478366378,0.18522047060092395,football-data.co.uk,2026-08-10T00:34:19.480312
E0,2024-02-24,17:30,Bournemouth,Man City,0,1,A,0,1,A,J Gillett,13,15,4,6,14,6,3,8,2,2,0,0,7.0,5.25,1.4,6.5,5.0,1.42,,,,7.2,5.14,1.42,6.5,5.0,1.4,7.0,4.8,1.36,7.5,5.5,1.46,6.96,5.16,1.42,1.48,2.6,1.53,2.62,1.54,2.8,1.49,2.64,1.25,1.99,1.91,1.99,1.92,2.02,1.95,1.97,1.88,7.0,4.5,1.44,6.0,5.0,1.46,,,,6.75,5.2,1.45,6.5,4.8,1.4,6.5,4.6,1.45,7.56,5.2,1.5,6.53,4.89,1.46,1.48,2.6,1.49,2.73,1.54,2.78,1.49,2.65,1.25,1.92,1.98,1.93,2.0,1.95,2.09,1.86,2.0,1,-1,0,0,0,0.1388888888888889,0.19455252918287938,0.7042253521126761,0.03766677018444442,0.13384729363955783,0.1874903724133884,0.6786623339470538,football-data.co.uk,2026-08-10T00:34:19.480312
E0,2024-02-24,20:00,Arsenal,Newcastle,4,1,H,2,0,H,P Tierney,18,3,8,2,15,6,9,0,1,0,0,0,1.36,5.25,8.0,1.38,5.25,7.25,,,,1.4,5.32,7.33,1.33,5.5,7.0,1.33,5.0,8.0,1.42,5.53,8.0,1.38,5.34,7.53,1.48,2.6,1.5,2.67,1.53,2.78,1.48,2.67,-1.5,2.06,1.84,2.06,1.85,2.08,1.88,2.04,1.84,1.36,5.5,7.5,1.36,5.5,7.5,,,,1.36,5.75,8.2,1.33,5.5,7.5,1.33,5.5,8.0,1.4,5.9,9.1,1.35,5.63,8.17,1.44,2.7,1.45,2.87,1.5,2.96,1.46,2.76,-1.5,2.01,1.89,2.02,1.91,2.04,1.94,1.97,1.9,5,3,1,1,1,0.7142857142857143,0.18796992481203006,0.1364256480218281,0.03868128711957253,0.6876851668970966,0.1809697807623938,0.13134505234050958,football-data.co.uk,2026-08-10T00:34:19.480312
E0,2024-02-25,13:30,Wolves,Sheffield United,1,0,H,1,0,H,D Bond,13,12,2,4,8,4,5,6,2,1,0,0,1.44,4.75,7.0,1.41,4.5,6.25,,,,1.43,4.66,7.0,1.44,4.6,6.0,1.4,4.4,7.0,1.5,4.9,7.5,1.46,4.69,6.86,1.65,2.2,1.65,2.25,1.72,2.34,1.66,2.26,-1.25,2.04,1.86,2.0,1.86,2.08,1.91,2.01,1.84,1.45,4.5,7.0,1.42,4.4,6.5,,,,1.49,4.65,6.92,1.44,4.4,6.5,1.44,4.6,7.5,1.52,4.7,7.5,1.48,4.53,6.85,1.73,2.08,1.77,2.14,1.81,2.2,1.73,2.1,-1.0,1.73,2.08,1.79,2.13,1.83,2.15,1.79,2.1,1,1,0,0,0,0.6993006993006994,0.2145922746781116,0.14285714285714285,0.05675011683595388,0.6617465076743931,0.20306813432926654,0.1351853579963403,football-data.co.uk,2026-08-10T00:34:19.480312
E0,2024-02-26,20:00,West Ham,Brentford,4,2,H,2,1,H,S Hooper,17,14,6,8,5,9,1,7,1,2,0,0,2.5,3.5,2.75,2.45,3.6,2.7,,,,2.57,3.68,2.68,2.45,3.5,2.6,2.45,3.4,2.7,2.61,3.76,2.85,2.5,3.6,2.73,1.7,2.1,1.72,2.21,1.77,2.22,1.72,2.12,0.0,1.88,2.02,1.91,2.0,1.92,2.04,1.86,2.0,2.3,3.6,3.0,2.35,3.5,2.9,,,,2.33,3.6,3.12,2.3,3.5,2.8,2.3,3.5,3.0,2.42,3.65,3.16,2.36,3.53,3.01,1.75,2.05,1.8,2.11,1.85,2.14,1.77,2.06,-0.25,2.01,1.89,2.03,1.9,2.06,1.9,2.02,1.85,6,2,1,1,1,0.38910505836575876,0.2717391304347826,0.3731343283582089,0.03397851715875033,0.376318319876677,0.26280926143561406,0.36087241868770886,football-data.co.uk,2026-08-10T00:34:19.480312
E0,2024-03-02,15:00,Brentford,Chelsea,2,2,D,0,1,A,J Gillett,14,17,5,6,10,9,0,6,3,1,0,0,3.1,3.75,2.15,3.0,3.75,2.2,,,,3.04,3.95,2.21,3.1,3.75,2.2,3.0,3.7,2.15,3.2,4.0,2.23,3.07,3.86,2.19,1.53,2.4,1.57,2.51,1.58,2.55,1.54,2.48,0.25,1.98,1.92,1.95,1.95,1.99,1.95,1.94,1.89,3.25,3.6,2.15,3.1,3.7,2.15,,,,3.28,3.74,2.2,3.2,3.75,2.2,3.25,3.6,2.15,3.43,3.8,2.23,3.23,3.72,2.18,1.62,2.25,1.67,2.33,1.67,2.4,1.63,2.32,0.25,2.0,1.9,2.0,1.92,2.05,1.94,1.98,1.88,4,0,1,1,1,0.32894736842105265,0.2531645569620253,0.45248868778280543,0.034600613165883365,0.31794623377853215,0.24469786093335127,0.4373559052881166,football-data.co.uk,2026-08-10T00:34:19.480312
E0,2024-03-02,15:00,Everton,West Ham,1,3,A,0,0,D,C Pawson,22,12,11,5,9,6,4,5,1,2,0,0,2.05,3.6,3.5,2.05,3.4,3.6,,,,2.1,3.57,3.62,2.1,3.6,3.4,2.05,3.4,3.4,2.14,3.72,3.67,2.09,3.57,3.52,1.92,1.98,1.93,1.96,1.95,2.01,1.87,1.95,-0.25,1.82,2.08,1.82,2.1,1.86,2.12,1.8,2.06,2.15,3.6,3.3,2.1,3.5,3.4,,,,2.17,3.56,3.49,2.1,3.5,3.6,2.15,3.4,3.4,2.23,3.65,3.61,2.13,3.53,3.45,1.95,1.95,1.95,1.95,1.99,2.0,1.9,1.92,-0.25,1.85,2.05,1.88,2.04,1.91,2.07,1.83,2.02,4,-2,1,1,1,0.47619047619047616,0.2801120448179272,0.27624309392265195,0.03254561493105523,0.4611810551558753,0.27128297362110315,0.26753597122302164,football-data.co.uk,2026-08-10T00:34:19.480312
E0,2024-03-02,15:00,Fulham,Brighton,3,0,H,2,0,H,S Hooper,12,15,5,5,16,10,2,6,1,2,0,0,2.55,3.6,2.63,2.65,3.6,2.5,,,,2.6,3.59,2.7,2.62,3.7,2.62,2.5,3.5,2.55,2.65,3.85,2.71,2.59,3.64,2.62,1.62,2.25,1.65,2.33,1.69,2.38,1.64,2.31,0.0,1.91,1.99,1.92,1.99,1.96,2.0,1.92,1.95,2.55,3.4,2.8,2.55,3.4,2.7,,,,2.62,3.44,2.81,2.6,3.5,2.75,2.55,3.4,2.75,2.62,3.6,2.89,2.56,3.49,2.76,1.89,2.01,1.83,2.05,1.91,2.15,1.79,2.04,0.0,1.87,2.03,1.89,2.04,1.92,2.06,1.87,2.0,3,3,1,0,0,0.3846153846153846,0.2785515320334262,0.37037037037037035,0.03353728701918124,0.37213498675471257,0.2695128037777863,0.358352209467501,football-data.co.uk,2026-08-10T00:34:19.480312
E0,2024-03-02,15:00,Newcastle,Wolves,3,0,H,2,0,H,T Robinson,14,12,7,3,8,11,3,5,0,1,0,0,1.91,4.0,3.6,1.9,3.8,3.7,,,,1.89,4.01,3.89,1.87,3.9,3.75,1.85,3.75,3.75,1.94,4.1,4.04,1.9,3.95,3.8,1.57,2.35,1.6,2.44,1.65,2.45,1.59,2.39,-0.5,1.91,1.99,1.9,2.01,1.94,2.01,1.89,1.98,1.73,4.2,4.33,1.71,4.0,4.4,,,,1.73,4.28,4.58,1.8,4.0,4.2,1.7,4.2,4.5,1.8,4.35,4.8,1.74,4.19,4.47,1.53,2.4,1.56,2.58,1.58,2.62,1.54,2.52,-0.75,1.91,1.99,1.93,2.0,2.0,2.0,1.91,1.95,3,3,1,0,0,0.5291005291005292,0.24937655860349128,0.2570694087403599,0.03554649644438035,0.510938457053577,0.24081638000779562,0.24824516293862733,football-data.co.uk,2026-08-10T00:34:19.480312
E0,2024-03-02,15:00,Nott'm Forest,Liverpool,0,1,A,0,0,D,P Tierney,8,22,2,2,11,12,3,12,2,2,0,0,6.0,4.33,1.53,5.5,4.6,1.52,,,,5.69,4.73,1.54,5.5,4.6,1.53,5.5,4.4,1.5,6.1,4.85,1.58,5.63,4.67,1.54,1.48,2.6,1.51,2.64,1.52,2.73,1.48,2.65,1.0,2.02,1.88,2.03,1.88,2.06,1.92,2.01,1.86,5.25,4.33,1.6,5.0,4.33,1.6,,,,5.41,4.51,1.6,4.75,4.4,1.62,5.5,4.4,1.55,5.55,4.6,1.66,5.23,4.44,1.6,1.53,2.4,1.55,2.6,1.58,2.61,1.53,2.54,1.0,1.9,2.0,1.92,2.01,1.95,2.09,1.89,1.98,1,-1,0,0,0,0.17574692442882248,0.2114164904862579,0.6493506493506493,0.036514064265729784,0.16955575470490333,0.20396876200230443,0.6264754832927922,football-data.co.uk,2026-08-10T00:34:19.480312
E0,2024-03-02,15:00,Tottenham,Crystal Palace,3,1,H,0,0,D,J Brooks,14,4,6,1,7,16,11,1,1,2,0,0,1.5,4.33,6.5,1.47,4.6,6.25,,,,1.52,4.51,6.26,1.5,4.4,6.0,1.45,4.5,6.0,1.55,5.0,7.5,1.49,4.66,6.26,1.53,2.4,1.57,2.51,1.55,2.61,1.52,2.48,-1.25,2.05,1.75,2.1,1.8,2.12,1.88,2.04,1.81,1.53,4.5,5.75,1.53,4.5,5.5,,,,1.54,4.6,6.11,1.53,4.5,6.0,1.5,4.5,6.0,1.57,4.75,6.5,1.53,4.58,5.93,1.48,2.6,1.49,2.73,1.56,2.74,1.5,2.62,-1.0,1.87,2.03,1.88,2.04,1.91,2.06,1.86,2.02,4,2,1,1,1,0.6578947368421053,0.22172949002217296,0.1597444089456869,0.03936863580996519,0.6329753604017667,0.21333094186489698,0.1536936977333363,football-data.co.uk,2026-08-10T00:34:19.480312
E0,2024-03-02,17:30,Luton,Aston Villa,2,3,A,0,2,A,M Oliver,13,12,5,8,8,19,8,6,1,4,0,0,4.33,4.2,1.73,4.1,4.1,1.77,,,,4.34,4.44,1.72,4.2,4.2,1.73,4.33,4.1,1.67,4.5,4.5,1.78,4.29,4.3,1.74,1.44,2.7,1.46,2.83,1.48,2.86,1.46,2.73,0.75,1.98,1.92,1.99,1.91,1.99,1.94,1.94,1.9,4.33,4.33,1.7,4.2,4.2,1.71,,,,4.55,4.5,1.7,4.4,4.33,1.73,4.6,4.33,1.67,4.8,4.6,1.73,4.5,4.41,1.7,1.44,2.7,1.47,2.83,1.47,2.85,1.44,2.74,0.75,2.02,1.88,2.04,1.89,2.06,1.91,2.0,1.86,5,-1,1,1,1,0.2304147465437788,0.2252252252252252,0.5813953488372093,0.037035320606213284,0.22218601619960898,0.2171818266455637,0.5606321571548274,football-data.co.uk,2026-08-10T00:34:19.480312
E0,2024-03-03,13:00,Burnley,Bournemouth,0,2,A,0,1,A,D Coote,20,10,6,3,8,13,7,2,2,4,0,0,3.75,3.6,1.95,3.7,3.75,1.93,,,,3.79,3.83,1.96,3.6,3.8,1.91,3.7,3.6,1.9,3.89,3.93,2.02,3.72,3.78,1.96,1.7,2.1,1.74,2.18,1.76,2.28,1.71,2.18,0.5,1.93,1.97,1.93,1.97,1.95,2.01,1.91,1.95,3.6,3.6,2.0,3.5,3.7,2.0,,,,3.8,3.8,1.99,3.5,3.8,2.05,3.7,3.7,1.95,3.83,3.85,2.05,3.66,3.74,2.01,1.67,2.15,1.7,2.27,1.71,2.29,1.66,2.23,0.5,1.9,2.0,1.93,2.0,1.93,2.05,1.88,2.0,2,-2,0,0,0,0.2638522427440633,0.2610966057441253,0.5102040816326531,0.03515293012084175,0.25489204065071014,0.2522299827849064,0.4928779765643834,football-data.co.uk,2026-08-10T00:34:19.480312
E0,2024-03-03,15:30,Man City,Man United,3,1,H,0,1,A,A Madley,27,3,8,1,5,10,15,2,0,1,0,0,1.25,5.75,11.0,1.26,6.25,10.0,,,,1.27,6.39,10.06,1.25,6.5,10.0,1.22,6.0,11.0,1.29,6.72,11.3,1.27,6.33,10.06,1.36,3.1,1.39,3.08,1.41,3.17,1.38,3.04,-1.75,1.92,1.98,1.92,1.97,1.97,2.0,1.9,1.93,1.25,6.5,9.5,1.28,6.25,9.25,,,,1.24,7.2,10.75,1.25,6.0,9.0,1.25,6.5,11.0,1.29,7.5,12.0,1.26,6.76,10.21,1.36,3.1,1.35,3.28,1.38,3.3,1.36,3.17,-1.75,1.98,1.95,1.88,2.05,2.02,2.05,1.89,1.97,4,2,1,1,1,0.7874015748031495,0.1564945226917058,0.09940357852882703,0.04329967602368234,0.7547223419105863,0.14999958908082078,0.09527806900859291,football-data.co.uk,2026-08-10T00:34:19.480312
E0,2024-03-04,20:00,Sheffield United,Arsenal,0,6,A,0,5,A,S Barrott,4,22,0,10,11,4,0,7,1,0,0,0,17.0,7.0,1.18,15.5,7.75,1.18,,,,16.74,8.18,1.16,15.0,8.0,1.15,17.0,7.5,1.13,19.0,8.6,1.19,16.28,7.82,1.17,1.4,2.88,1.45,2.81,1.46,3.0,1.42,2.85,2.0,2.05,1.85,2.08,1.83,2.08,1.85,2.04,1.83,13.0,7.5,1.18,15.0,7.0,1.19,,,,17.5,7.75,1.18,15.0,7.0,1.18,19.0,7.5,1.15,19.0,8.6,1.2,16.8,7.57,1.18,1.53,2.4,1.54,2.58,1.56,2.75,1.51,2.58,2.0,1.9,2.0,1.91,1.99,2.02,2.05,1.95,1.93,6,-6,1,1,0,0.059737156511350066,0.12224938875305624,0.8620689655172414,0.04405551078164782,0.057216456303771576,0.11709088979524891,0.8256926539009795,football-data.co.uk,2026-08-10T00:34:19.480312
E0,2024-03-09,12:30,Man United,Everton,2,0,H,2,0,H,S Hooper,15,23,8,6,13,11,5,8,1,2,0,0,1.83,3.6,4.0,1.82,3.9,4.0,,,,1.84,3.93,4.2,1.85,3.9,3.8,1.83,3.8,4.1,1.94,4.05,4.4,1.85,3.89,4.09,1.67,2.15,1.69,2.25,1.74,2.29,1.68,2.23,-0.5,1.87,2.06,1.85,2.06,1.88,2.08,1.85,2.03,1.91,3.75,3.8,1.9,3.7,3.8,,,,1.95,3.74,4.01,1.95,3.6,3.7,1.9,3.7,3.9,1.95,3.95,4.32,1.91,3.77,3.99,1.73,2.08,1.78,2.13,1.78,2.21,1.74,2.14,-0.5,1.95,1.98,1.96,1.96,1.97,2.02,1.92,1.96,2,2,0,0,0,0.5434782608695652,0.2544529262086514,0.23809523809523808,0.03602642517345478,0.5245795354868235,0.2456046680141871,0.22981579649898934,football-data.co.uk,2026-08-10T00:34:19.480312
E0,2024-03-09,15:00,Bournemouth,Sheffield United,2,2,D,0,1,A,A Taylor,32,13,12,9,12,11,10,3,3,5,0,0,1.33,5.25,8.0,1.35,5.25,8.0,,,,1.35,5.55,8.52,1.33,5.5,8.5,1.3,5.25,9.0,1.38,5.8,9.4,1.34,5.51,8.58,1.53,2.4,1.56,2.52,1.58,2.63,1.53,2.52,-1.5,2.01,1.92,2.01,1.9,2.01,1.96,1.96,1.91,1.33,5.5,7.5,1.34,5.5,8.0,,,,1.34,5.79,8.51,1.35,5.0,8.5,1.3,5.75,9.5,1.38,5.9,9.5,1.35,5.64,8.41,1.4,2.88,1.47,2.79,1.5,2.96,1.44,2.82,-1.5,1.93,2.0,1.93,1.98,1.96,2.01,1.92,1.96,4,0,1,1,1,0.7407407407407407,0.1801801801801802,0.11737089201877934,0.0382918129397003,0.7134224998302667,0.17353520266141625,0.11304229750831692,football-data.co.uk,2026-08-10T00:34:19.480312
E0,2024-03-09,15:00,Crystal Palace,Luton,1,1,D,1,0,H,S Singh,21,8,4,2,20,11,8,6,2,3,0,0,1.75,3.8,4.2,1.77,3.8,4.4,,,,1.77,3.95,4.58,1.73,3.9,4.4,1.73,3.7,4.5,1.83,4.02,4.7,1.78,3.89,4.49,1.75,2.05,1.79,2.1,1.85,2.11,1.79,2.05,-0.75,2.04,1.89,2.01,1.9,2.04,1.92,1.99,1.86,1.91,3.75,3.8,1.87,3.6,4.0,,,,1.92,3.76,4.12,1.85,3.8,3.9,1.85,3.6,4.2,1.95,3.85,4.5,1.89,3.76,4.11,1.85,2.05,1.87,2.04,1.9,2.08,1.83,2.02,-0.5,1.93,2.0,1.93,1.99,1.97,2.04,1.9,1.98,2,0,0,0,1,0.5649717514124294,0.2531645569620253,0.2183406113537118,0.03647691972816647,0.5450885983651259,0.24425489091298044,0.21065651072189365,football-data.co.uk,2026-08-10T00:34:19.480312
E0,2024-03-09,15:00,Wolves,Fulham,2,1,H,0,0,D,T Harrington,8,23,3,6,7,11,3,4,2,2,0,0,2.5,3.4,2.75,2.5,3.5,2.7,,,,2.52,3.46,2.88,2.6,3.3,2.7,2.45,3.3,2.75,2.63,3.62,2.92,2.54,3.45,2.79,1.95,1.95,1.92,1.97,1.95,2.0,1.9,1.94,0.0,1.82,2.08,1.83,2.1,1.89,2.1,1.83,2.04,2.4,3.4,2.88,2.45,3.3,2.85,,,,2.56,3.44,2.89,2.4,3.5,2.8,2.5,3.4,2.8,2.61,3.55,3.05,2.49,3.44,2.88,1.91,1.99,1.95,1.95,1.95,2.03,1.9,1.94,0.0,1.82,2.08,1.85,2.09,1.86,2.17,1.79,2.1,3,1,1,0,1,0.3968253968253968,0.28901734104046245,0.3472222222222222,0.03306496008808146,0.3841243408270885,0.279766860949209,0.3361087982237025,football-data.co.uk,2026-08-10T00:34:19.480312
E0,2024-03-09,17:30,Arsenal,Brentford,2,1,H,1,1,D,R Jones,17,9,6,4,9,10,10,4,2,4,0,0,1.22,7.0,11.0,1.23,6.75,12.0,,,,1.23,6.96,11.44,1.2,7.0,12.0,1.2,6.5,12.0,1.27,7.3,14.0,1.23,6.84,12.02,1.44,2.7,1.45,2.82,1.48,2.86,1.44,2.78,-1.75,1.89,2.04,1.88,2.01,1.89,2.08,1.85,2.02,1.2,7.0,13.0,1.23,6.75,11.5,,,,1.22,7.5,13.0,1.2,6.5,13.0,1.2,7.0,13.0,1.25,8.0,15.0,1.21,7.14,13.36,1.4,2.88,1.42,2.96,1.48,3.05,1.42,2.91,-2.0,2.03,1.78,2.09,1.81,2.14,1.98,2.02,1.85,3,1,1,0,1,0.8130081300813008,0.14367816091954022,0.08741258741258742,0.04409887841342841,0.7786696709383655,0.13760972632962493,0.08372060273200958,football-data.co.uk,2026-08-10T00:34:19.480312
E0,2024-03-10,13:00,Aston Villa,Tottenham,0,4,A,0,0,D,C Kavanagh,10,9,1,5,11,15,6,4,0,2,1,0,2.38,4.0,2.6,2.35,4.0,2.6,,,,2.47,3.98,2.65,2.38,4.2,2.5,2.38,3.8,2.55,2.49,4.26,2.7,2.42,4.08,2.62,1.36,3.1,1.39,3.16,1.39,3.39,1.36,3.19,0.0,1.86,2.07,1.88,2.03,1.92,2.07,1.86,2.02,2.4,4.0,2.6,2.45,3.9,2.55,,,,2.55,3.86,2.66,2.45,3.7,2.6,2.45,3.9,2.6,2.55,4.1,2.75,2.48,3.9,2.62,1.36,3.1,1.42,3.04,1.42,3.23,1.38,3.06,0.0,1.9,2.03,1.92,2.01,1.92,2.04,1.88,1.99,4,-4,1,1,0,0.4048582995951417,0.25125628140703515,0.37735849056603776,0.033473071568214774,0.39174537850396124,0.24311836304140305,0.3651362584546356,football-data.co.uk,2026-08-10T00:34:19.480312
E0,2024-03-10,14:00,Brighton,Nott'm Forest,1,0,H,1,0,H,M Salisbury,10,9,3,4,14,14,6,3,4,4,0,0,1.8,4.0,4.0,1.73,4.0,4.33,,,,1.81,4.01,4.26,1.75,4.0,4.2,1.75,3.75,4.2,1.84,4.21,4.5,1.78,4.04,4.25,1.62,2.25,1.65,2.32,1.68,2.38,1.62,2.32,-0.75,2.06,1.87,2.05,1.86,2.06,1.91,1.99,1.85,1.62,4.2,4.75,1.63,4.2,4.8,,,,1.63,4.39,5.3,1.62,4.0,4.8,1.62,4.2,5.25,1.82,4.45,5.4,1.64,4.3,5.08,1.57,2.35,1.6,2.46,1.61,2.51,1.59,2.4,-0.75,1.75,2.05,1.79,2.13,2.03,2.2,1.79,2.08,1,1,0,0,0,0.5524861878453039,0.24937655860349128,0.2347417840375587,0.036604530486353815,0.53297682153298,0.24057058528047226,0.2264525931865478,football-data.co.uk,2026-08-10T00:34:19.480312
E0,2024-03-10,14:00,West Ham,Burnley,2,2,D,0,2,A,D England,22,11,4,4,11,18,4,4,2,4,0,0,1.67,4.0,4.75,1.65,4.1,5.0,,,,1.69,4.06,5.04,1.65,4.0,4.8,1.62,3.9,5.0,1.71,4.26,5.2,1.67,4.08,4.97,1.7,2.1,1.76,2.15,1.79,2.2,1.72,2.15,-0.75,1.89,2.04,1.88,2.02,1.91,2.06,1.84,2.0,1.65,4.0,5.0,1.66,3.9,5.0,,,,1.66,4.08,5.43,1.65,4.2,5.0,1.65,3.9,5.25,1.68,4.3,5.7,1.65,4.08,5.31,1.85,2.05,1.87,2.04,1.9,2.16,1.81,2.05,-0.75,1.85,2.08,1.85,2.08,1.87,2.13,1.81,2.06,4,0,1,1,1,0.591715976331361,0.24630541871921185,0.1984126984126984,0.0364340934632712,0.5709151986250537,0.2376469669153549,0.19143783445959142,football-data.co.uk,2026-08-10T00:34:19.480312
E0,2024-03-10,15:45,Liverpool,Man City,1,1,D,0,1,A,M Oliver,19,10,6,6,6,10,7,4,0,3,0,0,3.0,3.75,2.2,2.9,3.75,2.2,,,,3.02,3.8,2.28,2.9,3.8,2.2,2.88,3.7,2.2,3.15,4.0,2.34,2.95,3.83,2.25,1.5,2.5,1.54,2.59,1.54,2.75,1.5,2.59,0.25,1.93,2.0,1.91,2.0,1.93,2.02,1.88,1.95,3.4,3.8,2.05,3.25,3.8,2.05,,,,3.48,3.9,2.06,3.4,3.8,2.1,3.4,3.9,2.0,3.63,4.05,2.2,3.4,3.88,2.05,1.48,2.6,1.47,2.77,1.52,2.88,1.47,2.71,0.5,1.86,2.07,1.86,2.07,1.88,2.15,1.83,2.06,2,0,0,0,1,0.33112582781456956,0.2631578947368421,0.4385964912280702,0.032880213779481915,0.3205849268841395,0.25478065241844766,0.4246344206974128,football-data.co.uk,2026-08-10T00:34:19.480312
E0,2024-03-11,20:00,Chelsea,Newcastle,3,2,H,1,1,D,J Brooks,12,11,8,3,12,7,0,4,3,1,0,0,1.91,4.0,3.6,1.87,4.0,3.6,,,,1.96,4.07,3.59,1.85,4.2,3.5,1.9,3.8,3.5,1.98,4.26,3.7,1.94,4.08,3.54,1.44,2.7,1.49,2.74,1.49,2.82,1.46,2.71,-0.5,1.98,1.95,1.96,1.93,1.99,2.0,1.95,1.92,1.8,4.0,3.75,1.85,4.0,3.7,,,,1.85,4.31,3.91,1.91,4.2,3.7,1.83,4.1,3.9,1.91,4.31,4.15,1.85,4.17,3.84,1.44,2.7,1.45,2.89,1.46,2.93,1.44,2.83,-0.75,2.08,1.85,2.07,1.84,2.13,1.87,2.06,1.81,5,1,1,1,1,0.5102040816326531,0.24570024570024568,0.2785515320334262,0.03445585936632489,0.4932101036627972,0.2375164135575141,0.2692734827796887,football-data.co.uk,2026-08-10T00:34:19.480312
E0,2024-03-13,19:30,Bournemouth,Luton,4,3,H,0,3,A,S Allison,24,8,10,4,16,11,11,3,1,2,0,0,1.5,4.75,5.75,1.5,4.6,5.75,,,,1.51,4.71,6.18,1.44,4.8,5.8,1.45,4.6,6.0,1.55,4.98,6.4,1.5,4.77,6.0,1.44,2.7,1.48,2.75,1.49,2.82,1.47,2.71,-1.25,2.05,1.85,2.06,1.85,2.09,1.9,2.03,1.83,1.53,4.75,5.5,1.51,4.8,5.5,,,,1.53,4.89,5.69,1.53,4.8,5.5,1.5,4.8,5.5,1.57,5.0,6.0,1.52,4.87,5.65,1.4,2.88,1.41,3.04,1.43,3.1,1.4,2.99,-1.0,1.84,2.06,1.85,2.09,1.87,2.13,1.82,2.07,7,1,1,1,1,0.6622516556291391,0.21231422505307856,0.16181229773462785,0.03637817841684554,0.6390057890265347,0.20486172854141557,0.15613248243204975,football-data.co.uk,2026-08-10T00:34:19.480312
E0,2024-03-16,15:00,Burnley,Brentford,2,1,H,1,0,H,D Bond,17,9,6,5,14,17,5,4,2,4,0,1,3.25,3.6,2.15,3.2,3.6,2.15,,,,3.23,3.72,2.2,3.2,3.7,2.1,3.25,3.5,2.1,3.41,3.8,2.21,3.27,3.66,2.16,1.75,2.05,1.78,2.12,1.8,2.17,1.75,2.1,0.25,1.99,1.91,1.98,1.92,2.0,1.94,1.96,1.87,3.1,3.75,2.2,3.1,3.5,2.25,,,,3.18,3.65,2.28,3.1,3.7,2.2,3.13,3.6,2.2,3.27,3.8,2.33,3.12,3.64,2.26,1.7,2.1,1.77,2.16,1.78,2.21,1.74,2.13,0.25,1.95,1.95,1.94,1.98,1.97,2.0,1.91,1.94,3,1,1,0,1,0.30959752321981426,0.26881720430107525,0.45454545454545453,0.0329601820663441,0.2997187390132427,0.2602396577991328,0.4400416031876245,football-data.co.uk,2026-08-10T00:34:19.480312
E0,2024-03-16,15:00,Luton,Nott'm Forest,1,1,D,0,1,A,D England,10,16,4,6,10,17,6,7,1,2,0,0,2.8,3.5,2.45,2.7,3.6,2.45,,,,2.83,3.69,2.44,2.75,3.7,2.38,2.8,3.5,2.3,2.95,3.8,2.47,2.81,3.63,2.42,1.67,2.15,1.69,2.26,1.73,2.31,1.68,2.22,0.25,1.81,2.09,1.79,2.13,1.81,2.17,1.77,2.08,2.63,3.4,2.63,2.6,3.5,2.6,,,,2.67,3.59,2.67,2.6,3.75,2.55,2.55,3.6,2.63,2.7,3.75,2.8,2.63,3.58,2.64,1.7,2.1,1.72,2.2,1.78,2.34,1.68,2.23,0.0,1.95,1.95,1.96,1.96,1.97,1.99,1.94,1.94,2,0,0,0,1,0.35335689045936397,0.2710027100271003,0.4098360655737705,0.03419566606023472,0.3416731495360796,0.26204200899379543,0.39628484147012505,football-data.co.uk,2026-08-10T00:34:19.480312
E0,2024-03-16,17:30,Fulham,Tottenham,3,0,H,1,0,H,R Jones,16,14,7,5,9,10,4,5,2,3,0,0,3.5,3.8,1.95,3.3,3.8,2.0,,,,3.42,4.09,2.01,3.4,4.0,1.95,3.4,3.75,1.95,3.54,4.16,2.08,3.4,3.93,2.01,1.48,2.6,1.5,2.7,1.52,2.72,1.49,2.62,0.5,1.89,2.01,1.89,2.02,1.93,2.05,1.86,2.0,3.25,4.0,2.0,3.25,3.9,2.0,,,,3.45,4.0,2.05,3.25,4.0,2.0,3.4,3.9,2.0,3.51,4.1,2.13,3.34,3.94,2.05,1.44,2.7,1.49,2.72,1.5,2.84,1.47,2.72,0.5,1.86,2.04,1.88,2.05,1.9,2.11,1.83,2.04,3,3,1,0,0,0.29239766081871343,0.24449877750611249,0.49751243781094534,0.03440887613577126,0.28267126043138746,0.23636569943162478,0.48096304013698776,football-data.co.uk,2026-08-10T00:34:19.480312
E0,2024-03-17,14:00,West Ham,Aston Villa,1,1,D,1,0,H,J Gillett,13,13,5,5,13,12,7,11,3,3,0,0,2.63,3.75,2.45,2.65,3.7,2.45,,,,2.66,3.82,2.52,2.6,3.75,2.45,2.6,3.5,2.45,2.75,3.92,2.58,2.65,3.73,2.51,1.57,2.35,1.58,2.5,1.63,2.55,1.56,2.44,0.0,2.01,1.89,2.01,1.9,2.04,1.91,1.99,1.88,2.38,3.75,2.8,2.4,3.5,2.8,,,,2.48,3.69,2.83,2.5,3.75,2.62,2.4,3.7,2.75,2.5,3.8,2.88,2.45,3.63,2.77,1.57,2.35,1.63,2.42,1.63,2.5,1.58,2.39,0.0,1.83,2.1,1.84,2.1,1.85,2.12,1.82,2.06,2,0,0,0,1,0.37593984962406013,0.2617801047120419,0.3968253968253968,0.034545351161498816,0.3633865341930029,0.25303879082549413,0.383574674981503,football-data.co.uk,2026-08-10T00:34:19.480312
E0,2024-03-30,12:30,Newcastle,West Ham,4,3,H,1,2,A,R Jones,24,10,9,4,9,8,3,4,1,1,1,0,1.83,4.2,3.8,1.85,4.0,3.75,,,,1.81,4.26,4.0,1.8,4.0,3.9,1.8,3.9,3.8,1.9,4.33,4.11,1.84,4.16,3.87,1.5,2.5,1.51,2.65,1.53,2.69,1.51,2.59,-0.75,2.03,1.78,2.04,1.87,2.12,1.9,2.05,1.82,1.83,4.2,3.75,1.82,4.0,3.9,,,,1.85,4.19,3.96,1.85,4.2,3.8,1.83,4.0,3.9,1.9,4.4,4.2,1.86,4.13,3.86,1.48,2.6,1.5,2.72,1.51,2.75,1.48,2.68,-0.75,2.03,1.78,2.08,1.81,2.13,1.89,2.07,1.81,7,1,1,1,1,0.5524861878453039,0.2347417840375587,0.25,0.03722797188286253,0.5326564678374273,0.22631648046613692,0.24102705169643585,football-data.co.uk,2026-08-10T00:34:19.480312
E0,2024-03-30,15:00,Bournemouth,Everton,2,1,H,0,0,D,S Barrott,11,7,4,3,14,11,9,8,1,2,0,0,2.2,3.6,3.2,2.15,3.6,3.2,,,,2.24,3.56,3.27,2.1,3.7,3.2,2.1,3.5,3.2,2.25,3.8,3.36,2.2,3.61,3.23,1.7,2.1,1.75,2.16,1.79,2.19,1.73,2.13,-0.25,1.92,1.98,1.94,1.96,1.95,2.02,1.9,1.95,2.2,3.75,3.2,2.2,3.6,3.1,,,,2.18,3.74,3.24,2.2,3.6,3.2,2.2,3.6,3.2,2.24,3.8,3.31,2.2,3.69,3.19,1.62,2.25,1.65,2.35,1.73,2.36,1.66,2.26,-0.25,1.93,2.0,1.92,2.0,1.95,2.02,1.9,1.96,3,1,1,0,1,0.4464285714285714,0.2808988764044944,0.3058103975535168,0.03313784538658249,0.43210939703939066,0.27188905881130204,0.2960015441493074,football-data.co.uk,2026-08-10T00:34:19.480312
E0,2024-03-30,15:00,Chelsea,Burnley,2,2,D,1,0,H,D England,33,18,13,7,12,7,12,4,2,2,0,1,1.29,6.0,9.5,1.3,5.75,9.0,,,,1.3,6.12,9.34,1.29,5.8,9.5,1.25,5.75,10.0,1.34,6.3,10.5,1.3,5.96,9.44,1.48,2.6,1.49,2.72,1.51,2.75,1.48,2.67,-1.75,2.03,1.78,2.09,1.81,2.11,1.86,2.07,1.8,1.29,6.5,9.0,1.27,6.0,10.0,,,,1.25,6.66,11.18,1.29,6.5,10.0,1.25,6.5,11.0,1.3,7.0,11.5,1.27,6.53,10.45,1.36,3.1,1.4,3.07,1.44,3.25,1.4,3.02,-1.75,1.95,1.98,1.95,1.95,1.97,2.0,1.92,1.95,4,0,1,1,1,0.7692307692307692,0.16339869281045752,0.10706638115631692,0.0396958431975436,0.7398613491278663,0.15716009050101737,0.10297856037111631,football-data.co.uk,2026-08-10T00:34:19.480312
E0,2024-03-30,15:00,Nott'm Forest,Crystal Palace,1,1,D,0,1,A,C Kavanagh,12,10,5,3,14,12,4,6,1,1,0,0,2.2,3.3,3.4,2.2,3.4,3.2,,,,2.29,3.38,3.34,2.2,3.4,3.25,2.2,3.2,3.25,2.32,3.5,3.4,2.26,3.36,3.31,2.08,1.73,2.13,1.78,2.2,1.8,2.09,1.76,-0.25,1.95,1.95,1.97,1.93,1.97,1.97,1.93,1.92,2.2,3.3,3.4,2.25,3.3,3.25,,,,2.25,3.4,3.43,2.25,3.3,3.2,2.2,3.3,3.4,2.35,3.45,3.45,2.26,3.35,3.34,2.08,1.82,2.09,1.81,2.13,1.85,2.07,1.79,-0.25,1.94,1.99,1.94,1.98,1.98,2.02,1.93,1.93,2,0,0,0,1,0.4366812227074236,0.2958579881656805,0.29940119760479045,0.0319404084778947,0.423165154809206,0.2867006522228053,0.2901341929679886,football-data.co.uk,2026-08-10T00:34:19.480312
E0,2024-03-30,15:00,Sheffield United,Fulham,3,3,D,0,0,D,T Robinson,8,24,4,9,10,13,2,15,4,1,0,0,4.5,4.0,1.73,4.4,3.9,1.73,,,,4.89,3.95,1.73,4.6,4.0,1.7,4.75,3.8,1.67,4.9,4.26,1.76,4.64,4.03,1.73,1.65,2.2,1.69,2.25,1.73,2.3,1.68,2.22,0.75,1.98,1.92,1.98,1.93,1.98,1.94,1.94,1.9,4.75,4.0,1.7,4.75,3.9,1.7,,,,4.89,4.13,1.71,4.6,4.2,1.7,5.0,3.9,1.7,5.05,4.2,1.75,4.8,4.06,1.71,1.73,2.08,1.75,2.17,1.79,2.25,1.72,2.16,0.75,2.02,1.91,2.01,1.92,2.03,1.93,1.97,1.89,6,0,1,1,1,0.20449897750511248,0.2531645569620253,0.5780346820809249,0.0356982165480626,0.1974503520791015,0.24443853713083702,0.5581111107900615,football-data.co.uk,2026-08-10T00:34:19.480312
E0,2024-03-30,15:00,Tottenham,Luton,2,1,H,0,1,A,J Gillett,17,7,4,3,16,14,3,6,2,4,0,0,1.2,8.0,11.0,1.22,7.25,11.0,,,,1.21,7.6,11.57,1.2,7.5,11.0,1.18,7.0,11.5,1.26,8.1,12.5,1.22,7.47,11.31,1.25,4.0,1.32,3.31,1.27,4.23,1.25,3.94,-2.0,1.92,1.98,1.89,1.99,1.95,2.02,1.9,1.96,1.22,8.0,9.0,1.22,7.5,10.0,,,,1.19,8.37,12.64,1.22,7.5,12.0,1.18,8.0,13.0,1.24,8.4,13.0,1.21,7.95,11.35,1.22,4.2,1.32,3.31,1.23,4.6,1.21,4.36,-2.0,1.85,2.08,1.85,2.07,1.88,2.08,1.83,2.04,3,1,1,0,1,0.8264462809917356,0.13157894736842105,0.08643042350907519,0.04445565186923184,0.791269863409393,0.1259784914112323,0.08275164517937471,football-data.co.uk,2026-08-10T00:34:19.480312
E0,2024-03-30,17:30,Aston Villa,Wolves,2,0,H,1,0,H,P Tierney,11,13,5,3,11,19,5,4,3,4,0,0,1.6,4.33,5.0,1.65,4.2,4.75,,,,1.64,4.46,4.9,1.62,4.33,4.75,1.6,4.0,5.0,1.68,4.6,5.08,1.64,4.38,4.86,1.57,2.35,1.6,2.44,1.61,2.55,1.56,2.44,-1.0,2.07,1.83,2.09,1.83,2.14,1.83,2.07,1.8,1.53,4.5,5.75,1.53,4.33,5.75,,,,1.53,4.41,6.66,1.55,4.5,6.5,1.53,4.4,6.0,1.58,4.5,6.74,1.54,4.41,6.24,1.62,2.25,1.66,2.33,1.69,2.33,1.64,2.28,-1.0,1.88,2.05,1.88,2.06,1.94,2.06,1.89,1.99,2,2,0,0,0,0.6097560975609756,0.2242152466367713,0.2040816326530612,0.038052976850807996,0.5874036404296267,0.21599595746739636,0.19660040210297708,football-data.co.uk,2026-08-10T00:34:19.480312
E0,2024-03-30,20:00,Brentford,Man United,1,1,D,0,0,D,S Hooper,31,11,5,5,7,14,14,4,2,2,0,0,3.0,3.8,2.2,3.0,3.8,2.15,,,,3.09,3.86,2.22,3.0,3.8,2.15,3.0,3.6,2.15,3.25,3.99,2.24,3.06,3.83,2.2,1.53,2.4,1.55,2.57,1.57,2.57,1.54,2.48,0.25,1.97,1.93,1.95,1.95,1.99,1.96,1.93,1.91,3.25,4.0,2.05,3.25,3.9,2.05,,,,3.39,4.06,2.06,3.2,4.0,2.1,3.3,4.0,2.0,3.47,4.08,2.16,3.31,3.98,2.06,1.44,2.7,1.45,2.89,1.46,2.93,1.44,2.84,0.5,1.88,2.05,1.87,2.07,1.9,2.13,1.84,2.06,2,0,0,0,1,0.3236245954692557,0.2590673575129534,0.4504504504504504,0.033142403432659506,0.3132429705663026,0.25075667851033034,0.43600035092336703,football-data.co.uk,2026-08-10T00:34:19.480312
E0,2024-03-31,14:00,Liverpool,Brighton,2,1,H,1,1,D,D Coote,30,9,8,3,20,6,8,4,5,3,0,0,1.36,5.5,7.5,1.39,5.5,6.75,,,,1.37,5.71,7.57,1.36,5.5,7.0,1.33,5.25,7.5,1.42,6.0,7.8,1.37,5.63,7.37,1.36,3.1,1.38,3.14,1.39,3.3,1.36,3.16,-1.5,1.99,1.91,2.01,1.9,2.01,1.94,1.97,1.89,1.3,6.0,8.5,1.31,6.0,8.0,,,,1.29,6.6,9.25,1.33,6.0,8.5,1.29,6.0,9.5,1.33,6.7,9.65,1.3,6.29,8.95,1.3,3.5,1.33,3.44,1.33,3.8,1.3,3.61,-1.75,2.02,1.91,2.01,1.93,2.04,1.94,1.97,1.89,3,1,1,0,1,0.7299270072992701,0.17513134851138354,0.1321003963011889,0.03715875211184261,0.7037755848012726,0.16885683908541915,0.12736757611330823,football-data.co.uk,2026-08-10T00:34:19.480312
E0,2024-03-31,16:30,Man City,Arsenal,0,0,D,0,0,D,A Taylor,12,6,1,2,9,20,7,4,0,2,0,0,1.91,3.8,3.8,1.93,3.6,3.75,,,,1.92,3.86,3.94,1.91,3.8,3.7,1.85,3.6,3.9,1.97,3.97,4.01,1.92,3.8,3.86,1.7,2.1,1.76,2.15,1.8,2.19,1.74,2.12,-0.5,1.92,1.98,1.93,1.98,1.97,2.0,1.92,1.95,2.0,3.75,3.5,2.0,3.5,3.5,,,,2.09,3.6,3.72,2.1,3.6,3.5,2.0,3.6,3.7,2.12,3.83,3.8,2.06,3.62,3.61,1.8,2.0,1.82,2.07,1.94,2.16,1.81,2.04,-0.5,2.07,1.86,2.1,1.85,2.13,1.88,2.06,1.83,0,0,0,0,0,0.5208333333333334,0.2590673575129534,0.25380710659898476,0.033707797445271526,0.5038496706908204,0.2506195253177138,0.24553080399146576,football-data.co.uk,2026-08-10T00:34:19.480312
E0,2024-04-02,19:30,Newcastle,Everton,1,1,D,1,0,H,T Harrington,18,10,6,3,9,14,7,3,0,3,0,0,2.0,3.75,3.5,2.0,3.7,3.5,,,,2.03,3.86,3.62,2.0,3.9,3.4,2.0,3.7,3.6,2.05,3.95,3.7,2.01,3.82,3.55,1.67,2.2,1.71,2.24,1.72,2.32,1.67,2.24,-0.5,2.03,1.9,2.04,1.89,2.05,1.91,2.01,1.87,1.95,3.75,3.6,2.0,3.6,3.5,,,,2.03,3.78,3.72,2.05,3.8,3.5,2.0,3.7,3.6,2.07,3.85,3.89,2.02,3.75,3.61,1.67,2.2,1.72,2.23,1.74,2.28,1.68,2.22,-0.5,2.04,1.89,2.04,1.9,2.07,1.9,2.03,1.86,2,0,0,0,1,0.4926108374384237,0.2590673575129534,0.27624309392265195,0.027921288874029004,0.4792301149614509,0.25203034543309466,0.2687395396054545,football-data.co.uk,2026-08-10T00:34:19.480312
E0,2024-04-02,19:30,Nott'm Forest,Fulham,3,1,H,3,0,H,M Oliver,16,18,4,3,7,8,3,8,0,0,0,0,2.7,3.4,2.63,2.65,3.4,2.55,,,,2.78,3.51,2.61,2.7,3.5,2.62,2.7,3.4,2.6,2.78,3.68,2.7,2.71,3.49,2.62,1.8,2.0,1.83,2.08,1.87,2.09,1.81,2.03,0.0,2.02,1.91,2.02,1.9,2.03,1.93,1.98,1.89,2.7,3.4,2.6,2.65,3.4,2.55,,,,2.74,3.48,2.66,2.62,3.1,2.7,2.7,3.4,2.6,2.85,3.53,2.7,2.71,3.44,2.63,1.85,2.05,1.86,2.06,1.9,2.07,1.84,2.0,0.0,2.0,1.93,1.99,1.94,2.02,1.96,1.98,1.9,4,2,1,1,1,0.3597122302158274,0.2849002849002849,0.3831417624521073,0.027754277568219576,0.34999828078258777,0.27720661554860226,0.37279510366880997,football-data.co.uk,2026-08-10T00:34:19.480312
E0,2024-04-02,19:45,Bournemouth,Crystal Palace,1,0,H,0,0,D,G Scott,11,3,6,2,13,14,9,2,3,2,0,0,1.95,3.8,3.6,1.98,3.6,3.6,,,,2.02,3.8,3.69,2.0,3.75,3.6,1.95,3.7,3.75,2.04,3.9,3.9,1.99,3.76,3.69,1.73,2.1,1.74,2.21,1.76,2.28,1.72,2.16,-0.5,2.01,1.92,2.03,1.89,2.04,1.93,1.99,1.89,1.85,3.8,3.8,1.87,3.7,3.9,,,,1.89,3.89,4.14,1.95,3.75,4.0,1.85,3.7,4.2,1.95,3.93,4.25,1.89,3.78,4.04,1.73,2.1,1.78,2.12,1.82,2.17,1.76,2.09,-0.5,1.89,2.04,1.9,2.03,1.91,2.05,1.88,1.99,1,1,0,0,0,0.49504950495049505,0.2631578947368421,0.2710027100271003,0.029210109714437493,0.48099945800945393,0.25568918557344655,0.26331135641709946,football-data.co.uk,2026-08-10T00:34:19.480312
E0,2024-04-02,19:45,Burnley,Wolves,1,1,D,1,1,D,T Bramall,13,8,6,2,10,12,7,4,0,2,0,0,2.45,3.6,2.75,2.5,3.4,2.75,,,,2.55,3.54,2.83,2.5,3.5,2.7,2.55,3.4,2.75,2.63,3.68,2.86,2.53,3.49,2.8,1.84,2.06,1.83,2.08,1.87,2.11,1.81,2.03,0.0,1.85,2.08,1.86,2.07,1.89,2.08,1.85,2.03,2.3,3.6,2.9,2.3,3.4,2.95,,,,2.36,3.54,3.08,2.38,3.5,2.9,2.3,3.4,3.0,2.43,3.69,3.25,2.35,3.52,3.03,1.85,2.05,1.91,2.0,1.91,2.09,1.86,1.99,-0.25,2.05,1.88,2.05,1.88,2.07,1.9,2.02,1.85,2,0,0,0,1,0.3921568627450981,0.2824858757062147,0.35335689045936397,0.027999628910676755,0.38147568512320223,0.2747918070802728,0.343732507796525,football-data.co.uk,2026-08-10T00:34:19.480312
E0,2024-04-02,20:15,West Ham,Tottenham,1,1,D,1,1,D,J Brooks,11,13,4,4,13,9,9,5,1,4,0,0,3.3,4.2,1.95,3.2,4.1,2.0,,,,3.38,4.24,2.01,3.1,4.2,2.0,3.3,4.0,2.0,3.5,4.37,2.05,3.3,4.16,2.01,1.33,3.4,1.36,3.34,1.36,3.45,1.35,3.26,0.5,1.89,2.04,1.9,2.02,1.9,2.05,1.86,2.01,3.4,4.2,1.95,3.4,4.0,1.95,,,,3.47,4.26,1.99,3.2,4.0,2.0,3.4,4.1,1.95,3.55,4.35,2.01,3.39,4.16,1.99,1.4,3.0,1.42,2.99,1.44,3.15,1.4,2.98,0.5,1.93,2.0,1.93,2.0,1.95,2.01,1.9,1.98,2,0,0,0,1,0.2958579881656805,0.23584905660377356,0.49751243781094534,0.029219482580399525,0.28745859670662516,0.22915331529914926,0.48338808799422545,football-data.co.uk,2026-08-10T00:34:19.480312
E0,2024-04-03,19:30,Arsenal,Luton,2,0,H,2,0,H,C Pawson,13,5,4,1,12,8,3,1,1,1,0,0,1.1,10.0,19.0,1.11,10.5,21.0,,,,1.11,11.82,20.95,1.08,11.0,21.0,1.07,10.0,23.0,1.12,13.0,32.0,1.1,11.25,22.73,1.25,4.0,1.31,3.31,1.29,4.0,1.26,3.86,-2.5,1.86,2.04,1.87,2.03,1.88,2.07,1.84,2.02,1.14,9.5,15.0,1.13,9.75,18.5,,,,1.13,10.5,19.5,1.14,8.0,19.0,1.1,10.5,23.0,1.15,11.0,23.0,1.13,9.75,19.39,1.3,3.5,1.31,3.59,1.34,3.7,1.31,3.51,-2.5,2.02,1.91,2.01,1.9,2.11,1.92,2.02,1.86,2,2,0,0,0,0.9009009009009008,0.08460236886632826,0.0477326968973747,0.03323596666460382,0.8719217390477658,0.08188097549433335,0.04619728545790072,football-data.co.uk,2026-08-10T00:34:19.480312
E0,2024-04-03,19:30,Brentford,Brighton,0,0,D,0,0,D,A Madley,5,24,2,6,9,12,1,5,1,1,0,0,2.38,3.8,2.75,2.4,3.75,2.7,,,,2.38,3.79,2.86,2.38,3.8,2.7,2.38,3.6,2.7,2.48,3.94,2.88,2.39,3.79,2.78,1.57,2.38,1.6,2.45,1.61,2.5,1.56,2.44,0.0,1.75,2.05,1.78,2.14,1.84,2.14,1.79,2.07,2.45,3.8,2.63,2.45,3.7,2.6,,,,2.57,3.63,2.75,2.45,3.8,2.7,2.45,3.75,2.7,2.63,3.88,2.8,2.49,3.74,2.7,1.57,2.38,1.61,2.43,1.61,2.63,1.54,2.51,0.0,1.9,2.03,1.9,2.03,1.98,2.07,1.89,1.99,0,0,0,0,0,0.42016806722689076,0.2638522427440633,0.3496503496503497,0.03367065962130367,0.4064815648156482,0.2552575525755258,0.33826088260882614,football-data.co.uk,2026-08-10T00:34:19.480312
E0,2024-04-03,20:15,Man City,Aston Villa,4,1,H,2,1,H,D England,25,8,11,3,6,13,2,3,1,2,0,0,1.3,6.0,8.0,1.3,6.0,9.0,,,,1.3,6.32,8.88,1.29,5.8,9.0,1.29,5.5,9.5,1.34,6.5,10.0,1.3,6.08,9.06,1.4,3.0,1.42,2.96,1.45,3.0,1.41,2.95,-1.5,1.86,2.04,1.86,2.05,1.88,2.11,1.84,2.04,1.22,6.5,11.0,1.24,6.5,11.5,,,,1.21,7.5,13.5,1.25,7.0,12.0,1.2,7.0,13.0,1.25,8.0,16.0,1.23,6.93,12.59,1.44,2.75,1.44,2.9,1.48,3.05,1.44,2.81,-1.75,1.78,2.03,1.81,2.1,1.91,2.2,1.82,2.05,5,3,1,1,1,0.7692307692307692,0.1582278481012658,0.1126126126126126,0.04007122994464751,0.739594315354447,0.15213174208240207,0.10827394256315102,football-data.co.uk,2026-08-10T00:34:19.480312
E0,2024-04-04,19:30,Liverpool,Sheffield United,3,1,H,1,0,H,S Attwell,29,8,9,3,6,9,13,1,0,1,0,0,1.09,12.0,21.0,1.09,12.0,23.0,,,,1.08,14.33,25.37,1.06,13.0,23.0,1.06,11.0,23.0,1.1,15.0,36.0,1.08,12.59,25.43,1.2,4.5,,,1.22,4.85,1.2,4.54,-2.75,1.86,2.04,1.85,2.03,1.92,2.06,1.84,2.01,1.07,15.0,21.0,1.08,14.0,23.0,,,,1.06,18.5,31.0,1.08,11.0,17.0,1.06,13.0,26.0,1.08,18.5,38.0,1.07,14.54,27.64,1.17,5.0,,,1.19,5.9,1.16,5.08,-3.0,1.87,2.03,1.94,1.94,2.0,2.03,1.92,1.94,4,2,1,1,1,0.9259259259259258,0.06978367062107467,0.039416633819471816,0.03512623036647233,0.8945053257882514,0.06741561422549278,0.038079059986255874,football-data.co.uk,2026-08-10T00:34:19.480312
E0,2024-04-04,20:15,Chelsea,Man United,4,3,H,2,2,D,J Gillett,28,19,10,5,7,15,12,3,3,0,0,0,2.0,4.0,3.4,2.0,4.0,3.25,,,,2.03,4.03,3.42,1.95,4.2,3.2,2.0,3.9,3.2,2.08,4.26,3.55,2.02,4.05,3.31,1.4,3.0,1.43,2.93,1.43,3.07,1.41,2.92,-0.5,2.04,1.86,2.03,1.88,2.08,1.88,2.03,1.84,1.8,4.2,4.0,1.82,4.1,3.75,,,,1.82,4.41,3.98,1.83,4.2,3.7,1.8,4.2,3.9,1.86,4.43,4.1,1.82,4.27,3.92,1.4,3.0,1.42,3.03,1.44,3.07,1.41,2.97,-0.75,2.04,1.86,2.04,1.89,2.07,1.89,2.01,1.86,7,1,1,1,1,0.4926108374384237,0.24813895781637715,0.29239766081871343,0.033147456073514325,0.476805933695656,0.2401776787598465,0.2830163875444975,football-data.co.uk,2026-08-10T00:34:19.480312
E0,2024-04-06,12:30,Crystal Palace,Man City,2,4,A,1,1,D,P Tierney,7,18,4,8,13,3,2,9,1,1,0,0,9.5,5.25,1.33,9.0,5.5,1.32,,,,10.64,5.59,1.31,10.0,5.5,1.29,11.0,5.5,1.29,11.0,5.9,1.34,10.3,5.59,1.31,1.67,2.2,1.69,2.24,1.72,2.36,1.66,2.25,1.5,1.95,1.95,1.93,1.97,1.99,1.97,1.94,1.93,10.0,5.0,1.33,7.5,5.25,1.38,,,,8.8,5.35,1.37,8.5,5.0,1.36,9.0,4.8,1.36,11.0,5.7,1.4,8.9,5.22,1.36,1.67,2.2,1.71,2.23,1.73,2.29,1.68,2.23,1.5,1.75,2.05,1.78,2.16,1.93,2.17,1.8,2.07,6,-2,1,1,1,0.09398496240601503,0.17889087656529518,0.7633587786259541,0.03623461759726432,0.09069853565010175,0.17263549540556042,0.7366659689443379,football-data.co.uk,2026-08-10T00:34:19.480312
E0,2024-04-06,15:00,Aston Villa,Brentford,3,3,D,1,0,H,M Salisbury,11,8,3,3,15,11,11,3,2,2,0,0,1.7,4.0,4.75,1.65,4.2,4.75,,,,1.71,4.24,4.62,1.67,4.2,4.5,1.67,4.0,4.5,1.76,4.4,5.0,1.7,4.2,4.68,1.53,2.5,1.55,2.57,1.55,2.63,1.52,2.56,-0.75,1.9,2.0,1.91,1.99,1.93,2.05,1.87,1.99,1.62,4.0,5.5,1.62,4.1,5.0,,,,1.65,4.22,5.31,1.67,4.2,5.0,1.62,4.2,5.25,1.68,4.35,5.81,1.65,4.18,5.22,1.57,2.38,1.62,2.41,1.63,2.47,1.6,2.38,-0.75,1.83,2.07,1.81,2.1,1.83,2.14,1.8,2.07,6,0,1,1,1,0.5847953216374269,0.23584905660377356,0.21645021645021645,0.03709459469141674,0.5638784780393444,0.22741325411492427,0.2087082678457314,football-data.co.uk,2026-08-10T00:34:19.480312
E0,2024-04-06,15:00,Everton,Burnley,1,0,H,1,0,H,M Oliver,12,6,3,1,11,13,3,5,2,1,0,1,1.65,4.0,5.25,1.65,4.0,5.0,,,,1.68,4.18,4.99,1.65,4.0,4.8,1.62,3.8,5.25,1.71,4.3,5.25,1.67,4.07,5.04,1.8,2.0,1.79,2.09,1.86,2.14,1.78,2.06,-0.75,1.84,2.06,1.87,2.05,1.89,2.11,1.84,2.02,1.73,3.8,4.75,1.77,3.8,4.4,,,,1.76,3.92,4.79,1.8,4.0,4.5,1.73,3.8,4.8,1.8,4.0,5.0,1.76,3.89,4.68,1.8,2.0,1.81,2.09,1.85,2.1,1.79,2.05,-0.75,1.99,1.91,1.99,1.93,2.04,1.95,1.96,1.9,1,1,0,0,0,0.5952380952380952,0.23923444976076558,0.2004008016032064,0.0348733466020672,0.5751796557448475,0.23117268460558466,0.19364765964956787,football-data.co.uk,2026-08-10T00:34:19.480312
E0,2024-04-06,15:00,Fulham,Newcastle,0,1,A,0,0,D,S Allison,14,12,4,5,10,13,14,3,1,2,0,0,2.38,3.8,2.8,2.37,3.75,2.7,,,,2.35,3.87,2.86,2.3,3.9,2.7,2.3,3.7,2.7,2.41,4.05,3.0,2.37,3.82,2.81,1.5,2.63,1.49,2.72,1.51,2.79,1.48,2.65,-0.25,2.07,1.83,2.07,1.85,2.16,1.87,2.07,1.81,2.38,3.6,2.88,2.4,3.6,2.75,,,,2.47,3.7,2.83,2.45,3.75,2.7,2.45,3.6,2.75,2.55,3.75,2.94,2.44,3.66,2.78,1.62,2.3,1.64,2.37,1.64,2.45,1.59,2.38,-0.25,2.08,1.82,2.15,1.79,2.17,1.82,2.12,1.76,1,-1,0,0,0,0.425531914893617,0.25839793281653745,0.3496503496503497,0.033580197360504105,0.41170672191699803,0.25000278979455953,0.3382904882884425,football-data.co.uk,2026-08-10T00:34:19.480312
E0,2024-04-06,15:00,Luton,Bournemouth,2,1,H,0,0,D,A Madley,19,8,9,1,7,14,7,2,0,0,0,0,3.75,3.8,1.91,3.7,4.0,1.85,,,,3.65,4.11,1.93,3.6,4.2,1.85,3.6,3.8,1.87,4.0,4.21,1.96,3.68,4.04,1.91,1.5,2.63,1.52,2.63,1.53,2.7,1.49,2.62,0.5,1.99,1.91,1.96,1.94,2.02,1.95,1.96,1.91,3.8,3.8,1.91,3.6,3.9,1.9,,,,3.82,4.07,1.92,3.7,3.8,1.95,3.75,3.9,1.9,3.9,4.1,1.98,3.75,3.93,1.93,1.53,2.5,1.54,2.63,1.59,2.63,1.53,2.55,0.5,1.97,1.93,2.0,1.93,2.0,1.97,1.95,1.92,3,1,1,0,1,0.273972602739726,0.24330900243309,0.5181347150259068,0.03541632019872276,0.26460139500905655,0.23498664033651007,0.5004119646544335,football-data.co.uk,2026-08-10T00:34:19.480312
E0,2024-04-06,15:00,Wolves,West Ham,1,2,A,1,0,H,T Harrington,14,11,7,4,15,7,4,4,5,2,0,0,2.5,3.6,2.7,2.45,3.5,2.7,,,,2.53,3.61,2.77,2.4,3.6,2.7,2.45,3.4,2.7,2.58,3.72,2.82,2.51,3.58,2.75,1.8,2.0,1.81,2.07,1.84,2.15,1.77,2.08,0.0,1.84,2.06,1.87,2.05,1.9,2.08,1.83,2.03,2.7,3.6,2.5,2.75,3.4,2.5,,,,2.91,3.42,2.55,2.6,3.4,2.5,2.8,3.4,2.5,3.0,3.66,2.55,2.82,3.45,2.5,1.9,2.0,1.92,1.99,2.06,2.05,1.87,1.97,0.0,2.08,1.82,2.1,1.84,2.15,1.85,2.08,1.8,3,-1,1,0,1,0.3952569169960475,0.2770083102493075,0.36101083032490977,0.03327605757026486,0.38252789668376613,0.2680874178974871,0.3493846854187467,football-data.co.uk,2026-08-10T00:34:19.480312
E0,2024-04-06,17:30,Brighton,Arsenal,0,3,A,0,1,A,J Brooks,10,20,2,7,14,13,8,7,1,2,0,0,5.0,4.33,1.62,5.0,4.2,1.62,,,,5.25,4.19,1.65,5.0,4.2,1.6,5.25,4.0,1.57,5.5,4.45,1.69,5.15,4.25,1.64,1.62,2.3,1.66,2.3,1.67,2.4,1.63,2.32,1.0,1.84,2.06,1.81,2.09,1.86,2.1,1.81,2.06,6.0,4.5,1.5,6.25,4.5,1.49,,,,6.55,4.6,1.51,5.0,4.0,1.57,7.0,4.6,1.45,7.0,4.7,1.57,6.32,4.56,1.51,1.62,2.3,1.66,2.32,1.73,2.38,1.65,2.29,1.0,2.06,1.84,2.07,1.87,2.14,1.91,2.05,1.83,3,-3,1,0,0,0.19047619047619047,0.2386634844868735,0.6060606060606061,0.03520028102367001,0.1839993612519462,0.23054812567367958,0.5854525130743743,football-data.co.uk,2026-08-10T00:34:19.480312
E0,2024-04-07,15:30,Man United,Liverpool,2,2,D,0,1,A,A Taylor,9,28,5,7,9,10,6,11,5,2,0,0,4.75,4.5,1.6,4.5,4.5,1.63,,,,4.75,4.84,1.61,4.6,4.5,1.6,4.75,4.4,1.57,5.0,4.9,1.68,4.69,4.65,1.63,1.33,3.4,1.35,3.37,1.36,3.45,1.34,3.25,1.0,1.92,1.98,1.93,1.97,1.93,2.05,1.87,1.98,4.75,4.5,1.57,4.8,4.75,1.57,,,,5.0,4.85,1.6,4.6,4.75,1.6,5.0,4.8,1.55,5.2,5.05,1.67,4.9,4.8,1.6,1.3,3.5,1.35,3.38,1.34,3.73,1.31,3.53,1.0,1.95,1.95,2.01,1.93,2.01,2.0,1.96,1.91,4,0,1,1,1,0.21052631578947367,0.2066115702479339,0.6211180124223602,0.038255898459767845,0.20276919794222725,0.1989986963275991,0.5982321057301736,football-data.co.uk,2026-08-10T00:34:19.480312
E0,2024-04-07,17:30,Sheffield United,Chelsea,2,2,D,1,1,D,R Jones,11,6,6,3,12,10,7,6,4,2,0,0,7.0,5.25,1.4,6.75,5.0,1.41,,,,6.77,5.35,1.42,6.5,5.0,1.4,7.0,5.0,1.36,7.5,5.5,1.46,6.88,5.28,1.41,1.4,3.0,1.41,3.02,1.43,3.07,1.4,2.95,1.25,2.06,1.84,2.03,1.88,2.08,1.9,2.02,1.84,6.5,5.0,1.44,6.25,5.0,1.43,,,,6.69,5.28,1.44,6.0,5.0,1.44,7.5,5.0,1.4,7.5,5.5,1.47,6.6,5.2,1.44,1.4,3.0,1.41,3.05,1.43,3.12,1.4,3.02,1.25,1.98,1.92,1.96,1.96,2.04,1.96,1.96,1.89,4,0,1,1,1,0.14771048744460857,0.1869158878504673,0.7042253521126761,0.038851727407752,0.14218630392345857,0.17992547244146068,0.6778882236350807,football-data.co.uk,2026-08-10T00:34:19.480312
E0,2024-04-07,18:00,Tottenham,Nott'm Forest,3,1,H,1,1,D,S Hooper,17,13,7,6,11,12,12,2,2,3,0,0,1.4,5.5,6.5,1.4,5.25,6.75,,,,1.39,5.46,7.33,1.36,5.5,7.0,1.36,5.0,7.0,1.46,5.6,8.0,1.4,5.3,7.23,1.4,3.0,1.43,2.93,1.45,3.0,1.42,2.88,-1.25,1.78,2.03,1.85,2.06,1.91,2.09,1.82,2.03,1.45,5.25,5.75,1.42,5.25,6.5,,,,1.42,5.5,6.9,1.44,5.5,6.0,1.4,5.25,7.0,1.48,5.5,7.5,1.43,5.25,6.55,1.4,3.0,1.39,3.12,1.43,3.25,1.4,2.99,-1.25,1.95,1.95,1.9,2.04,1.97,2.04,1.89,1.96,4,2,1,1,1,0.7194244604316548,0.18315018315018314,0.1364256480218281,0.039000291603666026,0.6924198830793825,0.17627539147991603,0.13130472544070143,football-data.co.uk,2026-08-10T00:34:19.480312
E0,2024-04-13,12:30,Newcastle,Tottenham,4,0,H,2,0,H,T Robinson,18,11,5,2,14,12,16,3,0,4,0,0,2.7,4.0,2.3,2.7,4.0,2.3,,,,2.8,4.05,2.33,2.7,4.0,2.3,2.75,4.0,2.3,2.9,4.26,2.38,2.75,4.02,2.34,1.36,3.2,1.38,3.2,1.38,3.39,1.36,3.18,0.25,1.84,2.06,1.85,2.07,1.85,2.09,1.82,2.04,2.55,4.0,2.45,2.55,3.9,2.45,,,,2.65,4.1,2.48,2.62,4.0,2.38,2.6,4.0,2.4,2.75,4.1,2.51,2.64,3.97,2.45,1.33,3.4,1.35,3.41,1.38,3.5,1.35,3.29,0.0,2.02,1.88,2.03,1.91,2.06,1.92,2.01,1.86,4,4,1,1,0,0.35714285714285715,0.2469135802469136,0.4291845493562232,0.03324098674599396,0.34565301001813153,0.2389699822347576,0.41537700774711084,football-data.co.uk,2026-08-10T00:34:19.480312
E0,2024-04-13,15:00,Brentford,Sheffield United,2,0,H,0,0,D,S Barrott,9,8,5,2,8,11,3,6,3,1,0,0,1.44,5.0,6.5,1.42,5.0,6.75,,,,1.43,5.22,6.68,1.4,5.0,7.0,1.36,4.75,7.5,1.45,5.4,7.5,1.43,5.09,6.86,1.53,2.5,1.54,2.58,1.56,2.63,1.52,2.55,-1.25,1.92,1.98,1.92,1.99,1.96,2.02,1.9,1.96,1.5,4.75,6.0,1.51,4.6,5.75,,,,1.49,5.03,6.25,1.5,4.5,6.0,1.45,4.8,6.5,1.54,5.1,6.75,1.49,4.84,6.15,1.5,2.63,1.51,2.69,1.53,2.75,1.5,2.62,-1.25,2.03,1.87,2.04,1.88,2.09,1.9,2.02,1.85,2,2,0,0,0,0.6993006993006994,0.19157088122605365,0.14970059880239522,0.04057217932914825,0.6720347835471971,0.18410148284913638,0.14386373360366644,football-data.co.uk,2026-08-10T00:34:19.480312
E0,2024-04-13,15:00,Burnley,Brighton,1,1,D,0,0,D,S Hooper,11,20,3,8,18,8,4,5,1,2,0,0,3.5,3.75,2.0,3.6,3.75,1.95,,,,3.54,3.8,2.05,3.4,3.9,1.95,3.5,3.6,1.95,3.62,3.93,2.08,3.5,3.8,2.02,1.67,2.2,1.69,2.25,1.71,2.32,1.65,2.26,0.5,1.86,2.04,1.86,2.05,1.89,2.08,1.84,2.03,3.75,4.0,1.85,3.7,3.8,1.88,,,,3.97,4.06,1.88,3.75,3.9,1.91,3.9,3.9,1.87,4.11,4.1,1.95,3.84,3.96,1.89,1.53,2.5,1.57,2.54,1.61,2.54,1.57,2.46,0.5,2.05,1.85,2.04,1.89,2.08,1.92,1.99,1.89,2,0,0,0,1,0.2824858757062147,0.2631578947368421,0.48780487804878053,0.03344864849183726,0.2733429243131338,0.25464051370223517,0.4720165619846311,football-data.co.uk,2026-08-10T00:34:19.480312
E0,2024-04-13,15:00,Man City,Luton,5,1,H,1,0,H,J Brooks,33,4,13,2,7,6,12,1,1,0,0,0,1.1,11.0,19.0,1.11,10.5,21.0,,,,1.09,13.24,24.14,1.07,12.0,23.0,1.07,10.0,23.0,1.12,14.0,30.0,1.1,11.66,23.86,1.29,3.75,,,1.29,4.0,1.26,3.77,-2.5,1.88,2.02,1.87,2.03,1.92,2.1,1.86,2.01,1.08,13.0,17.0,1.1,11.5,23.0,,,,1.08,13.5,26.0,1.1,12.0,23.0,1.08,12.0,26.0,1.1,15.4,31.0,1.09,12.33,24.13,1.22,4.33,,,1.25,4.6,1.22,4.3,-2.75,2.03,1.87,1.99,1.89,2.07,2.0,1.95,1.9,6,4,1,1,1,0.9174311926605504,0.0755287009063444,0.041425020712510356,0.034384914279405265,0.8869340416663659,0.07301798379277484,0.040047974540859115,football-data.co.uk,2026-08-10T00:34:19.480312
E0,2024-04-13,15:00,Nott'm Forest,Wolves,2,2,D,1,1,D,C Pawson,18,11,9,4,15,10,10,1,2,3,0,0,2.1,3.4,3.5,2.15,3.5,3.25,,,,2.14,3.57,3.5,2.1,3.6,3.25,2.1,3.4,3.3,2.25,3.74,3.53,2.16,3.55,3.37,1.86,2.04,1.85,2.04,1.89,2.07,1.83,2.0,-0.25,1.85,2.05,1.85,2.06,1.9,2.06,1.85,2.01,2.0,3.4,3.75,2.05,3.4,3.6,,,,2.07,3.52,3.81,2.1,3.5,3.6,2.0,3.5,3.75,2.12,3.7,3.87,2.07,3.51,3.69,1.95,1.95,1.99,1.92,2.0,2.0,1.93,1.91,-0.25,1.73,2.08,1.79,2.15,1.85,2.17,1.78,2.1,4,0,1,1,1,0.4672897196261682,0.2801120448179272,0.2857142857142857,0.03311605015838115,0.45231096695722683,0.27113318467464015,0.27655584836813296,football-data.co.uk,2026-08-10T00:34:19.480312
E0,2024-04-13,17:30,Bournemouth,Man United,2,2,D,2,1,H,T Harrington,20,8,5,2,13,14,7,2,4,0,0,0,2.4,3.9,2.6,2.37,3.9,2.6,,,,2.42,3.83,2.79,2.38,4.0,2.6,2.38,3.75,2.63,2.49,4.09,2.82,2.42,3.91,2.68,1.44,2.75,1.47,2.79,1.47,3.0,1.43,2.84,0.0,1.84,2.06,1.82,2.1,1.9,2.1,1.84,2.02,2.3,4.0,2.63,2.35,3.9,2.7,,,,2.38,4.1,2.74,2.4,4.0,2.62,2.38,3.9,2.7,2.49,4.13,2.83,2.39,3.97,2.71,1.36,3.2,1.4,3.08,1.41,3.25,1.38,3.04,-0.25,2.05,1.75,2.12,1.83,2.16,1.84,2.08,1.79,4,0,1,1,1,0.4132231404958678,0.2610966057441253,0.35842293906810035,0.03274268530809343,0.40012206948974205,0.25281864442954977,0.34705928608070813,football-data.co.uk,2026-08-10T00:34:19.480312
E0,2024-04-14,14:00,Liverpool,Crystal Palace,0,1,A,0,1,A,C Kavanagh,21,8,6,5,10,10,11,1,1,1,0,0,1.22,7.0,12.0,1.21,7.0,12.0,,,,1.19,7.62,14.15,1.18,7.5,13.0,1.18,6.5,13.0,1.24,8.0,15.0,1.21,7.37,13.35,1.4,3.0,1.38,3.13,1.42,3.13,1.39,3.0,-2.0,1.99,1.91,1.97,1.91,2.02,1.93,1.96,1.89,1.2,7.5,11.0,1.21,7.25,11.5,,,,1.18,8.5,14.5,1.2,6.5,11.0,1.18,7.5,15.0,1.22,8.5,15.0,1.19,7.77,13.5,1.3,3.5,1.35,3.35,1.33,3.75,1.3,3.56,-2.0,1.89,2.04,1.87,2.06,1.93,2.06,1.87,2.0,1,-1,0,0,0,0.8403361344537815,0.13123359580052493,0.0706713780918728,0.042241108346179335,0.8062780557439543,0.1259148144796989,0.06780712977634669,football-data.co.uk,2026-08-10T00:34:19.480312
E0,2024-04-14,14:00,West Ham,Fulham,0,2,A,0,1,A,S Attwell,15,18,4,10,6,13,8,3,1,2,0,0,2.38,3.6,2.8,2.3,3.6,2.9,,,,2.4,3.66,2.91,2.3,3.7,2.8,2.3,3.5,2.8,2.42,3.85,2.96,2.38,3.65,2.88,1.67,2.2,1.68,2.29,1.71,2.35,1.66,2.26,-0.25,2.07,1.83,2.1,1.83,2.1,1.89,2.05,1.82,2.38,3.6,2.8,2.4,3.5,2.8,,,,2.44,3.68,2.89,2.4,3.5,2.8,2.38,3.6,2.88,2.52,3.7,2.96,2.43,3.59,2.85,1.67,2.2,1.69,2.28,1.78,2.29,1.67,2.22,-0.25,2.11,1.82,2.14,1.82,2.14,1.83,2.1,1.79,2,-2,0,0,0,0.4166666666666667,0.27322404371584696,0.3436426116838488,0.03353332206636228,0.40314778224432796,0.2643592014716904,0.3324930162839818,football-data.co.uk,2026-08-10T00:34:19.480312
E0,2024-04-14,16:30,Arsenal,Aston Villa,0,2,A,0,0,D,D Coote,18,11,4,2,12,7,4,6,3,1,0,0,1.29,5.75,10.0,1.28,6.0,9.75,,,,1.29,6.27,9.5,1.25,6.0,10.0,1.25,5.5,10.5,1.31,6.5,11.0,1.28,6.1,9.89,1.5,2.63,1.51,2.66,1.52,2.8,1.48,2.66,-1.75,2.04,1.86,2.07,1.83,2.07,1.91,2.02,1.84,1.25,6.0,10.0,1.26,6.25,10.5,,,,1.24,7.0,11.5,1.25,6.0,10.0,1.25,6.5,11.0,1.63,7.0,13.0,1.27,6.47,10.91,1.4,3.0,1.45,2.83,1.49,3.1,1.43,2.87,-1.75,1.95,1.98,1.96,1.96,1.98,2.02,1.91,1.95,2,-2,0,0,0,0.7751937984496123,0.1594896331738437,0.10526315789473684,0.039946589518192965,0.7454169341607817,0.15336329267422785,0.10121977316499037,football-data.co.uk,2026-08-10T00:34:19.480312
E0,2024-04-15,20:00,Chelsea,Everton,6,0,H,4,0,H,P Tierney,14,10,10,2,5,21,4,8,1,4,0,0,1.7,4.2,4.5,1.66,4.2,4.5,,,,1.73,4.16,4.57,1.62,4.33,4.75,1.67,4.0,4.4,1.76,4.42,4.9,1.71,4.2,4.53,1.53,2.5,1.54,2.59,1.57,2.63,1.54,2.48,-0.75,1.92,1.98,1.93,1.97,1.94,2.02,1.88,1.97,1.65,4.0,5.0,1.68,4.0,4.6,,,,1.67,4.25,5.1,1.7,4.2,4.6,1.67,4.0,5.0,1.73,4.33,5.1,1.69,4.14,4.89,1.62,2.3,1.66,2.32,1.67,2.41,1.63,2.31,-0.75,1.86,2.07,1.86,2.08,1.88,2.09,1.85,2.02,6,6,1,1,0,0.5780346820809249,0.24038461538461536,0.2188183807439825,0.03723767820952273,0.5572827657772007,0.23175461172946082,0.21096262249333853,football-data.co.uk,2026-08-10T00:34:19.480312
E0,2024-04-20,15:00,Luton,Brentford,1,5,A,0,2,A,J Gillett,6,21,3,9,13,9,4,9,1,2,0,0,3.1,3.75,2.15,3.0,3.7,2.2,,,,3.28,3.76,2.16,3.1,3.7,2.15,3.1,3.6,2.1,3.33,3.85,2.21,3.18,3.75,2.17,1.57,2.38,1.59,2.48,1.59,2.52,1.56,2.43,0.25,2.0,1.9,2.01,1.89,2.01,1.93,1.96,1.88,2.8,3.6,2.38,2.8,3.5,2.4,,,,2.92,3.54,2.48,2.75,3.8,2.15,2.8,3.5,2.45,3.05,3.8,2.49,2.87,3.59,2.41,1.73,2.1,1.74,2.19,1.78,2.31,1.71,2.19,0.25,1.82,2.11,1.79,2.14,1.83,2.16,1.8,2.08,6,-4,1,1,1,0.3048780487804878,0.26595744680851063,0.4629629629629629,0.033798458551961286,0.2949105275389264,0.25726237508714855,0.4478270973739252,football-data.co.uk,2026-08-10T00:34:19.480312
E0,2024-04-20,15:00,Sheffield United,Burnley,1,4,A,0,2,A,A Madley,18,16,11,9,10,9,11,2,1,0,0,0,2.75,3.6,2.45,2.75,3.6,2.37,,,,2.77,3.64,2.52,2.7,3.6,2.4,2.7,3.5,2.4,2.88,3.74,2.55,2.76,3.63,2.47,1.67,2.2,1.69,2.26,1.72,2.31,1.66,2.25,0.0,2.05,1.85,2.05,1.86,2.1,1.87,2.03,1.83,2.6,3.4,2.63,2.55,3.5,2.6,,,,2.66,3.55,2.7,2.62,3.5,2.62,2.6,3.5,2.63,2.76,3.7,2.7,2.64,3.52,2.65,1.73,2.1,1.8,2.1,1.81,2.23,1.75,2.12,0.0,1.93,2.0,1.95,1.98,1.96,2.0,1.93,1.93,5,-3,1,1,1,0.36101083032490977,0.2747252747252747,0.3968253968253968,0.032561501875581156,0.34962646744930637,0.26606189967982924,0.3843116328708645,football-data.co.uk,2026-08-10T00:34:19.480312
E0,2024-04-20,19:30,Wolves,Arsenal,0,2,A,0,1,A,P Tierney,5,24,3,9,14,9,1,2,3,2,0,0,8.5,4.5,1.4,7.5,5.0,1.38,,,,8.02,5.14,1.39,8.0,5.0,1.35,8.0,4.6,1.36,8.5,5.3,1.44,8.05,5.05,1.39,1.62,2.3,1.65,2.33,1.68,2.39,1.62,2.32,1.25,2.03,1.87,2.02,1.89,2.05,1.91,2.01,1.85,11.0,6.0,1.22,11.5,6.0,1.26,,,,11.75,6.6,1.26,11.0,5.5,1.3,12.0,6.0,1.25,12.5,6.6,1.3,11.3,6.11,1.27,1.57,2.38,1.59,2.47,1.62,2.52,1.58,2.42,1.75,1.95,1.98,1.96,1.96,1.97,2.06,1.87,2.0,2,-2,0,0,0,0.12468827930174564,0.19455252918287938,0.7194244604316548,0.03866526891627986,0.12004664354652256,0.1873101325375702,0.6926432239159072,football-data.co.uk,2026-08-10T00:34:19.480312
E0,2024-04-21,13:30,Everton,Nott'm Forest,2,0,H,1,0,H,A Taylor,7,8,4,3,15,9,6,4,3,2,0,0,2.05,3.5,3.6,2.05,3.5,3.5,,,,2.06,3.52,3.78,2.0,3.6,3.5,2.0,3.4,3.6,2.12,3.74,3.85,2.07,3.52,3.63,1.93,1.97,1.91,1.98,1.95,2.02,1.87,1.95,-0.25,1.75,2.05,1.78,2.14,1.83,2.15,1.78,2.09,2.25,3.2,3.4,2.25,3.2,3.25,,,,2.34,3.3,3.36,2.25,3.25,3.4,2.25,3.25,3.3,2.35,3.45,3.6,2.27,3.29,3.38,2.1,1.73,2.14,1.77,2.18,1.82,2.09,1.76,-0.25,2.0,1.93,2.01,1.93,2.01,2.0,1.93,1.93,2,2,0,0,0,0.4854368932038835,0.2840909090909091,0.2645502645502646,0.03407806684505732,0.46943930905036757,0.27472868654652194,0.2558320044031104,football-data.co.uk,2026-08-10T00:34:19.480312
E0,2024-04-21,15:00,Aston Villa,Bournemouth,3,1,H,1,1,D,T Robinson,14,14,4,6,8,14,8,4,1,3,0,0,1.85,4.0,3.6,1.85,4.1,3.6,,,,1.87,4.17,3.83,1.85,4.2,3.5,1.8,3.9,3.75,1.92,4.31,3.95,1.87,4.11,3.76,1.44,2.75,1.47,2.78,1.47,2.9,1.44,2.77,-0.5,1.87,2.03,1.88,2.03,1.89,2.06,1.86,2.01,1.83,4.0,3.8,1.87,3.9,3.75,,,,1.87,4.11,4.03,1.87,4.2,3.7,1.83,4.0,3.9,1.88,4.2,4.05,1.86,4.06,3.92,1.5,2.63,1.5,2.72,1.51,2.88,1.49,2.67,-0.75,2.05,1.75,2.1,1.83,2.13,1.86,2.06,1.8,4,2,1,1,1,0.53475935828877,0.23980815347721823,0.2610966057441253,0.03566411751011356,0.5163443912437643,0.23155012269204783,0.2521054860641878,football-data.co.uk,2026-08-10T00:34:19.480312
E0,2024-04-21,15:00,Crystal Palace,West Ham,5,2,H,4,1,H,G Scott,18,4,7,1,9,9,4,0,3,2,0,0,2.1,3.6,3.4,2.15,3.5,3.2,,,,2.12,3.66,3.45,2.15,3.5,3.2,2.1,3.4,3.3,2.22,3.72,3.5,2.15,3.59,3.34,1.8,2.0,1.83,2.06,1.87,2.08,1.79,2.04,-0.25,1.85,2.05,1.85,2.06,1.91,2.08,1.84,2.01,2.2,3.5,3.25,2.15,3.5,3.25,,,,2.23,3.55,3.36,2.25,3.5,3.2,2.2,3.4,3.3,2.28,3.59,3.36,2.23,3.5,3.25,1.87,2.03,1.87,2.04,1.9,2.1,1.82,2.01,-0.25,1.95,1.98,1.94,1.99,1.97,2.0,1.92,1.94,7,3,1,1,1,0.4716981132075471,0.27322404371584696,0.2898550724637681,0.03477722938716221,0.45584508415101693,0.2640414148634306,0.2801135009855525,football-data.co.uk,2026-08-10T00:34:19.480312
E0,2024-04-21,16:30,Fulham,Liverpool,1,3,A,1,1,D,C Pawson,12,14,5,7,5,11,1,4,3,0,0,0,5.25,4.5,1.57,5.0,4.75,1.53,,,,5.14,4.66,1.59,5.0,4.75,1.53,5.25,4.33,1.53,5.55,4.9,1.63,5.19,4.67,1.57,1.44,2.75,1.43,2.91,1.44,3.02,1.41,2.91,1.0,1.98,1.92,1.95,1.95,2.0,1.95,1.95,1.9,4.33,4.5,1.67,4.4,4.33,1.66,,,,4.65,4.5,1.68,4.5,4.33,1.67,4.75,4.33,1.65,4.8,4.6,1.72,4.59,4.4,1.68,1.44,2.75,1.47,2.8,1.48,2.86,1.45,2.77,0.75,2.07,1.86,2.07,1.87,2.1,1.88,2.05,1.83,4,-2,1,1,1,0.19455252918287938,0.2145922746781116,0.6289308176100629,0.03807562147105381,0.18741652839046502,0.2067212351774657,0.6058622364320693,football-data.co.uk,2026-08-10T00:34:19.480312
E0,2024-04-23,20:00,Arsenal,Chelsea,5,0,H,1,0,H,S Hooper,27,7,10,1,12,11,4,2,2,2,0,0,1.44,5.0,6.0,1.44,4.8,6.5,,,,1.45,5.03,6.76,1.5,4.8,7.5,1.4,5.0,7.5,1.52,5.2,7.5,1.45,4.93,6.78,1.53,2.5,1.56,2.53,1.57,2.65,1.53,2.53,-1.25,1.95,1.95,1.96,1.94,1.98,1.98,1.94,1.92,1.4,5.0,7.0,1.4,5.25,7.25,,,,1.41,5.3,7.65,1.4,5.0,7.0,1.36,5.25,7.5,1.45,5.5,8.5,1.39,5.21,7.66,1.57,2.38,1.6,2.46,1.6,2.55,1.56,2.46,-1.25,1.89,2.01,1.91,2.03,1.93,2.07,1.85,2.02,5,5,1,1,0,0.6896551724137931,0.19880715705765406,0.14792899408284024,0.036391323554287425,0.6654389676368881,0.1918263425593415,0.14273468980377038,football-data.co.uk,2026-08-10T00:34:19.480312
E0,2024-04-24,19:45,Wolves,Bournemouth,0,1,A,0,1,A,S Attwell,15,21,4,6,10,17,8,12,4,1,0,1,2.7,3.6,2.5,2.65,3.6,2.5,,,,2.74,3.53,2.6,2.7,3.7,2.38,2.7,3.5,2.4,2.81,3.8,2.6,2.72,3.6,2.52,1.67,2.2,1.71,2.23,1.73,2.33,1.66,2.24,0.0,2.0,1.9,2.01,1.9,2.04,1.92,1.99,1.87,2.7,3.75,2.4,2.7,3.5,2.5,,,,2.81,3.67,2.5,2.7,3.6,2.5,2.75,3.6,2.45,2.85,3.83,2.6,2.77,3.61,2.48,1.67,2.2,1.67,2.32,1.71,2.35,1.66,2.25,0.25,1.73,2.08,1.77,2.17,1.81,2.19,1.76,2.13,1,-1,0,0,0,0.36496350364963503,0.28328611898017,0.3846153846153846,0.03286500724518948,0.35335063255076193,0.27427216237651214,0.37237720507272604,football-data.co.uk,2026-08-10T00:34:19.480312
E0,2024-04-24,20:00,Crystal Palace,Newcastle,2,0,H,0,0,D,T Bramall,20,7,7,2,10,15,7,2,3,3,0,0,2.75,3.6,2.4,2.75,3.6,2.4,,,,2.76,3.7,2.49,2.75,3.7,2.38,2.7,3.5,2.38,2.85,3.85,2.51,2.76,3.68,2.43,1.57,2.38,1.61,2.42,1.7,2.45,1.61,2.35,0.0,2.07,1.83,2.06,1.85,2.11,1.85,2.06,1.81,3.1,3.6,2.2,3.0,3.5,2.25,,,,3.09,3.69,2.31,3.2,3.4,2.25,3.1,3.6,2.2,3.27,3.79,2.31,3.08,3.64,2.26,1.67,2.2,1.7,2.26,1.7,2.43,1.65,2.28,0.25,1.94,1.99,1.92,2.02,1.96,2.02,1.9,1.96,2,2,0,0,0,0.3623188405797102,0.27027027027027023,0.4016064257028112,0.034195536552791506,0.3503388167651556,0.26133382007346734,0.38832736316137717,football-data.co.uk,2026-08-10T00:34:19.480312
E0,2024-04-24,20:00,Everton,Liverpool,2,0,H,1,0,H,A Madley,16,23,6,7,6,13,4,13,0,3,0,0,7.0,5.0,1.4,6.75,4.8,1.43,,,,7.49,5.0,1.42,7.0,5.0,1.4,7.0,4.75,1.4,7.7,5.33,1.47,7.11,4.98,1.42,1.53,2.5,1.55,2.57,1.55,2.74,1.51,2.56,1.25,1.98,1.92,1.99,1.92,2.05,1.96,1.95,1.9,7.0,5.0,1.4,7.0,5.0,1.4,,,,7.65,5.35,1.4,7.0,4.8,1.4,8.0,5.25,1.36,8.5,5.46,1.43,7.43,5.14,1.39,1.5,2.63,1.51,2.67,1.53,2.78,1.49,2.62,1.25,2.07,1.86,2.06,1.88,2.07,1.89,2.02,1.84,2,2,0,0,0,0.13351134846461948,0.2,0.7042253521126761,0.0377367005772955,0.12865628476890795,0.19272711458382413,0.678616600647268,football-data.co.uk,2026-08-10T00:34:19.480312
E0,2024-04-24,20:00,Man United,Sheffield United,4,2,H,1,1,D,M Salisbury,25,10,13,4,7,9,9,4,0,1,0,0,1.3,6.5,7.5,1.31,6.0,8.5,,,,1.32,6.28,8.27,1.3,6.0,8.0,1.29,5.5,8.5,1.35,6.5,9.5,1.31,6.11,8.44,1.36,3.2,1.36,3.29,1.38,3.33,1.36,3.18,-1.5,1.87,2.03,1.86,2.05,1.9,2.08,1.84,2.03,1.3,6.0,8.5,1.33,6.0,7.75,,,,1.32,6.3,8.59,1.3,5.5,7.5,1.29,6.0,9.5,1.35,6.5,9.5,1.31,6.15,8.4,1.33,3.4,1.33,3.45,1.37,3.77,1.32,3.43,-1.5,1.87,2.06,1.88,2.06,1.88,2.09,1.84,2.05,6,2,1,1,1,0.7575757575757576,0.1592356687898089,0.12091898428053205,0.0377304106460985,0.7300313740483768,0.15344608499106008,0.11652254096056316,football-data.co.uk,2026-08-10T00:34:19.480312
E0,2024-04-25,20:00,Brighton,Man City,0,4,A,0,3,A,J Gillett,7,14,3,6,10,3,4,4,2,0,0,0,6.5,5.0,1.4,6.5,4.8,1.44,,,,6.84,4.9,1.45,6.5,5.0,1.44,6.5,4.75,1.4,7.1,5.25,1.48,6.65,4.95,1.44,1.5,2.63,1.51,2.65,1.53,2.7,1.49,2.63,1.25,1.92,1.98,1.92,1.99,1.98,2.0,1.91,1.94,8.0,5.5,1.33,7.25,5.25,1.37,,,,7.9,5.85,1.36,8.5,5.8,1.36,8.5,5.5,1.33,9.0,6.0,1.4,7.99,5.65,1.36,1.36,3.2,1.39,3.12,1.47,3.2,1.41,2.95,1.5,1.91,2.02,1.91,2.03,1.97,2.04,1.91,1.97,4,-4,1,1,0,0.14619883040935672,0.2040816326530612,0.6896551724137931,0.03993563547621104,0.14058449909970516,0.1962444844575476,0.6631710164427472,football-data.co.uk,2026-08-10T00:34:19.480312
E0,2024-04-27,12:30,West Ham,Liverpool,2,2,D,1,0,H,A Taylor,11,28,8,8,8,10,5,8,0,2,0,0,5.5,5.0,1.5,5.5,4.75,1.52,,,,5.84,5.03,1.5,5.5,5.0,1.5,5.75,4.75,1.45,6.0,5.18,1.58,5.63,4.89,1.51,1.36,3.2,1.38,3.2,1.42,3.27,1.37,3.1,1.0,2.05,1.75,2.15,1.77,2.15,1.9,2.1,1.78,5.0,4.75,1.55,5.25,4.75,1.53,,,,5.35,4.95,1.56,5.0,4.75,1.57,5.5,4.6,1.53,5.5,5.1,1.58,5.26,4.81,1.55,1.36,3.2,1.39,3.13,1.42,3.35,1.37,3.14,1.0,2.05,1.85,2.05,1.86,2.09,1.9,2.02,1.85,4,0,1,1,1,0.17123287671232876,0.19880715705765406,0.6666666666666666,0.036706700436649475,0.16517002990354682,0.19176798700531084,0.6430619830911423,football-data.co.uk,2026-08-10T00:34:19.480312
E0,2024-04-27,15:00,Fulham,Crystal Palace,1,1,D,0,0,D,S Attwell,9,14,2,4,11,15,5,9,0,2,0,0,2.1,3.5,3.5,2.0,3.6,3.5,,,,2.14,3.63,3.43,2.1,3.6,3.3,2.05,3.5,3.3,2.17,3.75,3.6,2.11,3.6,3.42,1.73,2.1,1.7,2.24,1.75,2.28,1.7,2.18,-0.25,1.83,2.07,1.87,2.05,1.88,2.14,1.82,2.05,2.05,3.5,3.5,2.1,3.4,3.5,,,,2.11,3.45,3.78,2.0,3.5,3.5,2.1,3.5,3.5,2.16,3.75,3.79,2.1,3.48,3.56,1.98,1.92,1.97,1.93,2.0,2.14,1.87,1.97,-0.25,1.75,2.05,1.81,2.11,1.85,2.14,1.8,2.07,2,0,0,0,1,0.4672897196261682,0.27548209366391185,0.29154518950437314,0.034317002794453266,0.4517857855605911,0.26634203336078927,0.2818721810786195,football-data.co.uk,2026-08-10T00:34:19.480312
E0,2024-04-27,15:00,Man United,Burnley,1,1,D,0,0,D,J Brooks,27,16,10,7,7,11,6,5,1,3,0,0,1.5,4.75,5.5,1.51,4.75,5.5,,,,1.53,5.01,5.35,1.5,4.8,5.5,1.45,4.6,5.5,1.57,5.2,5.75,1.52,4.9,5.44,1.36,3.2,1.37,3.24,1.41,3.39,1.36,3.15,-1.25,2.07,1.83,2.08,1.82,2.09,1.88,2.05,1.82,1.5,5.0,5.5,1.5,5.0,5.25,,,,1.5,5.29,5.72,1.53,5.0,5.5,1.5,5.0,5.75,1.55,5.3,5.9,1.5,5.09,5.59,1.29,3.75,1.34,3.37,1.41,3.82,1.31,3.54,-1.25,2.03,1.87,2.04,1.89,2.08,1.9,2.01,1.86,2,0,0,0,1,0.6535947712418301,0.1996007984031936,0.1869158878504673,0.040111457495491054,0.6283891659223102,0.19190327821579534,0.17970755586189435,football-data.co.uk,2026-08-10T00:34:19.480312
E0,2024-04-27,15:00,Newcastle,Sheffield United,5,1,H,1,1,D,T Harrington,20,15,7,5,9,10,4,5,0,0,0,0,1.22,7.0,11.0,1.23,6.75,11.0,,,,1.24,7.18,10.5,1.2,7.0,12.0,1.2,6.5,11.5,1.25,7.6,12.9,1.23,7.04,11.1,1.33,3.4,1.34,3.35,1.37,3.45,1.33,3.31,-2.0,2.04,1.86,2.07,1.83,2.08,1.88,2.01,1.85,1.2,7.5,11.0,1.23,7.25,10.5,,,,1.2,7.87,12.52,1.25,7.0,10.0,1.2,7.0,13.0,1.25,7.96,13.0,1.22,7.35,11.45,1.29,3.75,1.32,3.48,1.33,3.87,1.3,3.57,-2.0,1.98,1.92,1.99,1.92,2.07,1.96,1.99,1.88,6,4,1,1,1,0.8064516129032259,0.1392757660167131,0.09523809523809523,0.04096547415803409,0.7747150437967306,0.13379479865013175,0.0914901575531377,football-data.co.uk,2026-08-10T00:34:19.480312
E0,2024-04-27,15:00,Wolves,Luton,2,1,H,1,0,H,D Coote,13,9,5,6,14,14,4,4,3,1,0,0,1.95,3.8,3.6,2.0,3.7,3.4,,,,1.98,3.9,3.65,1.95,3.8,3.5,1.95,3.6,3.5,2.04,4.03,3.78,1.98,3.83,3.58,1.62,2.3,1.66,2.32,1.67,2.4,1.63,2.31,-0.5,2.01,1.89,1.99,1.91,2.04,1.91,1.98,1.87,1.91,3.75,3.75,1.9,3.8,3.75,,,,1.93,3.85,3.96,1.91,3.9,3.9,1.9,3.75,3.9,2.0,4.0,4.1,1.9,3.84,3.87,1.67,2.2,1.7,2.25,1.71,2.38,1.64,2.29,-0.5,1.95,1.95,1.95,1.98,2.01,2.04,1.9,1.97,3,1,1,0,1,0.5050505050505051,0.25641025641025644,0.273972602739726,0.035433364200487594,0.4877672697368421,0.2476356907894737,0.2645970394736842,football-data.co.uk,2026-08-10T00:34:19.480312
E0,2024-04-27,17:30,Everton,Brentford,1,0,H,0,0,D,D England,18,10,1,4,10,12,6,6,1,2,0,0,2.3,3.5,3.0,2.37,3.5,2.8,,,,2.34,3.54,3.09,2.3,3.6,2.88,2.3,3.3,2.9,2.45,3.68,3.13,2.36,3.5,2.97,1.87,2.03,1.86,2.03,1.9,2.11,1.83,2.01,-0.25,2.05,1.85,2.03,1.88,2.1,1.9,2.03,1.83,2.8,3.5,2.4,2.85,3.4,2.45,,,,3.0,3.44,2.48,2.62,3.5,2.5,2.88,3.4,2.45,3.0,3.6,2.88,2.84,3.42,2.49,1.89,2.01,1.94,1.96,1.95,2.02,1.89,1.93,0.0,2.1,1.8,2.16,1.78,2.17,1.85,2.09,1.79,1,1,0,0,0,0.4273504273504274,0.2824858757062147,0.3236245954692557,0.03346089852589795,0.4135138813282525,0.2733396842678279,0.31314643440391937,football-data.co.uk,2026-08-10T00:34:19.480312
E0,2024-04-27,20:00,Aston Villa,Chelsea,2,2,D,2,0,H,C Pawson,9,21,4,5,13,14,2,4,3,5,0,0,2.15,3.8,3.0,2.15,3.8,2.95,,,,2.14,4.04,3.13,2.2,3.9,2.9,2.1,3.75,3.0,2.25,4.1,3.21,2.17,3.9,3.06,1.44,2.75,1.47,2.81,1.47,2.88,1.44,2.77,-0.25,1.9,2.0,1.9,2.01,1.97,2.03,1.9,1.95,2.05,3.8,3.4,2.05,3.8,3.2,,,,2.05,4.08,3.43,2.1,4.2,3.1,2.0,4.0,3.3,2.14,4.2,3.43,2.06,3.98,3.28,1.44,2.75,1.46,2.84,1.47,3.12,1.43,2.86,-0.5,2.05,1.85,2.06,1.88,2.09,1.89,2.06,1.83,4,0,1,1,1,0.4672897196261682,0.24752475247524752,0.3194888178913738,0.03430328999278953,0.4517917753403123,0.23931544535353175,0.308892779306156,football-data.co.uk,2026-08-10T00:34:19.480312
E0,2024-04-28,14:00,Bournemouth,Brighton,3,0,H,1,0,H,P Tierney,15,13,6,1,14,10,8,2,2,2,0,0,2.25,3.8,2.9,2.3,3.75,2.8,,,,2.27,3.85,2.99,2.2,3.9,2.88,2.2,3.7,2.88,2.32,4.01,3.05,2.26,3.8,2.94,1.44,2.75,1.5,2.7,1.5,2.79,1.47,2.68,-0.25,1.99,1.91,2.0,1.91,2.01,1.96,1.96,1.89,1.91,4.2,3.5,1.93,4.0,3.4,,,,1.96,4.17,3.57,2.0,3.9,3.3,1.93,4.0,3.6,2.04,4.27,3.66,1.96,4.07,3.49,1.4,3.0,1.42,3.02,1.42,3.12,1.4,2.99,-0.5,1.95,1.95,1.98,1.95,2.01,2.0,1.96,1.92,3,3,1,0,0,0.44052863436123346,0.2597402597402597,0.33444816053511706,0.034717054636610234,0.4257479205423418,0.2510253973067833,0.32322668215087486,football-data.co.uk,2026-08-10T00:34:19.480312
E0,2024-04-28,14:00,Tottenham,Arsenal,2,3,A,0,3,A,M Oliver,14,9,2,3,12,16,8,6,2,1,0,0,4.2,4.2,1.75,4.2,4.1,1.73,,,,4.19,4.07,1.81,3.9,4.0,1.8,4.1,4.0,1.73,4.3,4.27,1.86,4.12,4.07,1.8,1.5,2.63,1.51,2.65,1.52,2.72,1.48,2.63,0.75,1.89,2.01,1.87,2.04,1.94,2.05,1.86,1.98,4.33,4.0,1.73,4.33,4.1,1.71,,,,4.35,4.21,1.78,4.2,4.2,1.75,4.6,4.1,1.7,4.63,4.33,1.81,4.42,4.17,1.74,1.53,2.5,1.53,2.63,1.55,2.69,1.52,2.58,0.75,1.92,2.01,1.93,1.99,2.01,2.01,1.93,1.93,5,-1,1,1,1,0.2386634844868735,0.24570024570024568,0.5524861878453039,0.0368499180324231,0.23018132165142371,0.23696799452566716,0.5328506838229091,football-data.co.uk,2026-08-10T00:34:19.480312
E0,2024-04-28,16:30,Nott'm Forest,Man City,0,2,A,0,1,A,S Hooper,14,11,2,5,8,6,4,5,0,0,0,0,8.0,6.0,1.3,9.0,5.75,1.31,,,,10.15,5.89,1.3,9.5,5.5,1.29,9.5,5.25,1.29,11.0,6.0,1.38,9.5,5.72,1.31,1.53,2.5,1.56,2.53,1.57,2.57,1.53,2.5,1.5,1.99,1.91,1.99,1.91,2.04,2.06,1.96,1.9,12.0,6.0,1.25,9.0,5.75,1.3,,,,11.0,6.2,1.29,10.0,5.8,1.3,10.5,5.75,1.29,12.9,6.3,1.31,10.37,5.96,1.28,1.5,2.63,1.53,2.6,1.58,2.72,1.53,2.55,1.5,2.03,1.9,2.04,1.9,2.06,1.93,2.01,1.87,2,-2,0,0,0,0.09852216748768472,0.16977928692699493,0.7692307692307692,0.03753222364544895,0.09495817598948353,0.16363760378493344,0.7414042202255829,football-data.co.uk,2026-08-10T00:34:19.480312
E0,2024-05-02,19:30,Chelsea,Tottenham,2,0,H,1,0,H,R Jones,16,19,5,3,12,16,4,9,0,1,0,0,2.15,3.8,3.0,2.2,4.0,2.8,,,,2.22,4.15,2.92,2.15,4.0,2.9,2.15,4.0,2.8,2.25,4.36,3.05,2.2,4.05,2.91,1.3,3.5,1.35,3.15,1.33,3.67,1.31,3.44,-0.25,1.95,1.95,1.97,1.93,1.97,1.98,1.93,1.92,2.4,4.0,2.6,2.45,3.9,2.55,,,,2.46,4.04,2.68,2.45,4.0,2.5,2.4,4.0,2.6,2.55,4.1,2.76,2.46,4.0,2.6,1.33,3.4,1.35,3.38,1.35,3.7,1.32,3.45,0.0,1.87,2.03,1.88,2.05,1.91,2.06,1.87,1.99,2,2,0,0,0,0.4504504504504504,0.24096385542168672,0.3424657534246575,0.03388005929679472,0.4356892720774878,0.23306751421976454,0.33124321370274756,football-data.co.uk,2026-08-10T00:34:19.480312
E0,2024-05-03,20:00,Luton,Everton,1,1,D,1,1,D,T Robinson,18,10,5,3,14,12,8,7,1,3,0,0,2.6,3.6,2.55,2.6,3.5,2.6,,,,2.71,3.52,2.63,2.6,3.7,2.62,2.63,3.5,2.6,2.74,3.75,2.7,2.66,3.58,2.62,1.73,2.1,1.78,2.13,1.79,2.2,1.74,2.12,0.0,1.99,1.94,1.98,1.92,2.01,1.96,1.95,1.91,2.7,3.6,2.45,2.75,3.5,2.45,,,,2.78,3.7,2.52,2.62,3.75,2.45,2.75,3.6,2.45,2.86,3.83,2.55,2.77,3.62,2.48,1.73,2.1,1.72,2.22,1.76,2.31,1.69,2.19,0.0,2.07,1.86,2.07,1.87,2.08,1.87,2.04,1.83,2,0,0,0,1,0.36900369003690037,0.2840909090909091,0.3802281368821293,0.03332273600993885,0.3571040074679545,0.27492950574947633,0.3679664867825691,football-data.co.uk,2026-08-10T00:34:19.480312
E0,2024-05-04,12:30,Arsenal,Bournemouth,3,0,H,1,0,H,D Coote,25,7,9,2,16,12,6,1,2,3,0,0,1.22,7.5,11.0,1.2,7.25,12.5,,,,1.2,7.76,12.56,1.18,7.5,12.0,1.17,7.0,13.0,1.23,8.2,14.0,1.2,7.59,12.74,1.33,3.4,1.35,3.28,1.38,3.4,1.34,3.23,-2.0,1.95,1.98,1.94,1.94,1.96,1.98,1.93,1.92,1.2,7.0,13.0,1.24,7.0,9.75,,,,1.21,7.25,14.0,1.22,7.0,12.0,1.22,7.0,12.0,1.25,7.5,15.0,1.22,7.12,12.18,1.33,3.4,1.33,3.4,1.35,3.5,1.33,3.28,-1.75,1.85,2.08,1.85,2.08,1.86,2.16,1.8,2.07,3,3,1,0,0,0.8333333333333334,0.1288659793814433,0.07961783439490445,0.041817147109681096,0.7998844477125899,0.12369347129576135,0.07642208099164871,football-data.co.uk,2026-08-10T00:34:19.480312
E0,2024-05-04,15:00,Brentford,Fulham,0,0,D,0,0,D,G Scott,7,15,3,3,3,6,7,6,1,1,0,0,2.1,3.8,3.2,2.1,3.7,3.2,,,,2.13,3.85,3.27,2.05,3.8,3.2,2.05,3.6,3.2,2.17,3.95,3.34,2.12,3.8,3.25,1.57,2.38,1.61,2.42,1.65,2.45,1.59,2.38,-0.25,1.86,2.07,1.88,2.03,1.9,2.07,1.84,2.02,2.05,3.8,3.25,2.05,3.75,3.25,,,,2.09,3.8,3.49,2.05,3.9,3.3,2.05,3.75,3.4,2.13,3.97,3.52,2.07,3.82,3.36,1.62,2.3,1.65,2.35,1.66,2.55,1.59,2.39,-0.25,1.84,2.09,1.83,2.11,1.85,2.12,1.81,2.06,0,0,0,0,0,0.4694835680751174,0.2597402597402597,0.3058103975535168,0.03503422536889378,0.4535923127641407,0.25094847433444667,0.29545921290141275,football-data.co.uk,2026-08-10T00:34:19.480312
E0,2024-05-04,15:00,Burnley,Newcastle,1,4,A,0,3,A,A Taylor,17,23,5,11,8,8,4,11,2,2,0,0,3.4,4.0,1.95,3.3,3.9,2.0,,,,3.37,4.05,2.04,3.4,4.0,1.95,3.3,3.8,1.95,3.5,4.16,2.07,3.38,3.98,2.02,1.5,2.63,1.5,2.7,1.51,2.75,1.48,2.64,0.25,2.08,1.73,2.12,1.79,2.13,1.8,2.1,1.76,3.4,4.0,1.95,3.25,4.0,1.98,,,,3.37,4.21,2.02,3.2,3.9,2.05,3.4,4.0,2.0,3.65,4.21,2.07,3.35,4.08,2.01,1.44,2.75,1.45,2.89,1.45,3.02,1.43,2.86,0.5,1.92,2.01,1.9,2.04,1.94,2.05,1.87,2.01,5,-3,1,1,1,0.29673590504451036,0.2469135802469136,0.49019607843137253,0.03384556372279657,0.28702150055757625,0.23883023626642766,0.474148263175996,football-data.co.uk,2026-08-10T00:34:19.480312
E0,2024-05-04,15:00,Sheffield United,Nott'm Forest,1,3,A,1,1,D,C Kavanagh,17,15,5,4,9,7,5,3,0,1,1,0,4.75,4.2,1.65,4.75,4.2,1.65,,,,4.57,4.31,1.71,4.6,4.2,1.65,4.75,4.0,1.62,5.1,4.4,1.74,4.68,4.25,1.69,1.57,2.38,1.59,2.46,1.63,2.5,1.57,2.43,0.75,2.04,1.89,2.0,1.91,2.04,1.91,1.99,1.85,4.75,4.2,1.67,4.5,4.1,1.7,,,,5.08,4.27,1.67,4.6,4.2,1.67,5.0,4.1,1.65,5.08,4.4,1.73,4.83,4.2,1.68,1.57,2.38,1.61,2.42,1.61,2.5,1.57,2.42,0.75,2.08,1.85,2.09,1.85,2.1,1.85,2.04,1.83,4,-2,1,1,1,0.2188183807439825,0.2320185614849188,0.5847953216374269,0.03563226386632823,0.21128965210785086,0.22403566360391614,0.564674684288233,football-data.co.uk,2026-08-10T00:34:19.480312
E0,2024-05-04,17:30,Man City,Wolves,5,1,H,3,0,H,C Pawson,20,2,12,1,4,17,6,0,0,4,0,0,1.08,12.0,21.0,1.11,11.0,23.0,,,,1.09,13.16,25.65,1.07,11.0,26.0,1.07,10.0,23.0,1.12,14.0,32.0,1.09,11.51,25.33,1.3,3.5,1.31,3.53,1.32,3.73,1.3,3.52,-2.5,1.88,2.05,1.86,2.03,1.9,2.06,1.86,2.0,1.08,13.0,19.0,1.11,11.0,19.0,,,,1.1,13.5,24.0,1.1,11.0,21.0,1.08,11.5,26.0,1.12,14.7,29.0,1.1,12.16,23.44,1.25,4.0,1.31,3.57,1.28,4.1,1.26,3.92,-2.5,1.88,2.05,1.89,2.03,1.92,2.07,1.86,2.02,6,4,1,1,1,0.9174311926605504,0.07598784194528875,0.038986354775828465,0.03240538938166759,0.8886346410977397,0.07360271723377936,0.03776264166848095,football-data.co.uk,2026-08-10T00:34:19.480312
E0,2024-05-05,14:00,Brighton,Aston Villa,1,0,H,0,0,D,R Jones,15,2,8,1,13,10,7,3,2,1,0,0,2.75,3.75,2.45,2.7,3.8,2.35,,,,2.75,3.76,2.48,2.62,3.9,2.38,2.63,3.7,2.38,2.78,4.03,2.51,2.72,3.77,2.43,1.5,2.63,1.52,2.63,1.52,2.72,1.48,2.63,0.0,2.08,1.85,2.06,1.85,2.08,1.87,2.04,1.82,2.3,3.6,2.8,2.37,3.8,2.65,,,,2.41,3.85,2.84,2.5,3.75,2.6,2.4,3.8,2.7,2.63,3.95,2.84,2.45,3.81,2.7,1.44,2.75,1.47,2.83,1.47,2.95,1.43,2.84,0.0,1.73,2.08,1.8,2.13,1.89,2.13,1.82,2.02,1,1,0,0,0,0.36363636363636365,0.26595744680851063,0.40322580645161293,0.03281961689648716,0.3520811937413158,0.2575061922310155,0.39041261402766875,football-data.co.uk,2026-08-10T00:34:19.480312
E0,2024-05-05,14:00,Chelsea,West Ham,5,0,H,3,0,H,A Madley,25,13,14,2,12,10,8,6,1,3,0,0,1.65,4.5,4.5,1.62,4.6,4.6,,,,1.66,4.62,4.59,1.65,4.5,4.4,1.6,4.33,4.6,1.7,4.75,5.0,1.65,4.55,4.58,1.4,3.0,1.41,3.02,1.43,3.07,1.4,2.93,-1.0,2.09,1.84,2.09,1.83,2.09,1.84,2.05,1.81,1.5,5.0,5.5,1.51,4.8,5.25,,,,1.5,5.15,5.91,1.5,5.0,5.8,1.45,5.0,6.0,1.53,5.2,6.1,1.5,5.05,5.71,1.33,3.4,1.36,3.33,1.37,3.5,1.34,3.3,-1.25,2.03,1.9,2.0,1.93,2.05,1.93,1.99,1.87,5,5,1,1,0,0.6024096385542169,0.21645021645021645,0.2178649237472767,0.036724778751709986,0.581069972379324,0.2087827173484151,0.21014731027226097,football-data.co.uk,2026-08-10T00:34:19.480312
E0,2024-05-05,16:30,Liverpool,Tottenham,4,2,H,2,0,H,P Tierney,25,11,13,6,14,12,8,3,1,4,0,0,1.5,5.75,5.0,1.47,5.25,5.5,,,,1.48,5.3,5.73,1.5,5.0,5.5,1.44,5.0,5.5,1.54,5.75,6.0,1.48,5.26,5.61,1.25,4.0,,,1.29,4.0,1.26,3.82,-1.25,1.98,1.95,1.95,1.95,2.0,1.95,1.94,1.91,1.44,5.75,5.5,1.42,5.5,6.0,,,,1.42,5.9,6.4,1.44,5.5,5.8,1.44,5.75,5.75,1.48,5.9,6.9,1.43,5.69,6.13,1.25,4.0,,,1.29,4.33,1.25,3.97,-1.5,2.0,1.8,2.05,1.89,2.06,1.89,2.01,1.85,6,2,1,1,1,0.6756756756756757,0.18867924528301888,0.17452006980802792,0.038874990766722295,0.6503917041808908,0.18161881550711667,0.16798948031199273,football-data.co.uk,2026-08-10T00:34:19.480312
E0,2024-05-06,20:00,Crystal Palace,Man United,4,0,H,2,0,H,J Gillett ,18,7,10,2,12,8,6,3,1,1,0,0,2.38,3.75,2.8,2.4,3.7,2.7,,,,2.39,3.81,2.83,2.3,3.9,2.7,2.3,3.6,2.75,2.42,3.99,2.89,2.38,3.76,2.79,1.53,2.5,1.56,2.54,1.57,2.57,1.53,2.48,-0.25,2.1,1.83,2.1,1.82,2.19,1.87,2.07,1.79,1.95,3.8,3.6,1.98,3.8,3.4,,,,1.99,4.05,3.57,2.05,3.9,3.3,1.95,3.8,3.6,2.15,4.17,3.6,2.03,3.93,3.43,1.53,2.5,1.55,2.58,1.57,2.66,1.52,2.55,-0.5,2.02,1.91,2.01,1.93,2.05,1.93,2.01,1.87,4,4,1,1,0,0.41841004184100417,0.26246719160104987,0.35335689045936397,0.03423412390141811,0.404560275252421,0.2537792802764531,0.34166044447112587,football-data.co.uk,2026-08-10T00:34:19.480312
E0,2024-05-11,12:30,Fulham,Man City,0,4,A,0,1,A,A Taylor,1,16,1,9,9,6,1,7,1,0,1,0,13.0,7.0,1.2,11.0,7.0,1.23,,,,12.95,7.04,1.21,12.0,7.0,1.22,13.0,7.0,1.2,14.0,7.5,1.26,12.3,7.05,1.22,1.36,3.2,1.36,3.22,1.38,3.3,1.34,3.18,2.0,1.84,2.06,1.83,2.08,1.96,2.07,1.84,2.02,12.0,7.0,1.2,9.5,6.75,1.25,,,,10.9,7.4,1.24,10.0,7.0,1.25,11.5,7.0,1.22,14.52,7.6,1.27,11.13,7.21,1.23,1.33,3.4,1.33,3.43,1.35,3.54,1.33,3.39,2.0,1.75,2.05,1.76,2.17,1.92,2.17,1.81,2.07,4,-4,1,1,0,0.07722007722007722,0.14204545454545456,0.8264462809917356,0.04571181275726732,0.07384451077058043,0.1358361384203149,0.7903193508091046,football-data.co.uk,2026-08-10T00:34:19.480312
E0,2024-05-11,15:00,Bournemouth,Brentford,1,2,A,0,0,D,M Donohue,13,11,4,5,16,12,3,8,2,2,0,0,1.95,4.0,3.5,1.95,3.9,3.5,,,,1.96,4.07,3.57,1.95,4.0,3.4,1.93,3.8,3.4,2.02,4.21,3.7,1.98,3.99,3.5,1.44,2.75,1.48,2.76,1.49,2.82,1.46,2.71,-0.5,1.98,1.92,1.97,1.93,2.01,1.94,1.98,1.89,2.15,3.6,3.2,2.1,3.8,3.1,,,,2.16,3.88,3.25,2.1,3.9,3.1,2.1,3.9,3.13,2.16,4.1,3.4,2.11,3.9,3.22,1.5,2.63,1.5,2.72,1.5,3.02,1.44,2.82,-0.25,1.92,2.01,1.9,2.03,1.92,2.17,1.84,2.03,3,-1,1,0,1,0.5102040816326531,0.24570024570024568,0.2801120448179272,0.03601637215082576,0.4924671996963155,0.2371586514508055,0.27037414885287914,football-data.co.uk,2026-08-10T00:34:19.480312
E0,2024-05-11,15:00,Everton,Sheffield United,1,0,H,1,0,H,S Attwell,15,13,6,1,6,11,3,6,1,2,0,0,1.4,4.8,7.5,1.42,5.0,7.0,,,,1.4,5.3,7.47,1.4,5.0,7.0,1.36,4.8,7.5,1.44,5.5,8.0,1.4,5.13,7.46,1.53,2.5,1.55,2.57,1.57,2.57,1.54,2.48,-1.25,1.89,2.01,1.87,2.04,1.91,2.04,1.86,1.99,1.4,5.0,7.0,1.43,4.8,6.75,,,,1.44,5.07,7.03,1.44,5.0,7.0,1.4,5.0,7.5,1.47,5.38,7.69,1.43,5.05,7.08,1.53,2.5,1.54,2.59,1.55,2.63,1.52,2.55,-1.25,1.94,1.99,1.94,1.98,1.94,2.12,1.89,1.97,1,1,0,0,0,0.7142857142857143,0.18867924528301888,0.13386880856760375,0.036833768136336875,0.6889105430753972,0.18197636986897286,0.12911308705563,football-data.co.uk,2026-08-10T00:34:19.480312
E0,2024-05-11,15:00,Newcastle,Brighton,1,1,D,1,1,D,D England,18,15,7,4,9,16,8,4,3,4,0,0,1.57,4.75,4.75,1.58,4.75,4.75,,,,1.59,4.93,4.84,1.6,4.6,4.6,1.55,4.5,4.8,1.63,5.0,5.0,1.59,4.81,4.84,1.33,3.4,1.33,3.44,1.35,3.52,1.33,3.32,-1.0,1.92,1.98,1.93,1.97,1.96,2.01,1.92,1.94,1.57,4.75,5.0,1.58,4.6,4.8,,,,1.6,4.84,5.01,1.6,4.5,4.75,1.55,4.6,5.25,1.62,5.0,5.5,1.59,4.75,4.99,1.36,3.2,1.39,3.17,1.41,3.3,1.37,3.14,-1.0,1.94,1.99,1.96,1.96,1.97,2.0,1.92,1.95,2,0,0,0,1,0.6289308176100629,0.20283975659229211,0.2066115702479339,0.03838214445028898,0.6056833902349252,0.19534210760112194,0.1989745021639527,football-data.co.uk,2026-08-10T00:34:19.480312
E0,2024-05-11,15:00,Tottenham,Burnley,2,1,H,1,1,D,J Gillett,21,7,9,3,10,14,9,3,3,5,0,0,1.36,5.75,7.0,1.33,6.0,7.5,,,,1.35,6.16,7.27,1.33,5.8,7.5,1.3,5.75,7.5,1.39,6.3,7.9,1.35,6.01,7.33,1.25,4.0,1.32,3.36,1.26,4.3,1.24,4.05,-1.5,1.88,2.02,1.87,2.04,1.9,2.07,1.85,2.01,1.29,6.5,8.0,1.32,6.0,7.75,,,,1.31,6.53,8.32,1.33,5.5,7.5,1.29,6.5,8.5,1.37,6.71,9.0,1.32,6.25,8.08,1.22,4.33,1.32,3.36,1.25,4.5,1.22,4.29,-1.5,1.75,2.05,1.79,2.11,1.88,2.18,1.79,2.09,3,1,1,0,1,0.7407407407407407,0.16233766233766234,0.13755158184319122,0.04062998492159431,0.7118195242053796,0.15599940871384133,0.13218106708077892,football-data.co.uk,2026-08-10T00:34:19.480312
E0,2024-05-11,15:00,West Ham,Luton,3,1,H,0,1,A,M Oliver,24,4,8,1,9,15,7,6,1,3,0,0,1.8,4.2,3.8,1.8,4.1,3.9,,,,1.82,4.53,3.78,1.8,4.2,3.75,1.75,4.0,3.9,1.86,4.6,4.04,1.82,4.33,3.83,1.44,2.75,1.43,2.94,1.45,2.98,1.42,2.84,-0.75,2.03,1.87,2.03,1.88,2.04,1.91,2.0,1.86,1.85,4.0,3.8,1.85,4.1,3.7,,,,1.88,4.27,3.77,1.85,4.2,3.6,1.85,4.1,3.75,1.9,4.5,4.02,1.86,4.23,3.76,1.4,3.0,1.41,3.04,1.43,3.17,1.39,3.02,-0.5,1.9,2.03,1.89,2.03,1.92,2.11,1.86,2.02,4,2,1,1,1,0.5494505494505494,0.22075055187637968,0.2645502645502646,0.03475136587719363,0.5309976556394894,0.21333680646001563,0.25566553790049495,football-data.co.uk,2026-08-10T00:34:19.480312
E0,2024-05-11,15:00,Wolves,Crystal Palace,1,3,A,0,2,A,T Bramall,13,13,7,3,13,12,8,3,3,2,0,1,2.88,3.5,2.38,2.75,3.5,2.45,,,,2.9,3.49,2.49,2.8,3.5,2.38,2.75,3.4,2.4,3.0,3.6,2.54,2.86,3.51,2.47,1.8,2.0,1.83,2.06,1.86,2.1,1.79,2.04,0.0,2.08,1.73,2.12,1.81,2.13,1.85,2.08,1.77,3.2,3.5,2.2,3.1,3.5,2.2,,,,3.31,3.63,2.22,3.1,3.4,2.25,3.25,3.5,2.2,3.37,3.63,2.46,3.2,3.55,2.24,1.8,2.0,1.83,2.07,1.88,2.09,1.81,2.03,0.25,1.95,1.98,1.99,1.93,1.99,2.13,1.93,1.94,4,-2,1,1,1,0.3448275862068966,0.28653295128939826,0.4016064257028112,0.03296696319910608,0.33382247302369,0.2773883013663899,0.38878922560992,football-data.co.uk,2026-08-10T00:34:19.480312
E0,2024-05-11,17:30,Nott'm Forest,Chelsea,2,3,A,1,1,D,T Harrington,20,12,4,5,14,8,5,6,2,3,0,0,3.4,3.8,2.0,3.3,3.9,2.0,,,,3.44,3.93,2.04,3.3,3.9,2.05,3.25,3.75,2.0,3.6,4.21,2.08,3.39,3.94,2.03,1.5,2.63,1.51,2.67,1.51,2.75,1.48,2.64,0.5,1.87,2.03,1.86,2.05,1.87,2.08,1.84,2.02,4.0,4.0,1.85,4.1,3.9,1.8,,,,4.04,3.98,1.88,4.0,4.2,1.83,4.5,3.9,1.75,4.5,4.2,2.06,4.11,3.99,1.84,1.62,2.3,1.65,2.35,1.65,2.54,1.58,2.4,0.5,2.05,1.88,2.04,1.9,2.14,2.08,2.02,1.86,5,-1,1,1,1,0.29069767441860467,0.2544529262086514,0.49019607843137253,0.03534667905862854,0.2807732716957344,0.2457659172094978,0.47346081109476784,football-data.co.uk,2026-08-10T00:34:19.480312
E0,2024-05-12,16:30,Man United,Arsenal,0,1,A,0,1,A,P Tierney,14,11,2,5,5,6,4,7,0,2,0,0,7.0,5.5,1.36,6.75,5.25,1.4,,,,7.2,5.68,1.38,7.0,5.5,1.36,7.5,5.25,1.33,7.5,5.8,1.43,7.08,5.5,1.39,1.36,3.2,1.37,3.21,1.4,3.22,1.37,3.09,1.5,1.91,1.99,1.92,1.99,1.92,2.03,1.87,1.99,9.5,6.0,1.29,9.75,6.25,1.27,,,,9.75,7.05,1.26,8.5,5.8,1.3,8.5,6.5,1.29,9.81,7.05,1.36,9.06,6.14,1.3,1.4,3.0,1.4,3.03,1.4,3.4,1.37,3.06,1.75,1.92,1.92,1.99,1.93,1.99,2.04,1.89,1.95,1,-1,0,0,0,0.1388888888888889,0.17605633802816903,0.7246376811594204,0.03958290807647824,0.13360058905342387,0.16935285936349506,0.6970465515830812,football-data.co.uk,2026-08-10T00:34:19.480312
E0,2024-05-13,20:00,Aston Villa,Liverpool,3,3,D,1,2,A,S Hooper,19,14,5,7,11,15,5,4,1,1,0,0,4.2,4.33,1.7,4.0,4.5,1.71,,,,4.16,4.7,1.71,4.0,4.5,1.7,4.1,4.33,1.67,4.4,4.75,1.77,4.15,4.55,1.71,1.33,3.4,1.37,3.26,1.37,3.4,1.33,3.28,0.75,1.99,1.91,2.01,1.9,2.01,1.91,1.97,1.87,3.7,4.75,1.75,3.75,4.4,1.78,,,,3.9,4.58,1.8,3.75,4.33,1.8,3.75,4.33,1.75,3.95,4.85,1.83,3.83,4.53,1.79,1.36,3.2,1.39,3.16,1.39,3.3,1.36,3.2,0.75,1.92,2.01,1.92,2.02,1.92,2.03,1.89,1.98,6,0,1,1,1,0.24038461538461536,0.2127659574468085,0.5847953216374269,0.03794589446885066,0.2315964798026661,0.20498752254874278,0.5634159976485912,football-data.co.uk,2026-08-10T00:34:19.480312
E0,2024-05-14,20:00,Tottenham,Man City,0,2,A,0,0,D,C Kavanagh,10,8,5,5,14,11,7,4,3,3,0,0,6.5,6.0,1.36,6.75,5.75,1.38,,,,7.15,6.3,1.36,7.0,5.5,1.4,7.5,5.5,1.36,7.5,6.5,1.41,6.94,5.91,1.38,1.25,4.0,,,1.3,4.0,1.27,3.79,1.5,1.95,1.98,1.98,1.94,1.98,2.03,1.93,1.94,6.5,6.0,1.36,6.0,5.5,1.41,,,,6.6,6.35,1.38,6.5,5.5,1.36,7.0,5.5,1.36,7.5,6.6,1.42,6.73,6.02,1.38,1.29,3.75,,,1.32,4.1,1.29,3.68,1.5,1.87,2.06,1.88,2.05,1.94,2.07,1.89,1.98,2,-2,0,0,0,0.13986013986013984,0.15873015873015872,0.7352941176470588,0.03388441623735727,0.13527637873596793,0.153527953644789,0.7111956676192431,football-data.co.uk,2026-08-10T00:34:19.480312
E0,2024-05-15,19:45,Brighton,Chelsea,1,2,A,0,1,A,M Salisbury,12,13,2,6,13,14,4,6,2,2,0,1,3.3,4.0,1.95,3.1,3.9,2.05,,,,3.42,3.97,2.04,3.3,4.2,1.95,3.25,3.9,1.95,3.52,4.21,2.05,3.37,3.99,2.02,1.4,3.0,1.42,2.97,1.42,3.12,1.4,2.98,0.5,1.89,2.01,1.86,2.05,1.9,2.05,1.86,2.01,3.2,4.0,2.0,3.2,4.0,2.0,,,,3.2,4.22,2.09,3.25,4.2,2.05,3.2,4.0,2.05,3.44,4.24,2.1,3.25,4.08,2.06,1.36,3.2,1.38,3.2,1.38,3.39,1.36,3.2,0.5,1.86,2.07,1.83,2.09,1.86,2.11,1.82,2.06,3,-1,1,0,1,0.29239766081871343,0.2518891687657431,0.49019607843137253,0.034482908015829095,0.2826510313056224,0.24349282797612815,0.4738561407182494,football-data.co.uk,2026-08-10T00:34:19.480312
E0,2024-05-15,20:00,Man United,Newcastle,3,2,H,1,0,H,R Jones,17,21,8,8,16,7,9,9,3,3,0,0,2.75,4.0,2.3,2.65,4.0,2.3,,,,2.75,4.07,2.36,2.6,4.2,2.3,2.63,3.9,2.3,2.85,4.26,2.4,2.73,4.04,2.34,1.33,3.4,1.36,3.31,1.36,3.52,1.33,3.33,0.25,1.83,2.07,1.83,2.09,1.83,2.11,1.81,2.05,2.7,3.9,2.35,2.65,3.9,2.37,,,,2.73,3.9,2.47,2.62,3.8,2.4,2.63,4.0,2.38,2.86,4.2,2.47,2.7,3.95,2.4,1.36,3.2,1.39,3.13,1.4,3.3,1.37,3.12,0.0,2.1,1.83,2.07,1.87,2.13,1.89,2.06,1.83,5,1,1,1,1,0.36363636363636365,0.24570024570024568,0.42372881355932207,0.033065422895931285,0.35199742008304113,0.23783609465070343,0.41016648526625554,football-data.co.uk,2026-08-10T00:34:19.480312
E0,2024-05-19,16:00,Arsenal,Everton,2,1,H,1,1,D,M Oliver,26,5,5,2,8,11,8,1,4,3,0,0,1.18,8.0,12.0,1.18,7.75,14.5,,,,1.17,8.37,15.6,1.15,8.0,15.0,1.14,7.5,15.0,1.19,8.9,17.0,1.17,8.04,15.37,1.36,3.2,1.38,3.13,1.41,3.2,1.38,3.04,-2.0,1.83,2.07,1.8,2.08,1.88,2.09,1.82,2.05,1.22,7.5,10.0,1.22,7.0,11.5,,,,1.22,7.16,13.07,1.22,7.0,11.0,1.2,7.0,13.0,1.24,8.0,15.0,1.22,7.25,12.71,1.36,3.2,1.39,3.1,1.41,3.2,1.38,3.09,-2.0,2.04,1.89,2.02,1.89,2.05,1.91,1.98,1.89,3,1,1,0,1,0.8547008547008548,0.11947431302270013,0.06410256410256411,0.038277731826119155,0.8231909714538613,0.1150697056870989,0.0617393228590396,football-data.co.uk,2026-08-10T00:34:19.480312
E0,2024-05-19,16:00,Brentford,Newcastle,2,4,A,0,3,A,S Hooper,10,12,5,7,15,11,3,0,4,4,0,0,2.9,3.9,2.2,2.9,3.9,2.15,,,,2.97,4.0,2.21,2.88,4.0,2.15,2.88,3.8,2.15,3.04,4.2,2.28,2.94,3.96,2.22,1.36,3.2,1.38,3.09,1.41,3.22,1.38,3.04,0.25,1.95,1.95,1.93,1.95,1.95,1.98,1.9,1.93,2.9,3.9,2.15,2.87,4.0,2.2,,,,2.99,4.05,2.24,2.9,4.0,2.2,2.9,4.0,2.2,3.2,4.11,2.25,2.94,4.01,2.2,1.36,3.2,1.4,3.13,1.4,3.5,1.34,3.24,0.25,1.93,2.0,1.94,1.98,1.97,2.02,1.92,1.94,6,-2,1,1,1,0.33670033670033667,0.25,0.45248868778280543,0.0391890244831421,0.3240029761359346,0.24057220978093147,0.4354248140831339,football-data.co.uk,2026-08-10T00:34:19.480312
E0,2024-05-19,16:00,Brighton,Man United,0,2,A,0,0,D,C Pawson,17,11,3,4,10,9,7,5,1,3,0,0,2.15,4.0,2.9,2.15,4.0,2.87,,,,2.18,4.09,2.98,2.15,4.2,2.8,2.1,4.0,2.88,2.24,4.37,3.0,2.17,4.11,2.95,1.33,3.4,1.34,3.33,1.35,3.52,1.32,3.38,-0.25,1.95,1.95,1.93,1.95,1.96,2.0,1.91,1.94,2.6,4.0,2.38,2.55,3.9,2.45,,,,2.66,4.03,2.48,2.3,4.0,2.38,2.63,4.0,2.38,2.76,4.2,2.55,2.62,4.02,2.44,1.3,3.5,1.35,3.38,1.35,3.6,1.31,3.46,0.0,2.06,1.87,2.04,1.89,2.12,1.89,2.04,1.84,2,-2,0,0,0,0.4587155963302752,0.24449877750611249,0.33557046979865773,0.03878484363504531,0.4415886496043593,0.2353699892756732,0.32304136111996756,football-data.co.uk,2026-08-10T00:34:19.480312
E0,2024-05-19,16:00,Burnley,Nott'm Forest,1,2,A,0,2,A,G Scott,20,12,3,6,11,5,4,3,1,0,0,0,3.0,3.5,2.3,2.75,3.7,2.35,,,,2.92,3.76,2.32,2.88,3.7,2.25,2.8,3.7,2.25,3.0,3.9,2.37,2.9,3.74,2.32,1.53,2.5,1.53,2.57,1.54,2.66,1.51,2.55,0.25,1.86,2.04,1.85,2.04,1.87,2.08,1.84,2.01,2.8,3.8,2.3,2.85,3.7,2.3,,,,2.85,3.9,2.35,2.88,3.7,2.3,2.88,3.75,2.3,3.15,3.9,2.39,2.9,3.79,2.32,1.53,2.5,1.55,2.59,1.6,2.6,1.54,2.5,0.25,1.85,2.08,1.85,2.08,1.9,2.09,1.85,2.02,3,-1,1,0,1,0.3424657534246575,0.26595744680851063,0.4310344827586207,0.03945768299178898,0.32946579647087254,0.255861735557167,0.41467246797196033,football-data.co.uk,2026-08-10T00:34:19.480312
E0,2024-05-19,16:00,Chelsea,Bournemouth,2,1,H,1,0,H,A Taylor,16,22,6,5,5,9,6,5,2,3,0,0,1.45,5.0,6.0,1.46,5.25,5.75,,,,1.45,5.4,5.93,1.44,5.0,5.8,1.4,5.25,6.0,1.49,5.75,6.5,1.45,5.32,5.99,1.29,3.75,,,1.3,3.92,1.27,3.71,-1.25,1.91,1.99,1.9,1.99,1.93,2.02,1.88,1.97,1.38,5.25,7.0,1.38,5.5,6.75,,,,1.4,5.59,7.23,1.44,5.5,7.0,1.36,5.5,7.5,1.44,5.9,7.52,1.4,5.56,6.88,1.3,3.5,1.33,3.48,1.33,3.92,1.3,3.54,-1.5,2.01,1.92,2.02,1.91,2.02,1.96,1.98,1.89,3,1,1,0,1,0.6896551724137931,0.18518518518518517,0.16863406408094436,0.04347442167992255,0.6609219719094748,0.17746978875347005,0.16160823933705537,football-data.co.uk,2026-08-10T00:34:19.480312
E0,2024-05-19,16:00,Crystal Palace,Aston Villa,5,0,H,2,0,H,D Bond,15,8,9,2,10,8,2,4,1,4,0,0,1.85,4.33,3.6,1.88,4.1,3.5,,,,1.83,4.37,3.74,1.85,4.2,3.5,1.8,4.0,3.7,1.93,4.5,3.84,1.87,4.28,3.67,1.4,3.0,1.39,3.05,1.42,3.12,1.39,2.96,-0.5,1.87,2.03,1.84,2.06,1.9,2.06,1.85,2.02,1.57,4.5,4.75,1.61,4.33,4.8,,,,1.63,4.64,4.99,1.73,4.4,4.75,1.6,4.4,5.0,1.75,4.67,5.0,1.66,4.49,4.68,1.44,2.75,1.49,2.74,1.5,2.9,1.45,2.78,-0.75,1.73,2.08,1.78,2.16,1.93,2.21,1.81,2.05,5,5,1,1,0,0.5464480874316939,0.22883295194508008,0.267379679144385,0.042660718521158936,0.5240900301746668,0.21947019570243484,0.2564397741228984,football-data.co.uk,2026-08-10T00:34:19.480312
E0,2024-05-19,16:00,Liverpool,Wolves,2,0,H,2,0,H,C Kavanagh,36,4,14,3,14,11,10,2,1,1,0,1,1.17,8.0,15.0,1.17,8.25,14.0,,,,1.16,9.27,13.56,1.14,8.5,15.0,1.13,8.0,15.0,1.18,10.0,17.0,1.16,8.71,14.55,1.22,4.33,,,1.24,4.55,1.22,4.23,-2.25,1.91,1.99,1.87,2.0,1.95,2.05,1.88,1.97,1.13,9.5,17.0,1.14,9.5,15.5,,,,1.13,10.69,16.27,1.14,10.0,19.0,1.11,10.5,19.0,1.15,10.73,19.0,1.13,10.0,17.17,1.17,5.0,,,1.19,5.6,1.15,5.17,-2.75,2.07,1.86,2.04,1.85,2.1,1.89,2.04,1.82,2,2,0,0,0,0.8620689655172414,0.10787486515641856,0.07374631268436578,0.04369014335802568,0.8259817063554645,0.10335909162592652,0.07065920201860905,football-data.co.uk,2026-08-10T00:34:19.480312
E0,2024-05-19,16:00,Luton,Fulham,2,4,A,1,2,A,M Donohue,15,15,6,7,15,20,4,4,5,4,0,0,2.9,3.9,2.2,2.87,3.9,2.2,,,,2.93,3.92,2.26,2.8,4.0,2.2,2.88,3.75,2.2,3.0,4.35,2.3,2.92,3.95,2.23,1.44,2.75,1.46,2.77,1.48,2.86,1.44,2.76,0.25,1.91,1.99,1.89,1.99,1.93,2.0,1.89,1.95,3.0,3.9,2.15,2.95,3.8,2.2,,,,3.11,3.99,2.19,3.0,4.0,2.15,3.1,3.8,2.15,3.17,4.0,2.24,3.05,3.93,2.18,1.44,2.75,1.5,2.71,1.5,2.79,1.48,2.69,0.25,2.0,1.93,1.99,1.93,2.02,1.94,1.96,1.91,6,-2,1,1,1,0.341296928327645,0.25510204081632654,0.4424778761061947,0.038876845250166214,0.3285249160072089,0.24555561324008218,0.425919470752709,football-data.co.uk,2026-08-10T00:34:19.480312
E0,2024-05-19,16:00,Man City,West Ham,3,1,H,2,1,H,J Brooks,28,3,12,2,3,12,11,2,0,1,0,0,1.08,12.0,21.0,1.11,11.5,19.5,,,,1.09,13.11,20.39,1.07,12.0,21.0,1.07,10.5,22.0,1.11,14.0,25.0,1.1,11.72,21.81,1.2,4.5,,,1.22,4.85,1.2,4.45,-2.75,1.97,1.93,1.94,1.93,2.07,1.96,1.96,1.9,1.07,15.0,19.0,1.07,14.0,29.0,,,,1.07,15.01,27.84,1.08,15.0,23.0,1.06,15.0,26.0,1.09,17.0,39.0,1.07,14.3,28.36,1.2,4.5,,,1.22,5.2,1.18,4.82,-3.0,2.03,1.9,1.99,1.9,2.05,1.99,1.96,1.91,4,2,1,1,1,0.9174311926605504,0.07627765064836003,0.04904364884747425,0.04275249215638466,0.8798168305149067,0.07315029330749416,0.04703287617759923,football-data.co.uk,2026-08-10T00:34:19.480312
E0,2024-05-19,16:00,Sheffield United,Tottenham,0,3,A,0,1,A,A Madley,6,18,1,9,11,9,2,6,2,0,0,0,7.0,6.0,1.33,7.25,6.0,1.33,,,,7.16,6.0,1.35,7.5,6.0,1.3,7.5,5.75,1.3,7.9,6.34,1.39,7.32,6.04,1.35,1.22,4.33,,,1.26,4.4,1.22,4.14,1.5,2.02,1.88,2.02,1.87,2.07,1.9,2.0,1.85,7.5,5.75,1.33,7.5,5.75,1.34,,,,7.99,6.11,1.35,8.5,5.8,1.33,9.0,6.0,1.3,9.0,6.4,1.38,7.72,5.98,1.35,1.29,3.75,,,1.3,4.0,1.27,3.81,1.5,2.06,1.87,2.05,1.88,2.08,1.89,2.01,1.86,3,-3,1,0,0,0.13966480446927373,0.16666666666666666,0.7407407407407407,0.04707221187668109,0.133386029048513,0.15917399466455884,0.7074399762869281,football-data.co.uk,2026-08-10T00:34:19.480312
